Date,Curve,Povanance,Room,Replicate,Unit,Obs,HHMMSS,FTime,EBal?,Photo,Cond,Ci,Trmmol,VpdL,CTleaf,Area,BLC_1,StmRat,BLCond,Tair,Tleaf,TBlk,CO2R,CO2S,H2OR,H2OS,RH_R,RH_S,Flow,PARi,PARo,Press,CsMch,HsMch,StableF,BLCslope,BLCoffst,f_parin,f_parout,alphaK,Status,fda,Trans,Tair_K,Twall_K,R(W/m2),Tl-Ta,SVTleaf,h2o_i,h20diff,CTair,SVTair,CndTotal,vp_kPa,VpdA,CndCO2,Ci_Pa,Ci/Ca,RHsfc,C2Sfc,AHs/Cs
22/02/2016,63,B,6,2,UWS4,Remark=,"""12:06:35 B-R6-02""
",,,,,,,,,,,,,,,,,,,,,,,,,,,,,,,,,,,,,,,,,,,,,,,,,,,,,,
22/02/2016,63,B,6,2,UWS4,Remark=,"""12:19:16 Launched AutoProg /User/Configs/AutoProgs/A-CiCurve""
",,,,,,,,,,,,,,,,,,,,,,,,,,,,,,,,,,,,,,,,,,,,,,,,,,,,,,
22/02/2016,63,B,6,2,UWS4,1,12:24:01,2399,0,16.73668251,0.764551353,309.693552,8.458555726,1.376937427,31.55063438,6,1.420000017,1,2.840000033,30.26007843,31.55063438,28.84290123,399.7088928,360.0871277,15.73214912,32.12921906,37.11623764,75.80119324,299.5701904,1500.931396,240.1335144,102.026474,8.257027626,0.416315794,1,-0.219565243,2.737391472,1,0,0.159999996,111115,0.499283651,0.008458556,304.7006344,303.4100784,240.1490181,-0.039143022,4.65496836,45.62510275,13.4958837,30.90535641,4.487090486,0.602384496,3.278030933,1.209059554,0.388330672,31.59694113,0.860051716,75.75145425,352.1313104,0.036004411
22/02/2016,63,B,6,2,UWS4,2,12:26:21,2539,0,11.74781785,0.752246739,215.5863993,7.821665567,1.291442745,30.85360527,6,1.420000017,1,2.840000033,30.75543213,30.85360527,30.45504379,278.4622192,251.0020599,16.01676559,31.19314194,36.73033524,71.53344727,299.5846863,1501.36853,225.0587463,102.0229187,7.682183266,0.420820951,1,-0.219565243,2.737391472,1,0,0.159999996,111115,0.49930781,0.007821666,304.0036053,303.9054321,240.2189595,-0.028165635,4.473858129,43.85150108,12.65835914,30.8045187,4.461338505,0.594719934,3.182415384,1.278923122,0.383236315,21.99475369,0.858902908,76.28874918,245.41771,0.036518405
22/02/2016,63,B,6,2,UWS4,3,12:28:51,2689.5,0,4.561164784,0.677661534,112.6121113,6.825955369,1.228086476,29.73835373,6,1.420000017,1,2.840000033,30.31400681,29.73835373,30.45760727,138.8009796,127.9158173,15.82598305,29.10078049,37.21863937,68.43754578,299.54422,1501.172241,139.5453033,102.0162277,6.82489872,0.325596571,1,-0.219565243,2.737391472,1,0,0.159999996,111115,0.499240367,0.006825955,302.8883537,303.4640068,240.1875532,-0.014549215,4.196838325,41.13892877,12.03814828,30.02618027,4.266860722,0.547113115,2.968751849,1.298108873,0.35168483,11.48826279,0.880361113,75.51513967,125.747658,0.027391126
22/02/2016,63,B,6,2,UWS4,4,12:31:12,2830,0,1.317937637,0.702498193,70.89065281,6.697355573,1.171904208,29.12945175,6,1.420000017,1,2.840000033,30.11735344,29.12945175,30.48030853,79.54254913,75.88467407,15.19633484,28.23264503,36.14200592,67.14673615,299.545105,1499.637451,232.7293396,102.0128784,6.283082008,0.68104434,1,-0.219565243,2.737391472,1,0,0.159999996,111115,0.499241842,0.006697356,302.2794518,303.2673534,239.9419868,-0.011855407,4.051997593,39.72045153,11.4878065,29.6234026,4.169154191,0.563188677,2.880093385,1.289060806,0.362321428,7.231759546,0.93418933,75.99819136,75.25818964,0.013308967
22/02/2016,63,B,6,2,UWS4,5,12:33:33,2971,0,3.088091149,0.759112454,92.41794155,7.520241557,1.235047484,29.94290924,6,1.420000017,1,2.840000033,30.47681808,29.94290924,30.46497536,110.0396347,102.3129807,14.90467834,29.52313232,34.72217941,68.777565,299.5482483,1499.164307,234.5997467,102.0031052,6.623558998,0.339337111,1,-0.219565243,2.737391472,1,0,0.159999996,111115,0.49924708,0.007520242,303.0929092,303.6268181,239.8662837,-0.02296819,4.246498655,41.63107239,12.10794007,30.20986366,4.312077485,0.59900306,3.011451171,1.300626314,0.386082652,9.42691701,0.903286572,76.20377447,100.84505,0.023335226
22/02/2016,63,B,6,2,UWS4,6,12:35:54,3112.5,0,7.188436676,0.818969975,143.8508839,7.834671571,1.212118384,30.00865555,6,1.420000017,1,2.840000033,29.63128662,30.00865555,29.10403824,181.279953,164.3030853,14.68238926,29.90596771,35.90522385,73.1339035,299.5498657,1499.78479,286.9194641,102.0013809,7.236550331,0.399302244,0.666666687,-0.219565243,2.737391472,1,0,0.159999996,111115,0.499249776,0.007834672,303.1586555,302.7812866,239.965561,-0.02959305,4.262568389,41.7893204,11.88335269,29.81997108,4.216591697,0.635663794,3.050450004,1.166141692,0.410497583,14.67298881,0.875521501,77.10780129,160.8860468,0.034451996
22/02/2016,63,B,6,2,UWS4,7,12:38:28,3266,0,14.59187156,0.858104224,267.2467973,8.214636856,1.22491165,30.33407974,6,1.420000017,1,2.840000033,29.76992607,30.33407974,29.11410713,341.3058472,307.0293579,14.62042904,30.57001686,35.4671669,74.15869141,299.5757141,1498.54541,552.970459,101.9947052,7.86585331,0.408104658,1,-0.219565243,2.737391472,1,0,0.159999996,111115,0.499292857,0.008214637,303.4840797,302.9199261,239.7672603,-0.034611965,4.342891508,42.57957802,12.00956116,30.05200291,4.273192331,0.658990622,3.117979858,1.155212473,0.426081337,27.25775831,0.870427503,77.51737708,300.093081,0.037692426
22/02/2016,63,B,6,2,UWS4,8,12:41:47,3465,0,17.70556389,0.960124417,353.3274849,8.768490433,1.198397782,31.04361534,6,1.420000017,1,2.840000033,30.07789803,31.04361534,29.10274696,440.916748,398.456604,15.60336304,32.59328079,37.18610382,77.67666626,299.5669556,1499.558594,948.2421875,101.9907074,8.537178993,0.456013441,1,-0.219565243,2.737391472,1,0,0.159999996,111115,0.499278259,0.00876849,304.1936153,303.227898,239.9293696,-0.042029131,4.522609546,44.34334913,11.75006834,30.56075668,4.399617571,0.717543178,3.324211764,1.075405807,0.465366267,36.03612013,0.88674019,79.40466659,390.0402269,0.036045113
22/02/2016,63,B,6,2,UWS4,9,12:45:17,3675,0,19.79229656,0.986167984,451.0689845,8.941080977,1.194930475,31.92825317,6,1.420000017,1,2.840000033,30.41249275,31.92825317,29.09015465,550.3134766,501.6937866,17.63442039,34.91487885,41.22570038,81.623909,299.606781,1499.909302,1228.087158,101.985054,9.032387733,0.508866072,1,-0.219565243,2.737391472,1,0,0.159999996,111115,0.499344635,0.008941081,305.0782532,303.5624928,239.9854829,-0.045306318,4.75572628,46.63160035,11.7167215,31.17037296,4.555388821,0.7319901,3.560795805,0.994593016,0.475096397,46.00229475,0.899092228,80.5572,492.2854767,0.032387955
22/02/2016,63,B,6,2,UWS4,10,12:47:38,3817,0,19.4504453,0.891248854,545.8480975,7.951480197,1.147810868,31.47853279,6,1.420000017,1,2.840000033,30.13626862,31.47853279,29.08371544,649.0462036,600.5297241,18.82256126,34.20233154,44.70569992,81.23438263,299.5956726,1500.171509,1218.920288,101.9852066,8.982094765,0.548966169,1,-0.219565243,2.737391472,1,0,0.159999996,111115,0.499326121,0.00795148,304.6285328,303.2862686,240.027436,-0.033472873,4.635942716,45.45701157,11.25468003,30.8074007,4.462072722,0.678364497,3.488131849,0.973940873,0.439053244,55.66843099,0.908944346,80.37326239,591.283914,0.026439003
22/02/2016,63,B,6,2,UWS4,11,12:50:04,3962.5,0,18.76530093,0.722725853,688.7776905,6.72195623,1.145017241,30.61581993,6,1.420000017,1,2.840000033,29.7557354,30.61581993,29.1039753,800.1459961,752.4335938,19.02021599,32.05130005,46.16986084,77.80164337,299.5840759,1500.255005,1078.358032,101.9764252,8.127541542,0.517628431,1,-0.219565243,2.737391472,1,0,0.159999996,111115,0.499306793,0.006721956,303.7658199,302.9057354,240.0407954,-0.017804704,4.413494242,43.27955441,11.22825437,30.18577766,4.306124626,0.576115455,3.268477001,1.037647625,0.370887527,70.23908661,0.915399972,78.50985682,743.5134684,0.019814854
22/02/2016,63,B,6,2,UWS4,12,12:52:35,4113.5,0,19.04893535,0.641514739,875.1621648,6.7040515,1.257067887,30.84826279,6,1.420000017,1,2.840000033,29.8217392,30.84826279,29.10512161,1000.974182,950.0720215,18.53142738,31.53348923,44.80945587,76.24877167,299.6132202,1498.782227,372.3770752,101.9686127,7.40781498,0.489075422,0.666666687,-0.219565243,2.737391472,1,0,0.159999996,111115,0.499355367,0.006704051,303.9982628,302.9717392,239.8051509,-0.018141403,4.472494036,43.86147775,12.32798853,30.33500099,4.343120755,0.523307238,3.215426149,1.127694606,0.335966032,89.23907181,0.921153497,76.17420267,941.0170699,0.015419885
22/02/2016,63,B,6,2,UWS4,13,12:54:56,4254.5,0,19.37075291,0.590933757,1155.341926,7.035062267,1.4095229,31.56282425,6,1.420000017,1,2.840000033,30.09312248,31.56282425,29.11013031,1300.384888,1244.057373,18.22096062,31.86262512,43.37280273,75.84513855,299.563446,1499.514038,1097.69519,101.9586029,6.271706581,0.484797239,0.666666687,-0.219565243,2.737391472,1,0,0.159999996,111115,0.49927241,0.007035062,304.7128242,303.2431225,239.9222407,-0.023221115,4.658191643,45.6870878,13.82446267,30.82797337,4.46731685,0.489153097,3.248668742,1.218648108,0.313482214,117.7970487,0.928688621,73.9423246,1234.849445,0.011599135
22/02/2016,63,B,6,2,UWS4,14,12:57:18,4396.5,0,20.17815972,0.562497952,1435.56692,7.254868072,1.512172326,32.26766205,6,1.420000017,1,2.840000033,30.35966301,32.26766205,29.09616661,1601.356445,1538.588501,18.66361809,32.7181282,43.75048828,76.69649506,299.5836487,1499.359009,1056.687866,101.9536133,5.100319862,0.519613981,1,-0.219565243,2.737391472,1,0,0.159999996,111115,0.499306081,0.007254868,305.417662,303.509663,239.897436,-0.026964466,4.847903716,47.55009224,14.83196404,31.31366253,4.592692208,0.469506289,3.33573139,1.256960818,0.300584713,146.3612346,0.933041498,72.87578303,1528.99677,0.009617412
22/02/2016,64,A,4,3,UWS4,Remark=,"""13:18:43 A-R4-03""
",,,,,,,,,,,,,,,,,,,,,,,,,,,,,,,,,,,,,,,,,,,,,,,,,,,,,,
22/02/2016,64,A,4,3,UWS4,Remark=,"""13:23:52 Launched AutoProg /User/Configs/AutoProgs/A-CiCurve""
",,,,,,,,,,,,,,,,,,,,,,,,,,,,,,,,,,,,,,,,,,,,,,,,,,,,,,
22/02/2016,64,A,4,3,UWS4,15,13:26:20,6138,0,15.33876721,1.339121912,331.0079498,10.07179702,1.082451462,31.39044762,6,1.420000017,1,2.840000033,32.17280197,31.39044762,32.03035355,400.6257935,362.5925598,15.18152618,34.65358353,32.07434845,73.21340179,299.5915527,1499.634888,115.0938568,101.8751755,7.754982948,0.380408049,1,-0.219565243,2.737391472,1,0,0.159999996,111115,0.499319255,0.010071797,304.5404476,305.322802,239.9415767,-0.051415536,4.612791365,45.27885565,10.62527212,31.78162479,4.71637901,0.910025198,3.530339903,1.186039107,0.59622927,33.72149297,0.912892283,83.38916723,355.3012445,0.036000072
22/02/2016,64,A,4,3,UWS4,16,13:28:41,6279.5,0,10.2306639,1.3692871,232.4634444,10.74034377,1.135268776,32.04159164,6,1.420000017,1,2.840000033,32.39266968,32.04159164,32.02344894,279.6087952,253.6628723,15.1005249,35.83991623,31.50833511,74.78256989,299.586731,1498.880371,89.94586945,101.8715286,7.831368446,0.415686369,1,-0.219565243,2.737391472,1,0,0.159999996,111115,0.499311218,0.010740344,305.1915916,305.5426697,239.820854,-0.060116451,4.786335828,46.98403855,11.14412232,32.21713066,4.834082532,0.923856056,3.651067052,1.18301548,0.605735486,23.68140643,0.916426761,83.30550366,248.7997047,0.03425529
22/02/2016,64,A,4,3,UWS4,17,13:31:02,6420,0,2.942010663,1.412447101,121.9034293,10.6832981,1.10571048,32.03874969,6,1.420000017,1,2.840000033,30.84548569,32.03874969,29.48188782,137.4678345,128.8184662,15.49972343,36.12528992,35.30713272,82.29052734,299.5513611,1500.006226,88.19936371,101.8637009,7.428689003,0.492636442,0.666666687,-0.219565243,2.737391472,1,0,0.159999996,111115,0.499252268,0.010683298,305.1887497,303.9954857,240.0009907,-0.064346982,4.785566206,46.98009365,10.85480373,31.44211769,4.626359527,0.943303864,3.679855726,0.946503801,0.619125985,12.41753445,0.946319521,83.90024463,127.4199752,0.019371799
22/02/2016,64,A,4,3,UWS4,18,13:33:23,6561.5,0,0.54328208,1.490920885,74.22747469,9.777433373,0.978240676,31.1088047,6,1.420000017,1,2.840000033,30.08520508,31.1088047,29.07362366,78.79756165,76.21665955,16.05923843,34.95927048,38.21015549,83.17948151,299.5430298,1500.540894,91.74885559,101.8671417,6.794739723,0.551489592,1,-0.219565243,2.737391472,1,0,0.159999996,111115,0.499238383,0.009777433,304.2588047,303.2352051,240.0865376,-0.053933226,4.539441636,44.56237369,9.603103214,30.59700489,4.408748319,0.977670902,3.56120096,0.847547359,0.64285671,7.561340684,0.973900918,85.28358756,75.95840926,0.006099791
22/02/2016,64,A,4,3,UWS4,19,13:35:44,6702.5,0,2.644196868,1.445988994,98.29999511,8.536437954,0.873979773,29.78543663,6,1.420000017,1,2.840000033,29.57227135,29.78543663,29.08977509,110.9439545,103.8724594,16.19410896,32.73085785,39.68518066,80.21003723,299.588501,1499.56189,92.13749695,101.868515,6.817055702,0.493696928,1,-0.219565243,2.737391472,1,0,0.159999996,111115,0.499314168,0.008536438,302.9354366,302.7222713,239.929897,-0.037501443,4.208223657,41.31034654,8.579488691,29.67885399,4.182488831,0.958147295,3.334243884,0.848244946,0.629364852,10.01367453,0.946352822,85.70932106,102.6155349,0.022085576
22/02/2016,64,A,4,3,UWS4,20,13:38:05,6843.5,0,6.341390925,1.399616584,153.6842174,7.865213079,0.824697746,28.77708244,6,1.420000017,1,2.840000033,29.20012665,28.77708244,29.09406471,181.3514557,166.036438,15.61395645,30.87898827,39.09262466,77.31165314,299.6001587,1500.523804,98.15363312,101.8649979,7.180794716,0.409075499,1,-0.219565243,2.737391472,1,0,0.159999996,111115,0.499333598,0.007865213,301.9270824,302.3501266,240.0838032,-0.027794926,3.97018582,38.97497573,8.095987465,28.98860455,4.019121562,0.937563819,3.145488074,0.873633489,0.615170884,15.65504248,0.925605363,85.58165014,163.0220445,0.033290387
22/02/2016,64,A,4,3,UWS4,21,13:40:26,6984.5,0,13.18037782,1.458194185,285.7358219,7.800722859,0.796942967,28.14224434,6,1.420000017,1,2.840000033,29.00328827,28.14224434,29.11962128,341.474884,310.2279358,14.58151531,29.74136162,36.92406845,75.31261444,299.5565491,1500.83252,116.032608,101.8608017,7.480111122,0.589354277,1,-0.219565243,2.737391472,1,0,0.159999996,111115,0.499260915,0.007800723,301.2922443,302.1532883,240.1331978,-0.025805514,3.826421905,37.56520508,7.823843462,28.5727663,3.92341136,0.963491021,3.029478938,0.893932422,0.633054866,29.10527989,0.92105123,85.75922179,303.9626154,0.037186775
22/02/2016,64,A,4,3,UWS4,22,13:42:47,7125,0,16.24379252,1.45410866,370.7784881,8.641336627,0.883219132,28.91310883,6,1.420000017,1,2.840000033,29.29050827,28.91310883,29.11675453,441.2605591,401.7709656,13.83762932,30.61596107,34.4613266,76.24620056,299.5568542,1498.98645,109.8995438,101.854599,7.815621376,0.373739958,0.666666687,-0.219565243,2.737391472,1,0,0.159999996,111115,0.499261424,0.008641337,302.0631088,302.4405083,239.8378267,-0.037293471,4.00159557,39.28733321,8.671372135,29.10180855,4.045526789,0.961705662,3.118376438,0.927150351,0.631821786,37.76549422,0.922860336,84.8737417,394.0494446,0.03498727
22/02/2016,64,A,4,3,UWS4,23,13:45:08,7266,0,18.46760816,1.583554147,469.2751169,9.742886522,0.939902893,29.90875816,6,1.420000017,1,2.840000033,29.66815948,29.90875816,29.1105423,550.746582,503.9202576,13.50083351,32.38453674,32.8958931,78.90758514,299.5397949,1499.243896,102.6597977,101.8470459,8.209755898,0.397570372,0.666666687,-0.219565243,2.737391472,1,0,0.159999996,111115,0.499232992,0.009742887,303.0587582,302.8181595,239.8790181,-0.051868033,4.238172294,41.6131097,9.228572956,29.78845882,4.208955386,1.016669774,3.2982694,0.910685986,0.66989118,47.79428437,0.931248764,85.21489017,495.1416411,0.031783132
22/02/2016,64,A,4,3,UWS4,24,13:47:32,7410.5,0,19.20473584,1.559664683,562.6622422,9.60214376,0.93606318,29.62759972,6,1.420000017,1,2.840000033,29.52803421,29.62759972,29.08489227,650.0466919,600.0473633,13.13534832,31.75452995,32.26470947,77.99951172,299.6017456,1500.064087,109.6935654,101.8468552,8.327553749,0.428356886,0.666666687,-0.219565243,2.737391472,1,0,0.159999996,111115,0.499336243,0.009602144,302.7775997,302.6780342,240.0102485,-0.049887141,4.170162193,40.94541934,9.190889386,29.57781696,4.158219784,1.006769387,3.234099013,0.924120771,0.663017466,57.30537989,0.937696383,84.96402336,590.9183516,0.027613149
22/02/2016,64,A,4,3,UWS4,25,13:49:52,7550,0,19.53531955,1.425947747,705.8787012,9.134419645,0.94570118,29.05150032,6,1.420000017,1,2.840000033,30.61544037,29.05150032,31.04931068,800.680603,747.8751831,12.58247375,30.32155037,29.03547859,69.97040558,299.5911255,1500.763916,110.7353668,101.8441467,6.84543705,0.325094938,1,-0.219565243,2.737391472,1,0,0.159999996,111115,0.499318542,0.00913442,302.2015003,303.7654404,240.1222212,-0.039188418,4.033773605,39.60731897,9.285768605,29.83347034,4.219866641,0.949306428,3.088072425,1.131794217,0.623264554,71.88961402,0.9438456,83.8265786,738.5890278,0.022171721
22/02/2016,64,A,4,3,UWS4,26,13:52:13,7691,0,20.05109947,1.336377506,896.369324,9.196238201,0.994645702,29.10566902,6,1.420000017,1,2.840000033,31.34594917,29.10566902,32.03640366,1001.825684,944.2640991,12.09706688,29.96694756,26.77481651,66.32678223,299.5203552,1499.827515,119.9858017,101.8383408,5.331337929,0.305216551,0.666666687,-0.219565243,2.737391472,1,0,0.159999996,111115,0.499200592,0.009196238,302.255669,304.4959492,239.972397,-0.03770972,4.046429919,39.73385552,9.766907969,30.2258091,4.316022346,0.908756961,3.051784217,1.26423813,0.595358285,91.28476466,0.9492782,82.68109833,934.7327667,0.017736052
22/02/2016,64,A,4,3,UWS4,27,13:54:39,7837.5,0,20.80325896,1.304636427,1177.795705,9.883176008,1.08494569,29.91391373,6,1.420000017,1,2.840000033,31.65779114,29.91391373,32.0294342,1299.807617,1233.707153,11.79130268,30.97672081,25.63870239,67.35498047,299.5095825,1499.739868,107.4714279,101.8339767,4.340249062,0.31213069,1,-0.219565243,2.737391472,1,0,0.159999996,111115,0.499182638,0.009883176,303.0639137,304.8077911,239.9583735,-0.047052972,4.239428357,41.63078466,10.65406385,30.78585243,4.456585654,0.893966825,3.154482667,1.302102987,0.585209529,119.9396204,0.954680129,81.80330848,1223.81828,0.013905458
22/02/2016,64,A,4,3,UWS4,28,13:57:00,7978,0,21.38140889,1.314500081,1465.671323,10.00578825,1.092145122,30.13375664,6,1.420000017,1,2.840000033,29.46559525,30.13375664,28.189991,1600.908936,1527.46106,12.02271938,31.43643379,29.63308907,77.48319244,299.517395,1499.000977,106.2403183,101.8292007,3.98014164,0.393267393,0.666666687,-0.219565243,2.737391472,1,0,0.159999996,111115,0.499195658,0.010005788,303.2837566,302.6155952,239.8401509,-0.056215424,4.29329205,42.16169839,10.7252646,29.79967594,4.211672227,0.898587116,3.201146927,1.0105253,0.588378189,149.2481394,0.959547423,81.94603513,1517.297362,0.011547649
22/02/2016,65,B,1,5,UWS4,Remark=,"""14:15:52 B-R1-05""
",,,,,,,,,,,,,,,,,,,,,,,,,,,,,,,,,,,,,,,,,,,,,,,,,,,,,,
22/02/2016,65,B,1,5,UWS4,Remark=,"""14:15:57 Launched AutoProg /User/Configs/AutoProgs/A-CiCurve""
",,,,,,,,,,,,,,,,,,,,,,,,,,,,,,,,,,,,,,,,,,,,,,,,,,,,,,
22/02/2016,65,B,1,5,UWS4,29,14:18:22,9260,0,28.46546147,1.215171173,280.8055072,9.572318065,1.103607175,29.92414474,6,1.420000017,1,2.840000033,29.60499191,29.92414474,29.10122299,400.8240051,337.3398438,12.24381542,30.8261013,29.93003654,75.35448456,299.5511169,1498.960815,1292.633789,101.8070602,8.633919716,0.43428874,0.666666687,-0.219565243,2.737391472,1,0,0.159999996,111115,0.499251862,0.009572318,303.0741447,302.7549919,239.8337251,-0.050098333,4.241921928,41.66628442,10.84018311,29.76456833,4.20317408,0.851033408,3.138314752,1.064859328,0.555839253,28.58798318,0.832411327,81.09420744,323.8087267,0.071288506
22/02/2016,65,B,1,5,UWS4,30,14:20:43,9401.5,0,19.48355079,1.275001705,198.0194832,9.975840842,1.110836229,30.43536758,6,1.420000017,1,2.840000033,29.46325684,30.43536758,28.51534271,279.3480225,235.6259003,12.66089058,31.99799156,31.20059204,78.8535614,299.630249,1499.076416,1272.596436,101.7977448,8.373726845,0.451412916,1,-0.219565243,2.737391472,1,0,0.159999996,111115,0.499383748,0.009975841,303.5853676,302.6132568,239.8522212,-0.056619126,4.368159607,42.91018055,10.91218899,29.94931221,4.248061347,0.879952212,3.257323378,0.99073797,0.5756076,20.15793681,0.840397779,81.76614888,226.3643533,0.070377464
22/02/2016,65,B,1,5,UWS4,31,14:23:06,9544,0,7.190669355,1.369470768,109.1266264,10.354495,1.096002848,31.14181328,6,1.420000017,1,2.840000033,29.68641853,31.14181328,28.49633598,139.9322662,122.9801102,13.87526417,33.91039658,33.75615692,82.49822998,299.5748596,1500.86145,1283.713379,101.7971725,7.650521278,0.519608259,1,-0.219565243,2.737391472,1,0,0.159999996,111115,0.499291433,0.010354495,304.2918133,302.8364185,240.1378267,-0.062013033,4.547985339,44.67693184,10.76653526,30.41411591,4.362847396,0.923939661,3.451982491,0.910864904,0.605792992,11.10878202,0.887351835,83.07639752,119.5620103,0.049963605
22/02/2016,65,B,1,5,UWS4,32,14:25:26,9684,0,1.700760039,1.32508434,70.05733655,9.347150021,1.012928947,30.52897644,6,1.420000017,1,2.840000033,29.38550377,30.52897644,28.49941254,78.86260223,74.069664,15.09106922,33.19034195,37.35647202,82.15945435,299.5782776,1500.819336,1321.588989,101.7975922,7.06355381,0.554760695,1,-0.219565243,2.737391472,1,0,0.159999996,111115,0.499297129,0.00934715,303.6789764,302.5355038,240.1310884,-0.04962126,4.391625841,43.14076343,9.950421477,29.9572401,4.249996902,0.903520609,3.378696894,0.871300009,0.591763363,7.131668174,0.945830354,83.64886646,73.26120413,0.019419098
22/02/2016,65,B,1,5,UWS4,33,14:27:47,9825.5,0,5.16105233,1.216323862,88.07937991,8.815941539,1.014033377,30.35204887,6,1.420000017,1,2.840000033,30.93396759,30.35204887,31.05016518,110.923996,98.83938599,15.66353893,32.74600983,35.47613525,74.16599274,299.5089417,1500.524414,1469.838745,101.7935181,6.866776466,0.428784132,1,-0.219565243,2.737391472,1,0,0.159999996,111115,0.499181569,0.008815942,303.5020489,304.0839676,240.0839009,-0.037921551,4.34736492,42.70767925,9.961669428,30.64300823,4.420360107,0.851598615,3.333331543,1.087028564,0.556225038,8.965909951,0.891136454,83.02876285,96.38606889,0.04445827
22/02/2016,65,B,1,5,UWS4,34,14:30:09,9967,0,11.75309152,1.13387509,131.3159906,8.42445474,1.019347455,29.94364548,6,1.420000017,1,2.840000033,30.82865524,29.94364548,31.03947258,182.0354919,155.8607483,15.36534691,31.70655441,35.00847244,72.24034882,299.5131531,1500.286377,474.2653503,101.7874985,7.360611916,0.33067584,1,-0.219565243,2.737391472,1,0,0.159999996,111115,0.499188588,0.008424455,303.0936455,303.9786552,240.0458149,-0.032508355,4.246678314,41.72102053,10.01446612,30.38615036,4.355865519,0.810343857,3.227330859,1.12853466,0.528126838,13.3663262,0.842521238,82.19173278,150.2738915,0.064283087
22/02/2016,65,B,1,5,UWS4,35,14:32:30,10108,0,24.70985981,1.067060774,234.4579186,8.346837693,1.056027132,29.6603241,6,1.420000017,1,2.840000033,31.38736343,29.6603241,32.03366852,342.0523071,287.7481079,14.46765804,30.67342567,31.92871475,67.69326782,299.5530396,1500.71106,1343.452881,101.7819672,7.664597511,0.252825499,1,-0.219565243,2.737391472,1,0,0.159999996,111115,0.499255066,0.008346838,302.8103241,304.5373634,240.1137642,-0.028936462,4.178028736,41.04881103,10.37538536,30.52384377,4.390336322,0.775634878,3.122001605,1.268334717,0.504581511,23.86358817,0.814802642,80.94397864,276.002224,0.072467328
22/02/2016,65,B,1,5,UWS4,36,14:35:10,10268.5,0,31.03282224,1.153130196,306.6497404,9.549790333,1.140185199,30.6435318,6,1.420000017,1,2.840000033,31.82338142,30.6435318,32.03089905,439.9686584,370.7267761,13.72342491,32.23290253,29.5420742,69.38696289,299.5861816,1498.846558,404.4987183,101.7689056,8.114609718,0.369038343,1,-0.219565243,2.737391472,1,0,0.159999996,111115,0.499310303,0.00954979,303.7935318,304.9733814,239.8154439,-0.044532503,4.420492414,43.43657217,11.20366964,31.23345661,4.571779103,0.820130976,3.280307216,1.291471887,0.534781669,31.2074085,0.827158328,80.93398428,355.9752587,0.070555745
22/02/2016,65,B,1,5,UWS4,37,14:37:31,10409,0,37.00087124,1.259871441,394.1840738,9.897032976,1.110067147,30.71033287,6,1.420000017,1,2.840000033,29.54613686,30.71033287,28.18711853,549.8392944,466.4865112,13.52142715,32.69532013,33.15269089,80.1644516,299.5775452,1500.249023,525.3224487,101.7679138,9.422165871,0.493973494,0.666666687,-0.219565243,2.737391472,1,0,0.159999996,111115,0.499295909,0.009897033,303.8603329,302.6961369,240.0398384,-0.056063522,4.437401668,43.60315056,10.90783043,30.12823486,4.291931894,0.872718805,3.327334521,0.964597372,0.570657301,40.11529085,0.845006371,81.98389453,448.8980691,0.067576043
22/02/2016,65,B,1,5,UWS4,38,14:39:52,10550,0,41.86594909,1.329147938,476.7480301,9.916737329,1.072201961,30.57363319,6,1.420000017,1,2.840000033,29.26679993,30.57363319,28.11705589,650.8589478,555.9755249,13.52101707,32.73055649,33.68760681,81.54816437,299.6060486,1500.404663,463.6039124,101.7598724,9.618882179,0.545639753,1,-0.219565243,2.737391472,1,0,0.159999996,111115,0.499343414,0.009916737,303.7236332,302.4167999,240.0647407,-0.056836696,4.402859214,43.26714557,10.53658908,29.92021656,4.240964374,0.905408063,3.330657253,0.910307121,0.593058929,48.51381873,0.857498233,82.7560306,536.0744578,0.064630197
22/02/2016,65,B,1,5,UWS4,39,14:42:13,10691.5,0,46.34386101,1.336545839,605.4591319,9.884419113,1.064356428,30.64884758,6,1.420000017,1,2.840000033,29.30039978,30.64884758,28.12696457,800.6256104,694.0809326,13.85537434,32.99630737,34.45148087,82.04553986,299.6176758,1499.218872,537.44104,101.7531891,9.74424839,0.54915309,1,-0.219565243,2.737391472,1,0,0.159999996,111115,0.499362793,0.009884419,303.7988476,302.4503998,239.8750142,-0.056587607,4.421835931,43.45648496,10.46017758,29.97462368,4.254243705,0.908834799,3.357479503,0.896764202,0.595411738,61.60739754,0.872317771,82.98183623,672.0512806,0.057223292
22/02/2016,65,B,1,5,UWS4,40,14:44:42,10840.5,0,49.99640293,1.362212387,786.2636383,9.632752587,1.023542085,30.71113205,6,1.420000017,1,2.840000033,29.2754631,30.71113205,28.10086441,999.5785522,882.4223633,14.90883446,33.55385971,37.12270355,83.54845428,299.582428,1500.075073,879.4658203,101.7487183,9.74992466,0.586773634,1,-0.219565243,2.737391472,1,0,0.159999996,111115,0.499304047,0.009632753,303.861132,302.4254631,240.0120064,-0.053828381,4.437604304,43.6133681,10.05950839,29.99329758,4.258809852,0.920630096,3.414062218,0.844747634,0.603516973,80.00131742,0.891028685,83.78615737,858.6564678,0.048785593
22/02/2016,65,B,1,5,UWS4,41,14:48:13,11051.5,0,49.86540934,1.286507289,1080.242278,7.949762756,0.880857529,29.24033737,6,1.420000017,1,2.840000033,28.66724586,29.24033737,28.10879707,1300.517822,1181.833496,16.00261497,31.42368698,41.27214432,81.04444122,299.5881958,1501.11731,901.086792,101.7444992,7.388230324,0.556162596,0.666666687,-0.219565243,2.737391472,1,0,0.159999996,111115,0.49931366,0.007949763,302.3903374,301.8172459,240.1787642,-0.031829782,4.078044824,40.08123147,8.65754449,28.95379162,4.011031599,0.885417245,3.197187295,0.813844304,0.579350199,109.9087096,0.914039314,84.58296492,1158.129869,0.03641875
22/02/2016,65,B,1,5,UWS4,42,14:50:33,11191,0,48.06515169,1.252400851,1379.416372,7.423580225,0.839272459,28.45921898,6,1.420000017,1,2.840000033,28.36576843,28.45921898,28.1072464,1601.013306,1482.705078,15.64049244,30.06131363,41.04768753,78.89440918,299.5842285,1501.454102,640.8901367,101.7371597,4.71501255,0.508354902,0.666666687,-0.219565243,2.737391472,1,0,0.159999996,111115,0.499307048,0.00742358,301.609219,301.5157684,240.2326509,-0.024208573,3.897625126,38.31073264,8.249419007,28.41249371,3.887056973,0.869127575,3.058352666,0.828704307,0.568200994,140.3379037,0.930337659,84.5278882,1459.857207,0.027830433
22/02/2016,66,B,1,4,UWS4,Remark=,"""15:07:49 B-R1-04""
",,,,,,,,,,,,,,,,,,,,,,,,,,,,,,,,,,,,,,,,,,,,,,,,,,,,,,
22/02/2016,66,B,1,4,UWS4,Remark=,"""15:07:55 Launched AutoProg /User/Configs/AutoProgs/A-CiCurve""
",,,,,,,,,,,,,,,,,,,,,,,,,,,,,,,,,,,,,,,,,,,,,,,,,,,,,,
22/02/2016,66,B,1,4,UWS4,43,15:10:27,12385,0,24.88826158,1.0871852,291.3171266,7.456957389,0.93119473,28.81904221,6,1.420000017,1,2.840000033,30.12928009,28.81904221,30.45729446,399.5858459,344.5839233,15.48935318,29.97890091,36.69841385,71.02802277,299.5292664,1501.203125,1073.297363,101.6934204,9.057908058,0.390139341,1,-0.219565243,2.737391472,1,0,0.159999996,111115,0.499215444,0.007456957,301.9690422,303.2792801,240.1924946,-0.019934738,3.979851704,39.13578369,9.156882779,29.47416115,4.133449365,0.786213489,3.048656974,1.084792391,0.511748533,29.62503503,0.845417058,82.47394805,332.7532358,0.061686348
22/02/2016,66,B,1,4,UWS4,44,15:12:49,12527.5,0,17.42607209,1.255283464,207.7841267,8.22634376,0.927254627,29.02589417,6,1.420000017,1,2.840000033,31.24910164,29.02589417,32.03549957,280.5310669,241.6498566,14.51830101,30.49121284,32.2632103,67.75892639,299.5889282,1499.796631,1111.892944,101.686615,8.114151955,1.061905622,1,-0.219565243,2.737391472,1,0,0.159999996,111115,0.49931488,0.008226344,302.1758942,304.3991016,239.9674556,-0.026165188,4.027802848,39.60996094,9.118748093,30.1374979,4.294213833,0.870514845,3.100548221,1.193665612,0.56914974,21.1288645,0.859856197,83.4552339,233.3663365,0.062318197
22/02/2016,66,B,1,4,UWS4,45,15:15:10,12668.5,0,6.385059972,1.13473979,110.1162999,8.998151415,1.086922828,30.0964222,6,1.420000017,1,2.840000033,31.65671158,30.0964222,32.02944565,139.2226563,124.1943893,13.98669243,31.4439621,30.36777687,68.27083588,299.5387268,1499.481201,1140.967041,101.6786652,7.743973732,0.481341124,1,-0.219565243,2.737391472,1,0,0.159999996,111115,0.499231211,0.008998151,303.2464222,304.8067116,239.9169868,-0.037063452,4.284102921,42.13374472,10.68978262,30.87656689,4.479725032,0.810785406,3.197180093,1.282544939,0.528426924,11.19647839,0.886644723,81.17968216,121.1592376,0.042781479
22/02/2016,66,B,1,4,UWS4,46,15:17:59,12837,0,1.336478041,1.215096537,70.86484442,9.453633825,1.087200546,30.37212181,6,1.420000017,1,2.840000033,29.92105865,30.37212181,29.0579319,78.59309387,74.50566101,13.7873354,32.11333466,33.05328369,76.98740387,299.5758972,1501.328735,997.3110352,101.6763382,7.782700539,0.622217894,0.666666687,-0.219565243,2.737391472,1,0,0.159999996,111115,0.499293162,0.009453634,303.5221218,303.0710587,240.2125923,-0.048735734,4.352366821,42.80609332,10.69275866,30.14659023,4.296454747,0.8509968,3.265166275,1.031288472,0.555814267,7.205277887,0.951133692,81.82466605,73.87036336,0.014803889
22/02/2016,66,B,1,4,UWS4,47,15:20:20,12978.5,0,4.531110972,1.198390447,90.67230077,8.537038278,0.994012711,29.08693314,6,1.420000017,1,2.840000033,29.32276154,29.08693314,29.08100319,111.1830826,100.3899612,13.39070225,29.97879028,33.22693634,74.38768005,299.5321045,1500.603394,549.2964478,101.6730728,7.872315407,0.595402479,1,-0.219565243,2.737391472,1,0,0.159999996,111115,0.499220174,0.008537038,302.2369331,302.4727615,240.0965376,-0.03634528,4.042048438,39.75534845,9.77655817,29.20484734,4.069692312,0.842768654,3.048035727,1.021656585,0.550200731,9.218931438,0.903200874,82.08101831,98.23608809,0.037859631
22/02/2016,66,B,1,4,UWS4,48,15:22:44,13123,0,10.2252195,1.142334335,136.9869672,7.792863913,0.940788109,27.9888134,6,1.420000017,1,2.840000033,28.94333267,27.9888134,29.10169983,181.3665771,158.4087677,12.87319279,28.04720116,32.65041733,71.1364212,299.4974976,1500.214111,365.1398315,101.6706619,8.157914162,0.498091459,1,-0.219565243,2.737391472,1,0,0.159999996,111115,0.499162496,0.007792864,301.1388134,302.0933327,240.0342524,-0.025486587,3.792365615,37.30049105,9.253289895,28.46607304,3.899177457,0.814655237,2.851577507,1.04759995,0.531057548,13.92755563,0.864768846,81.71102727,153.5481881,0.054413745
22/02/2016,66,B,1,4,UWS4,49,15:25:05,13263.5,0,21.51200492,1.099158829,247.4951036,8.426437281,1.044364936,28.78725052,6,1.420000017,1,2.840000033,31.1628933,28.78725052,32.03978348,341.6506653,293.6048279,12.40894699,28.80159187,27.70594597,64.30645752,299.5395508,1499.295044,388.7489319,101.6666489,8.168656349,0.43633914,1,-0.219565243,2.737391472,1,0,0.159999996,111115,0.499232585,0.008426437,301.9372505,304.3128933,239.8872017,-0.028190386,3.972526264,39.07403567,10.2724438,29.97507191,4.254353256,0.792456263,2.928161328,1.326191928,0.515981772,25.1619978,0.842953113,80.38016859,283.379051,0.061018575
22/02/2016,66,B,1,4,UWS4,50,15:27:26,13404,0,27.34191164,1.165828534,322.1837633,8.89182547,1.055629493,29.18914223,6,1.420000017,1,2.840000033,29.44649887,29.18914223,29.10548592,440.191925,378.6773071,12.32694054,29.61112022,30.36691856,72.94580078,299.5292358,1498.582642,372.4071655,101.6635437,9.521195412,0.544142485,1,-0.219565243,2.737391472,1,0,0.159999996,111115,0.499215393,0.008891825,302.3391422,302.5964989,239.7732173,-0.040565993,4.066000908,39.9946801,10.38355988,29.31782055,4.096332292,0.826533892,3.010371415,1.085960877,0.539139107,32.7543431,0.850813495,80.92985384,365.6802718,0.060511247
22/02/2016,66,B,1,4,UWS4,51,15:29:47,13545.5,0,32.40178523,1.220117152,410.7946768,9.081710371,1.043816908,29.29410172,6,1.420000017,1,2.840000033,29.43396187,29.29410172,29.08552742,549.6988525,476.1393738,12.32618332,29.971035,30.38650131,73.88458252,299.5612183,1500.543945,389.3771362,101.6618118,9.922318459,0.583090544,1,-0.219565243,2.737391472,1,0,0.159999996,111115,0.499268697,0.00908171,302.4441017,302.5839619,240.0870259,-0.043078121,4.090726629,40.23857686,10.26754186,29.36403179,4.107273005,0.85345634,3.046909721,1.060363284,0.557493202,41.76213114,0.862761409,81.50205419,460.7371169,0.057317111
22/02/2016,66,B,1,4,UWS4,52,15:32:24,13702.5,0,35.40972235,1.164406516,496.4834207,8.374886106,0.996566742,28.39662361,6,1.420000017,1,2.840000033,29.12397957,28.39662361,29.0984726,651.012207,570.5158081,12.10098076,28.39955521,30.36756325,71.26904297,299.5492554,1500.352783,285.305603,101.6532288,9.545731544,0.545262098,1,-0.219565243,2.737391472,1,0,0.159999996,111115,0.499248759,0.008374886,301.5466236,302.2739796,240.0564399,-0.033122951,3.883473224,38.20314683,9.803591621,28.76030159,3.966325904,0.825818883,2.886906482,1.079419422,0.538652369,50.46914274,0.870236045,81.17325914,553.683722,0.051912716
22/02/2016,66,B,1,4,UWS4,53,15:34:45,13843.5,0,38.07000095,1.087653847,627.1595779,8.440549682,1.054375222,28.61040878,6,1.420000017,1,2.840000033,31.11959648,28.61040878,32.02061462,800.8828125,712.5723267,11.88024807,28.30976868,26.58598709,63.35247421,299.5193787,1500.597656,411.2246704,101.6475067,7.888077736,0.418486357,1,-0.219565243,2.737391472,1,0,0.159999996,111115,0.499198964,0.00844055,301.7604088,304.2695965,240.0956196,-0.027938552,3.931992624,38.68262735,10.37285868,29.86500263,4.22752507,0.786458547,2.877617402,1.349907668,0.511914655,63.74920741,0.880134626,79.93846933,694.4756715,0.043820939
22/02/2016,66,B,1,4,UWS4,54,15:38:16,14054,0,41.01071303,1.107452004,807.3898945,9.370706468,1.152687957,29.78627968,6,1.420000017,1,2.840000033,31.62888336,29.78627968,32.03271103,1000.928589,901.8572388,11.85889339,30.0640316,25.77907562,65.35372925,299.5523071,1499.123779,664.2189331,101.6410522,7.880021095,0.445635557,0.666666687,-0.219565243,2.737391472,1,0,0.159999996,111115,0.499253845,0.009370706,302.9362797,304.7788834,239.8597993,-0.040745909,4.208427763,41.40480318,11.34077158,30.70758152,4.436704112,0.796757934,3.055739807,1.380964305,0.518900367,82.06395845,0.895252441,79.56396226,882.3627099,0.036979972
22/02/2016,66,B,1,4,UWS4,55,15:40:37,14195.5,0,41.82371294,1.190630452,1098.163479,9.551298497,1.1153704,29.8652153,6,1.420000017,1,2.840000033,29.73047829,29.8652153,29.07547569,1301.170654,1194.53833,12.0743351,30.62088585,29.25421333,74.18958282,299.5326538,1500.854858,834.1512451,101.6367188,8.847550392,0.572920561,1,-0.219565243,2.737391472,1,0,0.159999996,111115,0.49922109,0.009551298,303.0152153,302.8804783,240.136772,-0.049210329,4.227576763,41.59497488,10.97408903,29.79784679,4.211229095,0.838923473,3.112206363,1.099022732,0.547579084,111.6137327,0.91932042,80.71389329,1174.65734,0.028738208
22/02/2016,66,B,1,4,UWS4,56,15:43:13,14351.5,0,40.6576997,1.175307214,1393.804022,8.769653012,1.035629257,28.83852577,6,1.420000017,1,2.840000033,29.28470993,28.83852577,29.09349442,1599.751831,1492.09729,11.95557594,29.01276207,29.72006226,72.1220932,299.5296326,1500.894165,764.4406128,101.6351929,6.433732033,0.561993361,0.666666687,-0.219565243,2.737391472,1,0,0.159999996,111115,0.499216054,0.008769653,301.9885258,302.4347099,240.143061,-0.038568028,3.984346926,39.20243386,10.18967179,29.06161785,4.036134903,0.831286953,2.948717669,1.087417235,0.542375661,141.6595406,0.934124089,80.96652976,1472.770567,0.022351838
22/02/2016,67,B,4,4,UWS4,Remark=,"""15:55:36 B-R4-04""
",,,,,,,,,,,,,,,,,,,,,,,,,,,,,,,,,,,,,,,,,,,,,,,,,,,,,,
22/02/2016,67,B,4,4,UWS4,Remark=,"""16:03:23 Launched AutoProg /User/Configs/AutoProgs/A-CiCurve""
",,,,,,,,,,,,,,,,,,,,,,,,,,,,,,,,,,,,,,,,,,,,,,,,,,,,,,
22/02/2016,67,B,4,4,UWS4,57,16:06:03,15721,0,12.87161335,0.277882376,279.2054986,5.200462065,2.015236075,31.04784203,6,1.420000017,1,2.840000033,29.65052986,31.04784203,29.08312225,399.6984253,370.0623169,14.53010082,24.68927956,35.35423279,60.07326508,299.5556946,1500.050171,119.515007,101.6013107,8.632309914,0.447298765,1,-0.219565243,2.737391472,1,0,0.159999996,111115,0.499259491,0.005200462,304.197842,302.8005299,240.008022,-0.001635636,4.523699239,44.52402441,19.83474485,30.34918594,4.346651925,0.25311601,2.508463164,1.838188761,0.1602506,28.36764462,0.754482383,57.96737459,363.9437684,0.020501344
22/02/2016,67,B,4,4,UWS4,58,16:08:38,15876.5,0,8.917325492,0.293509372,199.4507993,5.101268856,1.882575439,30.43831253,6,1.420000017,1,2.840000033,30.74443817,30.43831253,31.04916573,279.8171082,259.306366,14.50429344,24.47198105,33.14435959,55.92193604,299.553772,1500.764526,121.7762985,101.598671,7.773575783,0.397989988,1,-0.219565243,2.737391472,1,0,0.159999996,111115,0.499256287,0.005101269,303.5883125,303.8944382,240.1223189,0.005040926,4.368896189,43.00150925,18.52952821,30.59137535,4.407329184,0.266016954,2.48632075,1.921008433,0.168529811,20.26393613,0.76917047,59.58221205,255.0674965,0.020830329
22/02/2016,67,B,4,4,UWS4,59,16:11:02,16020.5,0,3.205061923,0.311204473,109.3082655,4.995862856,1.750705119,29.69251442,6,1.420000017,1,2.840000033,30.54535866,29.69251442,31.04524612,138.4326019,130.7042084,14.20039558,23.96819496,32.82048416,55.39619064,299.5221863,1501.292847,116.4673462,101.5960693,7.085999489,0.383578062,1,-0.219565243,2.737391472,1,0,0.159999996,111115,0.499203644,0.004995863,302.8425144,303.6953587,240.2068501,0.008136797,4.185779516,41.20021122,17.23201626,30.11893654,4.289642324,0.280470757,2.435074397,1.854567927,0.177818601,11.10529012,0.836302571,61.03584747,129.1806754,0.015143416
22/02/2016,67,B,4,4,UWS4,60,16:13:23,16161,0,1.097125476,0.335382909,69.68224596,5.025390562,1.648362744,29.01374817,6,1.420000017,1,2.840000033,30.33991432,29.01374817,31.055933,80.36321259,77.38672638,13.56389999,23.39420891,31.71831512,54.70586395,299.5526733,1500.810791,116.6746063,101.5896988,6.567933083,0.372481108,1,-0.219565243,2.737391472,1,0,0.159999996,111115,0.499254456,0.005025391,302.1637482,303.4899143,240.1297212,0.009363369,4.024973381,39.61989679,16.22568788,29.67683125,4.18200176,0.299959875,2.376610636,1.805391124,0.190365204,7.078998379,0.900441836,62.18052002,76.86520547,0.008875255
22/02/2016,67,B,4,4,UWS4,61,16:15:44,16302.5,0,2.493983312,0.400338675,91.05765166,5.914438219,1.656081718,29.58122635,6,1.420000017,1,2.840000033,30.58356476,29.58122635,31.0627079,111.0613861,104.8227463,13.08317661,24.64047623,30.16724586,56.81612015,299.4836426,1500.012939,140.4074097,101.5790024,6.897706032,0.340414762,1,-0.219565243,2.737391472,1,0,0.159999996,111115,0.499139404,0.005914438,302.7312263,303.7335648,240.0020649,-0.002374142,4.159036711,40.94386255,16.30338632,30.08239555,4.280654975,0.350877471,2.502954993,1.777699982,0.223263599,9.249545415,0.868682179,63.9174567,103.6372261,0.015381449
22/02/2016,67,B,4,4,UWS4,62,16:18:53,16491.5,0,5.753722714,0.546723516,143.2130932,7.615809379,1.62686541,30.77444458,6,1.420000017,1,2.840000033,31.02653885,30.77444458,31.03388023,180.9237976,166.8519745,12.99762058,27.82954216,29.22060776,62.56499863,299.5106812,1500.16394,137.1136017,101.576149,7.602433205,0.365244627,1,-0.219565243,2.737391472,1,0,0.159999996,111115,0.499184469,0.007615809,303.9244446,304.1765388,240.0262251,-0.024699637,4.45368313,43.84575685,16.01621469,30.90049171,4.485845173,0.458465175,2.826817721,1.659027452,0.293348101,14.54703449,0.858324234,68.22974217,164.1169303,0.023920446
22/02/2016,67,B,4,4,UWS4,63,16:21:14,16632.5,0,12.06356472,0.519645963,261.5626157,7.134010514,1.592680258,30.162817,6,1.420000017,1,2.840000033,30.82621384,30.162817,31.04421806,340.4308167,311.809845,12.74917126,26.6586628,28.99033546,60.61912537,299.5290222,1500.455444,193.3055573,101.5720978,8.2607584,0.391419172,1,-0.219565243,2.737391472,1,0,0.159999996,111115,0.499215037,0.007134011,303.312817,303.9762138,240.0728657,-0.017853158,4.300456562,42.33895583,15.68029304,30.49451542,4.382974275,0.43927085,2.707776304,1.675197971,0.280787369,26.56746358,0.838852974,67.57454757,306.0754041,0.026633631
22/02/2016,67,B,4,4,UWS4,64,16:23:36,16774,0,13.93564159,0.487846297,344.7946909,6.564632673,1.548944741,29.37246704,6,1.420000017,1,2.840000033,30.56600189,29.37246704,31.04938316,439.7617798,406.4995117,12.38862514,25.20772171,28.59169579,58.17687607,299.5134583,1500.751343,165.7006836,101.5691986,7.992386818,0.373612165,1,-0.219565243,2.737391472,1,0,0.159999996,111115,0.499189097,0.006564633,302.522467,303.7160019,240.1202095,-0.009503159,4.109272834,40.4578641,15.25014239,29.96923447,4.252926726,0.416330372,2.560328093,1.692598633,0.265807867,35.02052044,0.848204441,66.7398299,399.8751751,0.023258817
22/02/2016,67,B,4,4,UWS4,65,16:25:57,16915,0,14.64101882,0.476936942,446.6286979,6.538123914,1.573057138,29.33679199,6,1.420000017,1,2.840000033,30.57083321,29.33679199,31.06082535,550.9433594,514.8691406,12.11634922,24.8882618,27.95428848,57.42106247,299.5041504,1499.303833,150.227005,101.5644913,7.784684181,0.348253965,0.666666687,-0.219565243,2.737391472,1,0,0.159999996,111125,0.499173584,0.006538124,302.486792,303.7208332,239.8886079,-0.009122067,4.100820786,40.37652071,15.48825892,29.9538126,4.24916,0.408358959,2.527763648,1.721396352,0.26061107,45.36161649,0.867460608,66.04816187,507.9095015,0.019039069
22/02/2016,67,B,4,4,UWS4,66,16:28:29,17067,0,14.90944664,0.500764704,542.7788335,6.871748737,1.584644116,29.69267845,6,1.420000017,1,2.840000033,28.80281448,29.69267845,28.10457993,650.4932251,612.2021484,12.19983006,25.61178207,31.16197968,65.42007446,299.542572,1499.279175,140.1190491,101.5616531,8.780106544,0.409491301,0.666666687,-0.219565243,2.737391472,1,0,0.159999996,111115,0.49923762,0.006871749,302.8426785,301.9528145,239.8846626,-0.019913591,4.185819043,41.21456193,15.60277986,29.24774647,4.079790425,0.425702463,2.601174927,1.478615497,0.27192329,55.12551562,0.886600668,66.70470458,605.1149116,0.016435395
22/02/2016,67,B,4,4,UWS4,67,16:30:50,17208.5,0,15.41463004,0.482591837,681.6207825,7.029202119,1.67100621,30.28803635,6,1.420000017,1,2.840000033,28.87769699,30.28803635,28.10972977,800.96698,759.3973389,12.4853344,26.19671822,31.75150681,66.62097931,299.5347595,1498.942871,171.654541,101.5562744,8.918290138,0.435116529,0.666666687,-0.219565243,2.737391472,1,0,0.159999996,111125,0.499224599,0.007029202,303.4380363,302.027697,239.830854,-0.023312227,4.331447314,42.65071104,16.45399282,29.58286667,4.1594298,0.412497498,2.660441104,1.498988696,0.26330857,69.22286723,0.89758121,65.84928633,752.069962,0.013496648
22/02/2016,67,B,4,4,UWS4,68,16:34:21,17419,0,15.26051131,0.282333445,836.5716665,5.106618714,1.954414888,29.93083191,6,1.420000017,1,2.840000033,29.89261436,29.93083191,30.06790924,998.9823608,958.6022949,12.54179955,22.54180336,30.07928467,54.0625267,299.4902649,1500.664673,198.7284088,101.5507736,7.030045509,0.405993223,0.333333343,-0.219565243,2.737391472,1,0,0.159999996,111115,0.499150441,0.005106619,303.0808319,303.0426144,240.1063423,0.00388797,4.243552458,41.78749513,19.24569177,29.91172314,4.238894618,0.256803765,2.28913757,1.949757048,0.162616107,84.95449992,0.87269942,56.71626141,951.3481787,0.009097817
22/02/2016,67,B,4,4,UWS4,69,16:36:44,17562.5,0,15.4701127,0.211135404,1093.85232,4.191985177,2.098986291,29.72358322,6,1.420000017,1,2.840000033,30.44442177,29.72358322,31.05006409,1299.847778,1258.287354,12.39881516,20.62387848,28.80859756,47.91950226,299.4892578,1500.471313,156.5780945,101.5466537,4.505143166,0.382344007,0.666666687,-0.219565243,2.737391472,1,0,0.159999996,111115,0.499148763,0.004191985,302.8735832,303.5944218,240.0754048,0.017235853,4.193272138,41.29404548,20.670167,30.08400249,4.281049861,0.196525053,2.094285847,2.186764014,0.124062249,111.0770428,0.869318377,51.91924891,1250.933603,0.006420777
22/02/2016,67,B,4,4,UWS4,70,16:39:04,17702,0,16.19819276,0.173000658,1348.113282,3.743901443,2.25974582,29.95175934,6,1.420000017,1,2.840000033,30.55583191,29.95175934,31.06393242,1602.821777,1558.686157,12.2344141,19.5868988,28.24494362,45.21923065,299.5371094,1499.2948,133.3428955,101.5430222,2.070084572,0.373532057,0.666666687,-0.219565243,2.737391472,1,0,0.159999996,111115,0.499228516,0.003743901,303.1017593,303.7058319,239.8871626,0.022077112,4.248658719,41.84097173,22.25407292,30.25379562,4.322953748,0.163067296,1.988912899,2.334040849,0.102765269,136.8914969,0.864903609,48.27805008,1550.986312,0.005042064
