Date,Curve,Povanance,Room,Replicate,Unit,Obs,HHMMSS,FTime,EBal?,Photo,Cond,Ci,Trmmol,VpdL,CTleaf,Area,BLC_1,StmRat,BLCond,Tair,Tleaf,TBlk,CO2R,CO2S,H2OR,H2OS,RH_R,RH_S,Flow,PARi,PARo,Press,CsMch,HsMch,StableF,BLCslope,BLCoffst,f_parin,f_parout,alphaK,Status,fda,Trans,Tair_K,Twall_K,R(W/m2),Tl-Ta,SVTleaf,h2o_i,h20diff,CTair,SVTair,CndTotal,vp_kPa,VpdA,CndCO2,Ci_Pa,Ci/Ca,RHsfc,C2sfc,AHs/Cs
25/02/2016,121,A,1,4,UWS1,Remark=,"""11:35:51 A-R1-04""
",,,,,,,,,,,,,,,,,,,,,,,,,,,,,,,,,,,,,,,,,,,,,,,,,,,,,,
25/02/2016,121,A,1,4,UWS1,Remark=,"""11:43:23 Launched AutoProg /User/Configs/AutoProgs/A-CiCurve""
",,,,,,,,,,,,,,,,,,,,,,,,,,,,,,,,,,,,,,,,,,,,,,,,,,,,,,
25/02/2016,121,A,1,4,UWS1,Remark=,"""11:46:55 Warning! Large Deltas in match: CO2=0.0, H2O=1.92""
",,,,,,,,,,,,,,,,,,,,,,,,,,,,,,,,,,,,,,,,,,,,,,,,,,,,,,
25/02/2016,121,A,1,4,UWS1,1,11:47:14,2557,0,20.87912062,0.552383452,267.5957419,11.13822064,2.296947269,39.01193619,6,1.420000017,1,2.840000033,41.84142685,39.01193619,43.03536224,399.453064,349.7621155,25.46332359,46.75868225,31.53715706,57.91215515,299.1472168,1446.664551,1.38291502,101.2477417,-0.021321893,-1.181946874,0.666666687,-0.219565243,2.737391472,1,0,0.159999996,111115,0.498578695,0.011138221,312.1619362,314.9914268,231.466323,-2.580060711,7.031158252,69.44508721,22.68640496,40.42668152,7.584324418,0.462438586,4.734210983,2.850113435,0.295951416,27.09346455,0.765079264,70.96421116,339.8371815,0.043599418
25/02/2016,121,A,1,4,UWS1,Remark=,"""11:49:17 Warning! Large Deltas in match: CO2=0.6, H2O=-2.95""
",,,,,,,,,,,,,,,,,,,,,,,,,,,,,,,,,,,,,,,,,,,,,,,,,,,,,,
25/02/2016,121,A,1,4,UWS1,2,11:49:36,2699,0,13.50402899,0.779967585,203.6682791,13.6837444,2.126145638,39.53855896,6,1.420000017,1,2.840000033,43.7730217,39.53855896,45.9736824,279.4968567,245.6739197,24.38019753,50.43774796,27.29034996,56.45827484,299.1893005,1437.500977,1.47248888,101.2473755,-0.624990106,1.771723628,1,-0.219565243,2.737391472,1,0,0.159999996,111115,0.498648834,0.013683744,312.688559,316.9230217,230.0001511,-3.673557962,7.232835244,71.43726155,20.9995136,41.65579033,8.095132224,0.611913752,5.106689606,2.988442618,0.394670112,20.62087873,0.829018723,75.44140026,239.254751,0.042580674
25/02/2016,121,A,1,4,UWS1,Remark=,"""11:51:39 Warning! Large Deltas in match: CO2=-0.7, H2O=1.18""
",,,,,,,,,,,,,,,,,,,,,,,,,,,,,,,,,,,,,,,,,,,,,,,,,,,,,,
25/02/2016,121,A,1,4,UWS1,3,11:51:58,2841,0,3.243139791,0.685824978,116.1110503,14.27660602,2.452257517,40.42728043,6,1.420000017,1,2.840000033,44.29434586,40.42728043,45.97320175,140.415329,130.1915283,23.5318737,50.69117737,25.63713455,55.22623062,299.4091797,1425.815674,1.373000979,101.2465897,0.043314338,0.59364593,1,-0.219565243,2.737391472,1,0,0.159999996,111115,0.499015299,0.014276606,313.5772804,317.4443459,228.1305027,-4.046675924,7.584566351,74.9118205,24.22064313,42.36081314,8.401371038,0.552421903,5.132308834,3.269062204,0.355195486,11.75584787,0.891847971,72.21174183,128.649895,0.018203884
25/02/2016,121,A,1,4,UWS1,4,11:54:21,2984,0,-0.995676412,0.690740285,78.75968212,15.06866885,2.568385833,41.02831268,6,1.420000017,1,2.840000033,42.44013977,41.02831268,42.04991531,79.70571136,79.30612183,23.34241104,51.9754715,28.01360321,62.37660217,299.3490906,1403.042969,1.432675958,101.2471619,-0.41122973,0.618048549,1,-0.219565243,2.737391472,1,0,0.159999996,111115,0.498915151,0.015068669,314.1783127,315.5901398,224.48687,-4.875953959,7.830754809,77.34295623,25.36748473,41.73422623,8.128717176,0.555606546,5.262368976,2.8663482,0.357302396,7.974194284,0.993109741,71.79414067,79.77941871,-0.008960172
25/02/2016,121,A,1,4,UWS1,5,11:56:42,3125,0,0.853399091,0.720594139,97.54410114,15.2080746,2.505832335,40.93753433,6,1.420000017,1,2.840000033,42.30181122,40.93753433,42.04511261,108.8614502,103.9926529,23.40223312,52.2236824,28.2891674,63.12920761,300.0651245,1411.28894,1.408447504,101.2433548,-0.367154717,0.649565578,1,-0.219565243,2.737391472,1,0,0.159999996,111115,0.500108541,0.015208075,314.0875343,315.4518112,225.8062254,-4.940172991,7.793133142,76.97426816,24.75058576,41.61967278,8.079707736,0.574760077,5.287300806,2.792406929,0.369988825,9.875692041,0.937990314,72.58186312,103.5869878,0.005979641
25/02/2016,121,A,1,4,UWS1,6,11:59:04,3266.5,0,5.310665584,0.71253287,143.6294681,15.38567215,2.556703629,41.10916519,6,1.420000017,1,2.840000033,43.48118973,41.10916519,44.01947403,180.2698975,164.5844269,23.2681675,52.42566299,26.44304466,59.57899857,300.0065918,1407.808472,1.510818601,101.2422409,0.091905951,0.639014125,1,-0.219565243,2.737391472,1,0,0.159999996,111115,0.500010986,0.015385672,314.2591652,316.6311897,225.2493504,-4.87685011,7.864395232,77.6789921,25.25332911,42.29517746,8.372443926,0.569619883,5.307691603,3.064752324,0.366581707,14.54136921,0.872679578,72.20235604,162.0599908,0.023660532
25/02/2016,121,A,1,4,UWS1,7,12:01:50,3432.5,0,14.70655441,0.737062722,250.6722374,16.52640668,2.662847091,42.07583618,6,1.420000017,1,2.840000033,43.4435997,42.07583618,43.02765656,341.2012329,301.8035889,24.22371674,55.45091629,27.58090401,63.13590622,299.9308777,1392.811157,1.452519059,101.2346268,0.235185981,0.712244868,1,-0.219565243,2.737391472,1,0,0.159999996,111115,0.499884796,0.016526407,315.2258362,316.5935997,222.8497802,-5.635406568,8.276399905,81.75463445,26.30371816,42.75971794,8.579044992,0.585189106,5.613552815,2.965492177,0.3769072,25.3767104,0.830580704,72.57405456,294.8127972,0.036203119
25/02/2016,121,A,1,4,UWS1,8,12:04:11,3574,0,20.6034259,0.793694617,320.169174,15.4449274,2.355297765,40.99107361,6,1.420000017,1,2.840000033,44.6375618,40.99107361,46.71299744,438.4849854,385.2519836,24.6403923,53.93346024,26.36932945,57.71779251,299.2911987,1425.206421,1.290503263,101.2359467,0.502916694,0.736224055,0.333333343,-0.219565243,2.737391472,1,0,0.159999996,111115,0.498818665,0.015444927,314.1410736,317.7875618,228.0330222,-4.673247204,7.815302668,77.19888958,23.26542935,42.8143177,8.60361517,0.620330808,5.460004903,3.143610266,0.400274901,32.41262942,0.83106431,74.79298715,375.4581017,0.041042976
25/02/2016,121,A,1,4,UWS1,9,12:07:05,3748,0,28.66967277,0.706167292,384.5093916,13.66523246,2.296597471,39.81010056,6,1.420000017,1,2.840000033,44.60840988,39.81010056,46.94187546,550.1569214,479.5217896,23.76644707,49.80582428,25.47260284,53.38130188,299.1920471,1444.931152,1.417038321,101.2366333,-0.29630816,0.812075496,1,-0.219565243,2.737391472,1,0,0.159999996,111115,0.498653412,0.013665232,312.9601006,317.7584099,231.1889792,-3.556921366,7.33877144,72.4912633,22.68543902,42.20925522,8.334706413,0.565544417,5.042173969,3.292532444,0.36388163,38.92643627,0.801860103,73.30537913,465.8936002,0.045109897
25/02/2016,121,A,1,4,UWS1,10,12:10:42,3965,0,32.15143195,0.718070942,459.4400578,15.79992446,2.604795662,41.53705978,6,1.420000017,1,2.840000033,43.78762817,41.53705978,44.00945282,651.0552368,568.6033325,23.76701355,53.73473358,26.57998657,60.09456635,299.3404846,1398.914307,1.428377867,101.2329712,-0.302411675,0.661517024,0.333333343,-0.219565243,2.737391472,1,0,0.159999996,111115,0.498900808,0.015799924,314.6870598,316.9376282,223.8262841,-5.11941052,8.044522399,79.46543803,25.73070445,42.66234398,8.5353769,0.573153688,5.439726737,3.095650163,0.368923853,46.51048213,0.808015063,72.3108658,553.3200816,0.042017233
25/02/2016,121,A,1,4,UWS1,11,12:13:04,4107,0,37.18374071,0.737724034,576.634657,16.14230057,2.602816188,41.67856979,6,1.420000017,1,2.840000033,43.83538437,41.67856979,44.00763702,799.7342529,702.5906372,23.79410553,54.3532753,26.54290199,60.6323967,299.7119446,1407.8125,1.362999916,101.2277069,-0.354108453,0.73502624,1,-0.219565243,2.737391472,1,0,0.159999996,111115,0.499519908,0.016142301,314.8285698,316.9853844,225.249995,-5.290968221,8.104873609,80.06576319,25.71248789,42.75697708,8.577813193,0.585605888,5.502057422,3.075755771,0.37718384,58.37140405,0.820726361,72.67094279,684.9152677,0.039452727
25/02/2016,121,A,1,4,UWS1,12,12:15:33,4256,0,42.61302245,0.730242162,737.2463169,16.13305105,2.622774522,41.66839218,6,1.420000017,1,2.840000033,43.84679031,41.66839218,44.0093956,1000.124512,886.1799316,23.56160164,54.11512756,26.2669735,60.32868958,299.67099,1405.27417,1.431227088,101.2239227,-0.650556207,0.734076381,1,-0.219565243,2.737391472,1,0,0.159999996,111115,0.49945165,0.016133051,314.8183922,316.9967903,224.8438622,-5.28763298,8.100520013,80.02574682,25.91061926,42.75759125,8.578089199,0.580881534,5.477745491,3.100343708,0.374048745,74.62696421,0.8319375,72.39295848,865.9237416,0.03562534
25/02/2016,121,A,1,4,UWS1,13,12:18:00,4403,0,48.06005627,0.734014684,991.1486666,16.320381,2.640653854,41.82740021,6,1.420000017,1,2.840000033,43.93083572,41.82740021,44.00623703,1300.300781,1165.954346,23.71714401,54.61405563,26.32449341,60.6180687,299.6233215,1402.899048,1.372923136,101.2214813,-1.528119683,0.753981471,1,-0.219565243,2.737391472,1,0,0.159999996,111115,0.499372203,0.016320381,314.9774002,317.0808357,224.4638426,-5.397737243,8.168769467,80.70193559,26.08787996,42.87911797,8.632854633,0.583266128,5.528115612,3.10473902,0.375630976,100.3255362,0.850075022,72.44873182,1143.108897,0.030459829
25/02/2016,121,A,1,4,UWS1,14,12:20:22,4545,0,51.74051105,0.730101691,1253.39246,16.03335996,2.606230398,41.6900177,6,1.420000017,1,2.840000033,43.86042404,41.6900177,44.00863647,1599.673462,1449.681763,24.04691315,54.37488937,26.7865963,60.56986237,299.9517212,1406.485718,1.223705053,101.2147827,-2.867841244,0.772948146,1,-0.219565243,2.737391472,1,0,0.159999996,111115,0.499919535,0.01603336,314.8400177,317.010424,225.0377098,-5.23555719,8.109773011,80.12439283,25.74950346,42.77522087,8.58601521,0.580792646,5.503542613,3.082472597,0.373989774,126.8618455,0.86459835,72.59205736,1425.086802,0.026355939
25/02/2016,121,A,1,4,UWS1,15,12:27:22,4965,0,54.38520843,0.689150759,1433.303583,13.63046027,2.332865866,40.12329102,6,1.420000017,1,2.840000033,43.05212784,40.12329102,43.99427795,1798.661255,1644.62561,24.73105621,50.68296432,28.73376083,58.88596725,299.1601563,1437.293457,1.294787526,101.2126694,-3.984906673,0.315085292,0.333333343,-0.219565243,2.737391472,1,0,0.159999996,111115,0.49860026,0.01363046,313.273291,316.2021278,229.966948,-3.847397383,7.462623977,73.73211302,23.04914869,41.58770943,8.066078592,0.554577658,5.129758111,2.936320481,0.356621623,145.0684817,0.871507518,73.17500793,1618.773487,0.02458428
25/02/2016,122,A,6,4,UWS1,Remark=,"""12:51:00 A-R6-04""
",,,,,,,,,,,,,,,,,,,,,,,,,,,,,,,,,,,,,,,,,,,,,,,,,,,,,,
25/02/2016,122,A,6,4,UWS1,Remark=,"""12:51:53 Launched AutoProg /User/Configs/AutoProgs/A-CiCurve""
",,,,,,,,,,,,,,,,,,,,,,,,,,,,,,,,,,,,,,,,,,,,,,,,,,,,,,
25/02/2016,122,A,6,4,UWS1,Remark=,"""12:55:28 Warning! Large Deltas in match: CO2=0.9, H2O=-1.06""
",,,,,,,,,,,,,,,,,,,,,,,,,,,,,,,,,,,,,,,,,,,,,,,,,,,,,,
25/02/2016,122,A,6,4,UWS1,16,12:55:47,6670,0,18.42393907,1.063816703,304.9505411,15.86277894,1.941281152,40.05258942,6,1.420000017,1,2.840000033,44.9234314,40.05258942,46.94390488,400.0361023,351.8967285,24.21120071,54.29385376,25.51510429,57.2178688,299.2062073,1441.363403,1.397126675,101.1758423,0.213335514,1.868655086,1,-0.219565243,2.737391472,1,0,0.159999996,111115,0.498677012,0.015862779,313.2025894,318.0734314,230.6181394,-4.672785084,7.434507537,73.48105407,19.18720031,42.48801041,8.457676083,0.773919391,5.493226385,2.964449698,0.503420019,30.85362785,0.866591009,79.70742828,343.1388703,0.042796807
25/02/2016,122,A,6,4,UWS1,Remark=,"""12:58:20 Warning! Large Deltas in match: CO2=-0.7, H2O=1.20""
",,,,,,,,,,,,,,,,,,,,,,,,,,,,,,,,,,,,,,,,,,,,,,,,,,,,,,
25/02/2016,122,A,6,4,UWS1,17,12:58:39,6842,0,11.50827619,0.913202441,214.1151183,16.9413469,2.31338701,41.36017609,6,1.420000017,1,2.840000033,43.66707993,41.36017609,42.88230133,280.0733032,248.5878143,23.87187958,55.90720367,26.84907913,62.87971497,299.5606384,1409.869141,1.260663509,101.1720352,0.877535343,0.67195785,1,-0.219565243,2.737391472,1,0,0.159999996,111115,0.499267731,0.016941347,314.5101761,316.8170799,225.5790575,-5.674765284,7.969632589,78.77307768,22.865874,42.51362801,8.469055379,0.69100854,5.656245579,2.8128098,0.447533365,21.66246229,0.861325882,76.44934134,243.117331,0.036188294
25/02/2016,122,A,6,4,UWS1,18,13:01:31,7013.5,0,2.814487074,1.092507166,118.668626,18.87361688,2.247840226,42.18251801,6,1.420000017,1,2.840000033,43.75479507,42.18251801,42.99552917,139.1988831,128.6928864,24.50471687,60.05025482,27.43417549,67.22907257,299.4511108,1402.001343,1.354415059,101.1678162,0.430208683,0.829314113,0.666666687,-0.219565243,2.737391472,1,0,0.159999996,111115,0.499085185,0.018873617,315.332518,316.9047951,224.3202098,-6.781579301,8.322993366,82.26918087,22.21892605,42.96865654,8.673398111,0.788992933,6.07515314,2.598244971,0.513632936,12.00544574,0.922107114,79.00123916,127.355014,0.01745891
25/02/2016,122,A,6,4,UWS1,Remark=,"""13:04:43 Warning! Large Deltas in match: CO2=0.1, H2O=2.67""
",,,,,,,,,,,,,,,,,,,,,,,,,,,,,,,,,,,,,,,,,,,,,,,,,,,,,,
25/02/2016,122,A,6,4,UWS1,19,13:05:01,7223.5,0,-0.156084341,0.763458453,75.64465181,13.62319071,2.152723819,39.36129761,6,1.420000017,1,2.840000033,43.9535408,39.36129761,45.95865631,79.75627899,77.93935394,23.56193542,49.53763199,26.10785484,54.89028168,299.0871887,1450.480835,1.661506414,101.1690292,0.342684269,-1.837060094,0.666666687,-0.219565243,2.737391472,1,0,0.159999996,111115,0.498478648,0.013623191,312.5112976,317.1035408,232.0769284,-3.563544569,7.164397958,70.81611845,21.27848646,41.6574192,8.095828458,0.601705844,5.011674139,3.084154319,0.387879432,7.652895991,0.97055785,74.80227628,78.01354896,-0.001496594
25/02/2016,122,A,6,4,UWS1,Remark=,"""13:07:04 Warning! Large Deltas in match: CO2=0.3, H2O=-4.72""
",,,,,,,,,,,,,,,,,,,,,,,,,,,,,,,,,,,,,,,,,,,,,,,,,,,,,,
25/02/2016,122,A,6,4,UWS1,20,13:07:23,7366,0,1.752857081,1.281597107,96.43026314,16.93713986,1.816547863,39.86755753,6,1.420000017,1,2.840000033,44.3222084,39.86755753,45.96321869,109.3718338,102.3782501,22.69986725,54.80881119,24.67545509,59.57886505,299.1472168,1437.569946,1.31611073,101.1664124,-0.001531124,2.884432793,1,-0.219565243,2.737391472,1,0,0.159999996,111115,0.498578695,0.01693714,313.0175575,317.4722084,230.0111863,-5.298761981,7.361358656,72.76484838,17.9560372,42.09488297,8.28470202,0.883088692,5.544810793,2.739891227,0.577755279,9.755503765,0.94190185,81.83786388,101.5450258,0.014126746
25/02/2016,122,A,6,4,UWS1,Remark=,"""13:09:29 Warning! Large Deltas in match: CO2=-0.5, H2O=2.22""
",,,,,,,,,,,,,,,,,,,,,,,,,,,,,,,,,,,,,,,,,,,,,,,,,,,,,,
25/02/2016,122,A,6,4,UWS1,21,13:09:48,7510.5,0,6.068379277,0.999295789,143.9639987,17.18107826,2.197190123,40.78409958,6,1.420000017,1,2.840000033,44.27286148,40.78409958,44.99385071,179.8366699,162.0854492,22.12582779,54.69097519,24.11226273,59.60108185,299.2419128,1416.087769,1.438314199,101.1631317,0.499979496,0.660552025,0.666666687,-0.219565243,2.737391472,1,0,0.159999996,111115,0.498736521,0.017181078,313.9340996,317.4228615,226.5740379,-5.604883124,7.72990045,76.41025262,21.71927743,42.52848053,8.475658913,0.739198073,5.532710327,2.942948587,0.47995656,14.56384897,0.888198166,77.49884957,159.2008323,0.029540826
25/02/2016,122,A,6,4,UWS1,22,13:13:06,7708.5,0,14.10487326,1.126858066,262.18368,19.91268733,2.318175281,42.35290527,6,1.420000017,1,2.840000033,45.03266144,42.35290527,44.95606613,339.9005127,299.6560364,22.57487297,60.10071945,23.65296555,62.9709053,299.2484741,1403.802124,1.36579144,101.1586227,1.182596684,0.823950768,1,-0.219565243,2.737391472,1,0,0.159999996,111115,0.498747457,0.019912687,315.5029053,318.1826614,224.6083348,-7.128991732,8.397881287,83.0169595,22.91624005,43.69278336,9.007385386,0.806753573,6.079706006,2.92767938,0.525687318,26.52213997,0.874948768,78.71401099,292.9512552,0.037898836
25/02/2016,122,A,6,4,UWS1,Remark=,"""13:16:18 Warning! Large Deltas in match: CO2=-0.3, H2O=1.99""
",,,,,,,,,,,,,,,,,,,,,,,,,,,,,,,,,,,,,,,,,,,,,,,,,,,,,,
25/02/2016,122,A,6,4,UWS1,23,13:16:37,7919.5,0,20.32327978,0.817179276,324.0512622,14.91793572,2.232765644,39.69638824,6,1.420000017,1,2.840000033,44.78244019,39.69638824,46.95043564,438.9273071,386.5824585,21.60414886,50.03636551,22.9294796,53.10590363,299.0585632,1448.248901,1.53782177,101.156044,1.469065189,-1.170235634,0.666666687,-0.219565243,2.737391472,1,0,0.159999996,111115,0.498430939,0.014917936,312.8463882,317.9324402,231.719819,-4.147010551,7.294246435,72.10885426,22.07248875,42.23941422,8.347935601,0.634584464,5.061480791,3.286454809,0.409777445,32.77974374,0.838246162,74.68355087,376.9217446,0.040268696
25/02/2016,122,A,6,4,UWS1,Remark=,"""13:18:45 Warning! Large Deltas in match: CO2=1.9, H2O=-3.59""
",,,,,,,,,,,,,,,,,,,,,,,,,,,,,,,,,,,,,,,,,,,,,,,,,,,,,,
25/02/2016,122,A,6,4,UWS1,24,13:19:04,8066.5,0,24.96053189,1.158415874,421.6785884,17.68275941,2.03359728,40.32689667,6,1.420000017,1,2.840000033,45.21826172,40.32689667,46.94531631,550.2764282,483.1026306,20.95437622,54.47690964,21.7449398,56.5322113,299.2516785,1431.415283,1.341685891,101.1531601,-0.416341305,2.423541069,1,-0.219565243,2.737391472,1,0,0.159999996,111125,0.498752797,0.017682759,313.4768967,318.3682617,229.0264402,-5.61447697,7.544108842,74.58104952,20.10413988,42.77257919,8.584827148,0.822801129,5.510511562,3.074315586,0.536598455,42.65412176,0.872855086,79.53286533,471.2375892,0.042127001
25/02/2016,122,A,6,4,UWS1,Remark=,"""13:22:21 Warning! Large Deltas in match: CO2=-2.1, H2O=1.64""
",,,,,,,,,,,,,,,,,,,,,,,,,,,,,,,,,,,,,,,,,,,,,,,,,,,,,,
25/02/2016,122,A,6,4,UWS1,25,13:22:40,8283,0,25.91830887,1.019257147,498.682816,20.30767866,2.540637429,42.75260544,6,1.420000017,1,2.840000033,46.42444992,42.75260544,46.94667816,649.4976807,574.2280884,21.42150307,59.66950989,20.89455605,58.20170212,299.5596008,1392.322998,1.313206077,101.1439743,1.717386723,0.781790733,0.666666687,-0.219565243,2.737391472,1,0,0.159999996,111125,0.499266001,0.020307679,315.9026054,319.5744499,222.7716747,-7.185145935,8.575848803,84.78852905,25.11901916,44.58852768,9.435873123,0.750064118,6.035211375,3.400661748,0.487290239,50.43876193,0.868440305,76.50153918,561.9077656,0.035286761
25/02/2016,122,A,6,4,UWS1,26,13:25:02,8425,0,28.86730121,0.985104607,623.4194901,20.51023613,2.62621482,43.25025177,6,1.420000017,1,2.840000033,44.46536636,43.25025177,43.00118256,800.2613525,713.1043091,22.46980858,61.06105042,24.23882294,65.86829376,299.4129028,1383.574097,1.549125195,101.1408539,1.447428226,0.899752617,0.666666687,-0.219565243,2.737391472,1,0,0.159999996,111115,0.499021505,0.020510236,316.4002518,317.6153664,221.3718505,-7.692405235,8.801981598,87.02696546,25.96591505,43.85780907,9.085037495,0.731404074,6.175766778,2.909270717,0.474701416,63.05317956,0.874233239,76.07596275,699.3821766,0.031400682
25/02/2016,122,A,6,4,UWS1,27,13:27:24,8567,0,31.82878059,0.996157704,800.4867726,19.25963981,2.451450361,42.57355881,6,1.420000017,1,2.840000033,43.99895859,42.57355881,42.99640274,999.755249,901.1882324,23.47215271,59.76173782,25.93953705,66.04386902,299.4024353,1399.343994,1.374274254,101.139595,0.883036137,0.949114799,0.666666687,-0.219565243,2.737391472,1,0,0.159999996,111115,0.499004059,0.01925964,315.7235588,317.1489586,223.8950341,-7.001665039,8.495728323,84.00002314,24.23828531,43.2862587,8.818541598,0.737479558,6.044277962,2.774263636,0.478797472,80.96090801,0.888257019,76.9834272,886.0583545,0.027653806
25/02/2016,122,A,6,4,UWS1,28,13:30:56,8779,0,31.87859206,0.906442246,1082.89347,16.29048226,2.241313173,40.75904083,6,1.420000017,1,2.840000033,45.34205246,40.75904083,46.93929291,1299.310669,1196.265747,23.25716209,54.16697693,23.97756386,55.84482574,299.0909424,1435.731079,1.455336928,101.1373138,-1.422383785,1.335284233,0.666666687,-0.219565243,2.737391472,1,0,0.159999996,111115,0.498484904,0.016290482,313.9090408,318.4920525,229.7169675,-4.938220295,7.719615719,76.32806751,22.16109058,43.05054665,8.710622483,0.687130834,5.478302546,3.232319938,0.444931465,109.5209367,0.905228184,76.45441223,1181.112191,0.020635288
25/02/2016,122,A,6,4,UWS1,29,13:33:50,8953,0,31.6966312,0.795498695,1355.396755,15.69732973,2.390249804,40.7178154,6,1.420000017,1,2.840000033,42.64403152,40.7178154,42.01555252,1600.533691,1490.132568,22.72270393,52.52915192,26.94948769,62.30040359,299.3868103,1420.658569,1.439716935,101.1337814,-3.041158199,0.779788017,0.666666687,-0.219565243,2.737391472,1,0,0.159999996,111115,0.498978017,0.01569733,313.8678154,315.7940315,227.305366,-5.086711304,7.702721573,76.163686,23.63453408,41.68092346,8.105880708,0.621432296,5.312471769,2.793408939,0.40100873,137.0763992,0.909581325,74.09173352,1475.065508,0.015921044
25/02/2016,122,A,6,4,UWS1,30,13:36:12,9095,0,31.61491449,0.820391168,1541.586108,16.17515012,2.402866233,40.88457108,6,1.420000017,1,2.840000033,42.5400238,40.88457108,42.05889511,1799.821411,1681.916016,22.38379669,53.0857811,26.69088936,63.30055618,299.325531,1405.266357,1.476636171,101.1266937,-5.098165035,0.760573387,1,-0.219565243,2.737391472,1,0,0.159999996,111115,0.498875885,0.01617515,314.0345711,315.6900238,224.8426122,-5.400158826,7.771255759,76.8467303,23.7609492,41.71229744,8.119315504,0.636519655,5.368389526,2.750925978,0.411068679,155.8955062,0.916565449,74.34323181,1666.887799,0.014100259
25/02/2016,,,,,UWS1,Remark=,"""13:43:58 ambient""
",,,,,,,,,,,,,,,,,,,,,,,,,,,,,,,,,,,,,,,,,,,,,,,,,,,,,,
25/02/2016,,,,,UWS1,Remark=,"""13:44:04 Launched AutoProg /User/Configs/AutoProgs/AutoLog""
",,,,,,,,,,,,,,,,,,,,,,,,,,,,,,,,,,,,,,,,,,,,,,,,,,,,,,
25/02/2016,,,,,UWS1,31,13:45:15,9639,0,-141.1681784,0.035298894,6761.822461,2.25905747,6.1605759,43.91162109,6,1.420000017,1,2.840000033,43.77359009,43.91162109,43.02549362,400.1855164,680.0313721,24.77965164,29.17509079,27.69916153,32.61246872,299.3761292,1419.538696,1.352960944,101.1104813,-5.098165035,0.760573387,0.666666687,-0.219565243,2.737391472,1,0,0.159999996,111115,0.498960215,0.002259057,317.0616211,316.9235901,227.1261863,1.448372195,9.110483371,90.10424297,60.92915218,43.84260559,9.077859436,0.034865544,2.949907471,6.127951965,0.021829489,683.6911233,9.943397818,28.97341493,747.1359631,-0.054744041
25/02/2016,,,,,UWS1,32,13:46:15,9699.5,0,-138.1194125,0.077850231,3394.003032,4.26088758,5.346703623,43.02809525,6,1.420000017,1,2.840000033,43.58670807,43.02809525,43.01678085,399.9012451,670.8654785,24.91632843,33.16891861,28.12397385,37.43897629,299.5102234,1423.000854,1.425402164,101.1097031,-5.098165035,0.760573387,0.333333343,-0.219565243,2.737391472,1,0,0.159999996,111115,0.499183706,0.004260888,316.1780952,316.7367081,227.6801316,0.54733383,8.700403134,86.04914139,52.88022278,43.30740166,8.828278044,0.075773134,3.353699512,5.474578533,0.047540543,343.1666388,5.059140976,36.39465268,736.5208323,-0.068250725
25/02/2016,,,,,UWS1,33,13:47:16,9760,0,-151.9576677,0.146708495,2320.23029,6.154215883,4.203505407,41.25526047,6,1.420000017,1,2.840000033,43.42825699,41.25526047,43.02078247,399.7631531,695.3553467,24.9473877,36.81217575,28.39194679,41.89494324,299.7608948,1427.494263,1.385641098,101.1076736,-5.098165035,0.760573387,0.333333343,-0.219565243,2.737391472,1,0,0.159999996,111115,0.499601491,0.006154216,314.4052605,316.578257,228.3990769,-0.157403245,7.925498859,78.38671955,41.5745438,42.34175873,8.392964434,0.139502107,3.721993452,4.670970982,0.087808841,234.593087,3.336754799,46.48506853,767.5887442,-0.092025354
25/02/2016,,,,,UWS1,34,13:48:16,9820.5,0,-164.3519209,0.171158173,2229.060507,7.207177857,4.244223655,41.82027054,6,1.420000017,1,2.840000033,43.35903931,41.82027054,43.02363205,399.4196167,717.7957764,24.92911148,38.78522491,28.47369194,44.29996109,299.9822083,1428.909546,1.270518303,101.1074448,-5.098165035,0.760573387,0.666666687,-0.219565243,2.737391472,1,0,0.159999996,111115,0.499970347,0.007207178,314.9702705,316.5090393,228.6255222,-0.790478546,8.165698641,80.76258539,41.97736047,42.58965492,8.502904472,0.161429318,3.921474986,4.581429487,0.101724509,225.3746121,3.105424384,47.86163784,795.9208083,-0.098830839
25/02/2016,,,,,UWS1,35,13:49:17,9881,0,-171.2102454,0.10248865,3290.550115,6.119886034,5.844755938,44.83948898,6,1.420000017,1,2.840000033,43.73709106,44.83948898,43.03141785,399.6257019,733.2716675,24.93837929,36.73560715,27.92902565,41.14099503,299.8196716,1420.010254,1.379919052,101.1084976,-5.098165035,0.760573387,0.666666687,-0.219565243,2.737391472,1,0,0.159999996,111115,0.499699453,0.006119886,317.989489,316.8870911,227.2016355,-0.666492506,9.559037985,94.54237982,57.80677268,44.28829002,9.290329432,0.098918909,3.714282048,5.576047384,0.062135424,332.7025785,4.487491145,36.8401585,814.6568184,-0.077424167
25/02/2016,,,,,UWS1,36,13:50:17,9941.5,0,-168.6226686,0.075752656,4083.99568,5.543487385,7.058385866,47.01694107,6,1.420000017,1,2.840000033,44.07351685,47.01694107,43.03710938,399.7886963,729.3336792,25.19070816,35.89227295,27.72203064,39.49895859,299.6488342,1414.581543,1.284721613,101.1061935,-5.098165035,0.760573387,0.666666687,-0.219565243,2.737391472,1,0,0.159999996,111115,0.499414724,0.005543487,320.1669411,317.2235168,226.3330418,-0.679344054,10.68731696,105.7038801,69.81160717,45.54522896,9.912873817,0.073784566,3.628931095,6.283942721,0.046288226,412.9172577,5.599625791,30.77001032,809.48882,-0.064096268
25/02/2016,,,,,UWS1,37,13:51:18,10002,0,-145.4308865,0.067725909,3913.320502,4.993474082,7.094858017,46.97405243,6,1.420000017,1,2.840000033,44.24651337,46.97405243,43.03039932,399.7372742,684.1290894,25.65599442,35.30266953,27.98067665,38.50143433,299.6177063,1409.62085,1.415453553,101.1020508,-5.098165035,0.760573387,0.666666687,-0.219565243,2.737391472,1,0,0.159999996,111115,0.499362844,0.004993474,320.1240524,317.3965134,225.5393309,-0.375800953,10.6640303,105.4778832,70.17521368,45.6102829,9.946052229,0.066148456,3.569172287,6.376879942,0.041481673,395.6447281,5.720149256,30.09849047,753.2599677,-0.05811075
25/02/2016,,,,,UWS1,38,13:52:18,10062.5,0,-161.90908,0.069719222,4217.542828,5.064199904,6.992989602,46.91289139,6,1.420000017,1,2.840000033,44.31111908,46.91289139,43.02610016,399.5777283,716.4979858,26.20801926,35.98304367,28.48676682,39.11171341,299.6600952,1407.146118,1.342961669,101.1006393,-5.098165035,0.760573387,0.666666687,-0.219565243,2.737391472,1,0,0.159999996,111115,0.499433492,0.0050642,320.0628914,317.4611191,225.1433739,-0.396040371,10.63089832,105.1516429,69.16859921,45.61200523,9.946931946,0.068048693,3.637908721,6.309023226,0.04267743,426.3962763,5.886328937,30.92160358,793.4618082,-0.063096778
25/02/2016,,,,,UWS1,39,13:53:19,10123,0,-144.9431692,0.059162882,4379.632838,4.220708668,6.85582496,46.45660019,6,1.420000017,1,2.840000033,44.33218384,46.45660019,43.02460861,399.441803,684.0222168,26.76351166,34.92354965,29.05793762,37.91753387,299.5064392,1406.281982,1.035995126,101.0975571,-5.098165035,0.760573387,0.333333343,-0.219565243,2.737391472,1,0,0.159999996,111115,0.499177399,0.004220709,319.6066002,317.4821838,225.0051122,0.10661423,10.38651051,102.7375024,67.81395277,45.39439201,9.836312623,0.057955552,3.530685554,6.305627069,0.03632879,442.7701808,6.402764019,30.56042568,752.9212577,-0.058831185
25/02/2016,123,B,6,4,UWS1,Remark=,"""14:44:43 B-R6-04""
",,,,,,,,,,,,,,,,,,,,,,,,,,,,,,,,,,,,,,,,,,,,,,,,,,,,,,
25/02/2016,123,B,6,4,UWS1,Remark=,"""14:57:21 Launched AutoProg /User/Configs/AutoProgs/A-CiCurve""
",,,,,,,,,,,,,,,,,,,,,,,,,,,,,,,,,,,,,,,,,,,,,,,,,,,,,,
25/02/2016,123,B,6,4,UWS1,40,14:59:49,14112,0,8.57861332,0.426733377,318.6199513,12.95750215,3.281810928,42.91674805,6,1.420000017,1,2.840000033,44.1276207,42.91674805,44.00751495,400.8374329,373.9099731,28.55357933,53.16427231,31.29289436,58.26463318,299.1047668,1400.022949,1.186680913,100.9712448,2.539530277,0.940077782,1,-0.219565243,2.737391472,1,0,0.159999996,111115,0.498507945,0.012957502,316.066748,317.2776207,224.0036669,-3.820723277,8.649873682,85.66670341,32.5024311,43.52218437,8.927714981,0.370989197,5.368062754,3.559652226,0.23630561,32.1714531,0.852130123,64.55519249,369.8321112,0.014974201
25/02/2016,123,B,6,4,UWS1,41,15:02:12,14255,0,4.737011399,0.452484294,229.2503833,13.95219309,3.351888949,43.42094421,6,1.420000017,1,2.840000033,44.40867615,43.42094421,44.006073,278.8928223,262.0585632,28.30549049,54.75679779,30.57218933,59.14170837,299.1507874,1392.589844,1.432535529,100.9707565,2.723642826,0.976828575,1,-0.219565243,2.737391472,1,0,0.159999996,111115,0.498584646,0.013952193,316.5709442,317.5586761,222.81437,-4.372415112,8.880724248,87.95342882,33.19663103,43.91481018,9.111993314,0.390299629,5.528835298,3.583158016,0.248853489,23.14758464,0.874805923,64.94207613,259.8068149,0.011840773
25/02/2016,123,B,6,4,UWS1,42,15:04:37,14400,0,0.398118941,0.4964673,126.585676,14.93481911,3.307231233,43.76098633,6,1.420000017,1,2.840000033,44.62216949,43.76098633,44.00335312,140.158844,135.3068085,28.51627731,56.77301025,30.46020317,60.6431694,299.1200256,1387.192505,1.406906486,100.9665833,2.35904932,1.031786919,1,-0.219565243,2.737391472,1,0,0.159999996,111115,0.498533376,0.014934819,316.9109863,317.7721695,221.9507958,-4.899634938,9.0394081,89.52871147,32.75570121,44.19157791,9.243862394,0.422592823,5.732176866,3.511685528,0.269893548,12.7809232,0.935545502,66.39940375,135.1175618,0.001956434
25/02/2016,123,B,6,4,UWS1,43,15:08:08,14610.5,0,-0.61267843,0.478696145,77.62989556,12.52823658,2.883537888,41.70480728,6,1.420000017,1,2.840000033,43.30050278,41.70480728,43.41540527,79.79760742,79.04018402,27.99745369,51.82804108,32.02941513,59.29188538,299.084259,1428.249634,1.340196729,100.9601822,1.540735722,0.96284771,0.333333343,-0.219565243,2.737391472,1,0,0.159999996,111115,0.498473765,0.012528237,314.8548073,316.4505028,228.5199363,-3.497867084,8.116106358,80.38918098,28.5611399,42.50265503,8.464179579,0.409647945,5.23256847,3.23161111,0.261451107,7.837528399,0.982157323,67.44389718,79.331422,-0.005208708
25/02/2016,123,B,6,4,UWS1,44,15:10:31,14754,0,0.130146591,0.495931823,101.6418242,12.65031208,2.827176238,41.46386337,6,1.420000017,1,2.840000033,43.19700241,41.46386337,43.43437195,109.9949112,107.0192108,27.30758476,51.37119293,31.40847969,59.08581924,299.2182312,1414.287842,1.740947127,100.957016,1.738184452,0.882834435,1,-0.219565243,2.737391472,1,0,0.159999996,111115,0.498697052,0.012650312,314.6138634,316.3470024,226.2860496,-3.566159932,8.013458585,79.37495484,28.0037619,42.33043289,8.387971047,0.422204786,5.186282346,3.2016887,0.269640312,10.26145527,0.949753072,67.86370754,106.9573454,0.000825771
25/02/2016,123,B,6,4,UWS1,45,15:14:04,14967,0,1.976348107,0.638385116,157.884454,15.86234817,2.851269659,42.98986816,6,1.420000017,1,2.840000033,44.00271988,42.98986816,43.38921356,181.023819,171.6013489,27.79619408,57.77013779,30.65382195,63.70928192,299.1794128,1396.844971,1.27477932,100.9476089,2.323755741,1.013957024,0.666666687,-0.219565243,2.737391472,1,0,0.159999996,111115,0.498632355,0.015862348,316.1398682,317.1527199,223.4951903,-5.336704531,8.683026937,86.01518181,28.24504403,43.49629402,8.915677523,0.52122283,5.831757278,3.083920244,0.334591569,15.93805813,0.920065344,71.11252292,170.6618876,0.008235178
25/02/2016,123,B,6,4,UWS1,46,15:17:35,15177.5,0,7.417763354,0.485759774,276.7610545,12.09383708,2.75479753,41.04474258,6,1.420000017,1,2.840000033,42.97386169,41.04474258,43.42513275,340.9611206,318.3612976,27.31572723,50.35064316,31.78350449,58.58602524,299.1520691,1431.334961,1.298989534,100.947731,2.261744022,0.906683922,0.666666687,-0.219565243,2.737391472,1,0,0.159999996,111115,0.498586782,0.012093837,314.1947426,316.1238617,229.0135886,-3.222813714,7.837580712,77.63998886,27.2893457,42.00930214,8.247455537,0.414809804,5.082783182,3.164672355,0.264816234,27.93840048,0.869330087,67.93309086,314.8352482,0.016005565
25/02/2016,123,B,6,4,UWS1,47,15:19:58,15320.5,0,10.63183242,0.497990446,351.5167551,12.63851314,2.816236324,41.29150391,6,1.420000017,1,2.840000033,43.09623718,41.29150391,43.42521667,440.2449951,408.5534973,26.69489479,50.76529694,30.86206627,58.68994522,299.0456543,1416.811401,1.543440223,100.9446411,1.941767216,0.852217674,0.666666687,-0.219565243,2.737391472,1,0,0.159999996,111115,0.498409424,0.012638513,314.4415039,316.2462372,226.6898192,-3.54552533,7.940721004,78.66411645,27.89881952,42.19387054,8.327964948,0.423695901,5.12448468,3.203480268,0.270613481,35.48373269,0.860393455,67.73747869,403.4996334,0.017848183
25/02/2016,123,B,6,4,UWS1,48,15:22:21,15463.5,0,12.73200298,0.502544209,440.822466,13.57347399,2.99418315,42.01095963,6,1.420000017,1,2.840000033,43.44750595,42.01095963,43.42267227,550.6484985,511.1878967,26.23826599,52.05031204,29.78182983,59.07987976,299.0922241,1404.694946,1.254913568,100.9406509,2.188593388,0.883517265,0.666666687,-0.219565243,2.737391472,1,0,0.159999996,111115,0.49848704,0.013573474,315.1609596,316.597506,224.7511864,-4.097345119,8.248175529,81.71312006,29.66280802,42.72923279,8.565352951,0.426987787,5.253992379,3.311360571,0.272762445,44.49690666,0.862349185,66.94592951,505.1357123,0.016873798
25/02/2016,123,B,6,4,UWS1,49,15:24:44,15606.5,0,14.00809651,0.486472027,521.8588575,14.09699188,3.190739597,42.64169312,6,1.420000017,1,2.840000033,43.75399399,42.64169312,43.42077255,649.831543,604.6337891,26.07524872,52.85865402,29.12711143,59.04526138,299.1070862,1396.350464,1.139789701,100.9371338,2.5294137,0.92617321,0.666666687,-0.219565243,2.737391472,1,0,0.159999996,111115,0.49851181,0.014096992,315.7916931,316.903994,223.4160692,-4.42575078,8.52614063,84.46981116,31.61115714,43.19784355,8.777926538,0.415329078,5.335401033,3.442525505,0.26515486,52.67493732,0.863099064,65.69423935,597.9750109,0.01538946
25/02/2016,123,B,6,4,UWS1,50,15:27:06,15749,0,15.71310776,0.445967088,644.6996596,13.81927869,3.368873447,42.93403244,6,1.420000017,1,2.840000033,43.86059952,42.93403244,43.41221237,800.0077515,747.8152466,26.15814018,52.39764786,29.05793571,58.20625305,299.4381104,1400.096436,1.296087503,100.936348,2.771540165,0.968958855,0.333333343,-0.219565243,2.737391472,1,0,0.159999996,111115,0.499063517,0.013819279,316.0840324,317.0105995,224.0154247,-4.304457976,8.657700664,85.7738648,33.37621694,43.39731598,8.869788025,0.385441028,5.288827217,3.580960809,0.245694025,65.07362918,0.862110879,63.87335872,740.3459877,0.013556486
25/02/2016,123,B,6,4,UWS1,51,15:29:28,15890.5,0,17.68664753,0.390671259,809.8707744,12.72955548,3.486890081,42.81641769,6,1.420000017,1,2.840000033,43.2213707,42.81641769,42.44090652,1001.348389,941.8800659,26.48808861,50.70340729,30.42007637,58.23000336,299.4168396,1397.591919,1.161083579,100.9334793,2.327570438,0.954646111,0.666666687,-0.219565243,2.737391472,1,0,0.159999996,111115,0.499028066,0.012729555,315.9664177,316.3713707,223.614702,-3.837366488,8.604561391,85.24982444,34.54641715,43.0188942,8.696218031,0.343429055,5.11767131,3.578546721,0.218440323,81.74307505,0.859844903,61.77845102,933.4726807,0.011705256
25/02/2016,123,B,6,4,UWS1,52,15:32:59,16101.5,0,19.41020136,0.337206546,1066.66466,11.01066404,3.441707099,42.43043518,6,1.420000017,1,2.840000033,41.5610733,42.43043518,39.89688873,1300.411743,1234.344849,28.49246788,49.44542313,35.701931,61.95661926,299.7067566,1397.689331,1.36145246,100.928299,1.096369267,0.979636192,0.666666687,-0.219565243,2.737391472,1,0,0.159999996,111115,0.499511261,0.011010664,315.5804352,314.7110733,223.630288,-3.162616179,8.432149546,83.54593938,34.10051625,41.99575424,8.241572535,0.301417795,4.990442447,3.251130088,0.191304787,107.6566497,0.864154504,60.91661527,1225.118169,0.009651345
25/02/2016,123,B,6,4,UWS1,53,15:35:28,16251,0,20.64266136,0.328955174,1335.752414,10.55599132,3.370418736,42.53986359,6,1.420000017,1,2.840000033,41.50798035,42.53986359,39.90916061,1600.516357,1526.890869,30.56341553,50.63487625,38.40307617,63.62295914,299.5743103,1390.034668,1.432490468,100.9245911,-0.57037878,1.000624657,1,-0.219565243,2.737391472,1,0,0.159999996,111115,0.499290517,0.010555991,315.6898636,314.6579803,222.4055419,-2.969941258,8.480722915,84.03029257,33.39541632,42.02392197,8.25380809,0.294807798,5.110304179,3.143503911,0.187045983,134.8102662,0.874818523,61.81204284,1517.078337,0.008410674
25/02/2016,123,B,6,4,UWS1,54,15:37:53,16396,0,20.80348878,0.322999642,1521.067972,9.954038795,3.23016675,42.40797043,6,1.420000017,1,2.840000033,41.40877533,42.40797043,39.88262558,1797.955566,1721.892822,32.51963425,51.4473381,41.07390594,64.98052979,299.3050842,1403.735718,1.530558586,100.9195251,-1.606145382,1.097014427,0.333333343,-0.219565243,2.737391472,1,0,0.159999996,111115,0.498841807,0.009954039,315.5579704,314.5587753,224.5977098,-2.633131334,8.422207681,83.45468995,32.00735185,41.90837288,8.203715502,0.29001552,5.192040932,3.01167457,0.18396014,153.5054574,0.883369715,63.07278632,1712.00384,0.007664317
25/02/2016,124,B,6,3,UWS1,Remark=,"""15:59:11 B-R6-03""
",,,,,,,,,,,,,,,,,,,,,,,,,,,,,,,,,,,,,,,,,,,,,,,,,,,,,,
25/02/2016,124,B,6,3,UWS1,Remark=,"""16:06:38 Launched AutoProg /User/Configs/AutoProgs/A-CiCurve""
",,,,,,,,,,,,,,,,,,,,,,,,,,,,,,,,,,,,,,,,,,,,,,,,,,,,,,
25/02/2016,124,B,6,3,UWS1,55,16:09:05,18267.5,0,9.524248015,0.435645339,315.6801228,11.70728637,2.905713306,42.77149963,6,1.420000017,1,2.840000033,42.05589676,42.77149963,40.88476563,399.7596436,371.980011,34.17900085,56.29253006,41.70292282,68.68436432,299.7690735,1394.468994,1.348624587,100.877121,2.414911747,1.14341259,1,-0.219565243,2.737391472,1,0,0.159999996,111115,0.499615122,0.011707286,315.9214996,315.2058968,223.1150341,-3.498299475,8.584341671,85.09701296,28.8044829,42.4136982,8.424741563,0.37770657,5.678628365,2.746113199,0.240667708,31.84490194,0.848648082,68.42023793,367.4526396,0.017734294
25/02/2016,124,B,6,3,UWS1,56,16:11:27,18410,0,5.532060228,0.452658255,228.2699626,11.93306346,2.861452272,42.99279785,6,1.420000017,1,2.840000033,44.70257187,42.99279785,45.96754456,279.6181946,262.2493896,35.17580795,57.7237587,37.38405991,61.34751892,299.2088013,1419.132446,1.394167662,100.8753662,2.208338261,1.042681694,0.666666687,-0.219565243,2.737391472,1,0,0.159999996,111115,0.498681335,0.011933063,316.1427979,317.8525719,227.0611863,-3.183658386,8.684357569,86.08997316,28.36621446,43.84768486,9.08025698,0.390429054,5.822905298,3.257351682,0.248937673,23.02681607,0.870430863,69.3783257,259.6197132,0.014783356
25/02/2016,124,B,6,3,UWS1,57,16:14:21,18583.5,0,1.032109983,0.412357029,124.017703,11.3789013,2.964471244,42.68859482,6,1.420000017,1,2.840000033,44.70368576,42.68859482,45.96120453,140.0974274,134.947937,33.78588104,55.34343338,35.90397644,58.81301117,299.1755371,1434.795166,1.465267301,100.8730164,1.978220463,0.999365807,1,-0.219565243,2.737391472,1,0,0.159999996,111115,0.498625895,0.011378901,315.8385948,317.8536858,229.5672214,-2.825879355,8.547130305,84.73158247,29.38814909,43.69614029,9.008959237,0.360075464,5.582659061,3.426300176,0.229224938,12.51003979,0.919004068,67.43271081,134.4573214,0.005176213
25/02/2016,124,B,6,3,UWS1,58,16:16:46,18729,0,-0.584400116,0.470491001,79.08150908,12.14895583,2.827008814,42.27145767,6,1.420000017,1,2.840000033,42.15732956,42.27145767,40.69099426,81.36962891,80.57824707,31.84104919,54.87257767,38.64076996,66.59072876,299.1285095,1408.803711,1.779356003,100.8701019,1.334383488,0.891329765,1,-0.219565243,2.737391472,1,0,0.159999996,111115,0.498547516,0.012148956,315.4214577,315.3073296,225.4085887,-3.605358511,8.362011316,82.89880903,28.02623136,42.21439362,8.336959078,0.403624249,5.535002502,2.801956576,0.2575264,7.976959882,0.981425037,68.85134195,80.8560429,-0.004976342
25/02/2016,124,B,6,3,UWS1,59,16:19:09,18871.5,0,0.559905438,0.655484534,100.1080243,14.33770213,2.523816804,42.31310272,6,1.420000017,1,2.840000033,42.05408096,42.31310272,40.87123108,110.2367401,106.0655899,30.98895454,58.06340408,37.8094101,70.84275818,299.2904358,1396.572876,1.506418586,100.8641968,2.31961298,1.313693047,1,-0.219565243,2.737391472,1,0,0.159999996,111115,0.498817393,0.014337702,315.4631027,315.204081,223.4516552,-4.766049131,8.380335419,83.08533342,25.02192933,42.18359184,8.323463518,0.532565961,5.856518615,2.466944903,0.342074854,10.09731547,0.943831307,73.67352352,105.7994377,0.003898906
25/02/2016,124,B,6,3,UWS1,60,16:21:30,19012.5,0,2.893186518,0.637775143,154.6103918,13.8221209,2.492183241,41.90417099,6,1.420000017,1,2.840000033,41.82623672,41.90417099,40.87840271,180.4693451,169.9739838,30.50508881,56.60973358,37.66740036,69.90117645,299.7088318,1407.452148,1.475165606,100.8610229,2.80851984,1.408614159,1,-0.219565243,2.737391472,1,0,0.159999996,111115,0.49951472,0.013822121,315.054171,314.9762367,225.1923387,-4.457510838,8.201898879,81.31881513,24.70908155,41.86520386,8.185068621,0.520816135,5.709715638,2.475352983,0.334323429,15.59416227,0.909612097,73.34884368,168.5987015,0.012586804
25/02/2016,124,B,6,3,UWS1,61,16:23:52,19155,0,8.553539264,0.578958917,276.0156363,12.89066617,2.520658376,41.61685181,6,1.420000017,1,2.840000033,41.64728928,41.61685181,40.88434982,341.4077759,316.1695557,30.76454926,55.1057663,38.34696198,68.68746185,300.2392883,1410.413574,1.478022814,100.8577881,3.036516666,1.300196648,1,-0.219565243,2.737391472,1,0,0.159999996,111115,0.500398814,0.012890666,314.7668518,314.7972893,225.6661668,-3.961765549,8.078504075,80.09796991,24.99220361,41.63207054,8.084999498,0.4809193,5.557845699,2.527153798,0.308073789,27.83832655,0.87299878,72.20247654,312.1036128,0.019787875
25/02/2016,124,B,6,3,UWS1,62,16:27:28,19371,0,11.63267993,0.668757416,356.7465942,13.44885342,2.328403253,42.13840103,6,1.420000017,1,2.840000033,41.44703293,42.13840103,39.88591003,439.1109619,404.9136963,33.91279221,59.24700928,42.71918106,74.63212585,299.6433411,1392.782837,1.62151289,100.8539429,4.263475895,1.615977287,1,-0.219565243,2.737391472,1,0,0.159999996,111115,0.499405568,0.013448853,315.288401,314.5970329,222.8452489,-4.38824468,8.303697742,82.33389301,23.08688373,41.79271698,8.153840419,0.541294493,5.975294489,2.178545931,0.347839251,35.97930063,0.881043535,75.57480731,399.3840774,0.022012333
25/02/2016,124,B,6,3,UWS1,63,16:30:59,19581.5,0,14.84005972,0.551738128,442.1005765,10.25029927,2.093039863,40.38328552,6,1.420000017,1,2.840000033,40.40691376,40.38328552,39.89597321,549.0078735,508.7778015,34.82804871,54.27386093,46.36235428,72.24820709,299.1073608,1433.252808,1.398443818,100.8546677,3.433763981,1.456458092,0.333333343,-0.219565243,2.737391472,1,0,0.159999996,111115,0.498512268,0.010250299,313.5332855,313.5569138,229.3204441,-2.578012614,7.56681207,75.02689013,20.7530292,40.39509964,7.571576153,0.461986223,5.473772207,2.097803946,0.295654981,44.58790672,0.868946277,75.23794962,501.7235479,0.022254002
25/02/2016,124,B,6,3,UWS1,64,16:34:32,19794.5,0,16.32212099,0.536577348,520.624632,12.75480235,2.652549631,42.1766243,6,1.420000017,1,2.840000033,44.55463409,42.1766243,45.96679306,650.1099243,601.9700928,32.05469131,56.20064545,34.32013321,60.17259216,299.1302185,1420.254395,1.684119582,100.8505096,2.894579411,1.126204491,0.666666687,-0.219565243,2.737391472,1,0,0.159999996,111115,0.498550364,0.012754802,315.3266243,317.7046341,227.240698,-3.500076871,8.320413366,82.50244244,26.30179699,43.3656292,8.855140231,0.451308978,5.667863736,3.187276495,0.288662178,52.50525947,0.864867937,71.18792129,594.2113382,0.019554286
25/02/2016,124,B,6,3,UWS1,65,16:37:00,19943,0,18.29839304,0.527387026,647.343232,13.0534476,2.755821127,42.1739006,6,1.420000017,1,2.840000033,42.57289886,42.1739006,42.0349617,799.7394409,743.605835,30.44703102,55.16808319,36.14197159,65.48694611,299.3395386,1416.60437,1.613059163,100.8445435,3.392809391,1.263838768,1,-0.219565243,2.737391472,1,0,0.159999996,111115,0.498899231,0.013053448,315.3239006,315.7228989,226.6566942,-3.972323137,8.31922129,82.49550253,27.32741934,42.37339973,8.406928106,0.444789727,5.563400163,2.843527944,0.284396355,65.28103269,0.870546197,69.9969424,734.9076553,0.017428469
25/02/2016,124,B,6,3,UWS1,66,16:39:22,20085,0,19.5146892,0.535223086,828.317689,13.34408023,2.782158475,42.2073822,6,1.420000017,1,2.840000033,42.54893494,42.2073822,42.05377579,1001.139221,936.9597168,29.78014755,55.05583572,35.39256287,65.43174744,299.3250427,1407.161987,1.463807106,100.8381195,2.936693668,1.268515587,0.666666687,-0.219565243,2.737391472,1,0,0.159999996,111115,0.498875071,0.01334408,315.3573822,315.6989349,225.1459129,-4.146745007,8.333885417,82.64618041,27.59034469,42.37815857,8.409029994,0.450350548,5.551726942,2.857303051,0.288034856,83.52599811,0.884048347,69.83307665,927.6833682,0.014690042
25/02/2016,124,B,6,3,UWS1,67,16:41:45,20228,0,20.3753526,0.546423011,1101.341314,13.74728203,2.812347433,42.57202911,6,1.420000017,1,2.840000033,42.74385071,42.57202911,42.05071259,1299.98938,1225.376709,30.35122108,56.35582352,35.70377731,66.29438782,299.313385,1399.591675,1.311707139,100.8360596,2.25773859,1.305197716,1,-0.219565243,2.737391472,1,0,0.159999996,111115,0.498855642,0.013747282,315.7220291,315.8938507,223.934663,-4.390411264,8.495046611,84.24611837,27.89029485,42.65793991,8.533406418,0.458253842,5.682699177,2.850707241,0.293209669,111.0549184,0.898777744,70.13668862,1215.691242,0.011755121
25/02/2016,124,B,6,3,UWS1,68,16:45:16,20438.5,0,19.75568183,0.482729453,1382.572686,11.88624414,2.709695609,41.73717117,6,1.420000017,1,2.840000033,42.89319229,41.73717117,44.08584976,1599.087646,1523.151245,31.19538879,53.75415802,36.41045761,62.74047089,299.1468811,1426.06897,1.483695626,100.8347092,2.451708317,1.422350883,0.333333343,-0.219565243,2.737391472,1,0,0.159999996,111115,0.498578135,0.011886244,314.8871712,316.0431923,228.1710301,-3.243469432,8.1299805,80.62680566,26.87264764,42.31518173,8.381251108,0.412598037,5.42028489,2.960966217,0.263374116,139.4113147,0.907705449,69.46053713,1513.76034,0.009065109
25/02/2016,124,B,6,3,UWS1,69,16:47:38,20581,0,20.33317632,0.399297264,1545.013717,11.43850017,3.071337031,42.28317261,6,1.420000017,1,2.840000033,43.47178268,42.28317261,44.01486969,1800.359741,1720.134766,30.7906208,52.52217102,34.86663055,59.47496033,299.2255554,1419.768311,1.364344835,100.8302841,-0.625806332,1.160140038,1,-0.219565243,2.737391472,1,0,0.159999996,111125,0.498709259,0.0114385,315.4331726,316.6217827,227.1629246,-3.018162776,8.367162457,82.98263295,30.46046193,42.87747765,8.632113421,0.350077236,5.295825427,3.336287994,0.222745224,155.7841721,0.898193414,65.47882749,1710.469347,0.007783785
25/02/2016,,,,,UWS1,Remark=,"""16:51:40 Launched AutoProg /User/Configs/AutoProgs/AutoLog""
",,,,,,,,,,,,,,,,,,,,,,,,,,,,,,,,,,,,,,,,,,,,,,,,,,,,,,
25/02/2016,,,,,UWS1,Remark=,"""16:51:54 ambient""
",,,,,,,,,,,,,,,,,,,,,,,,,,,,,,,,,,,,,,,,,,,,,,,,,,,,,,
25/02/2016,,,,,UWS1,70,16:52:07,20850.5,0,-312.0879343,-0.001946739,-242551.2321,-0.132535813,6.431137006,44.74082565,6,1.420000017,1,2.840000033,44.26020813,44.74082565,44.42745209,5.109609604,630.8783569,30.79941177,30.54184914,33.47358322,33.19366074,299.3165283,42.51024628,0.69352442,100.8228073,-0.625806332,1.160140038,0.333333343,-0.219565243,2.737391472,1,0,0.159999996,111105,0.498860881,-0.000132536,317.8908257,317.4102081,6.801639252,0.069195864,9.510451976,94.32837896,63.78652982,44.50051689,9.393006044,-0.001948075,3.07931497,6.313691074,-0.001217427,-24454.69613,-384.4659266,27.82561868,779.2300141,-0.111443857
25/02/2016,,,,,UWS1,71,16:52:27,20871,0,-314.8713718,-0.004670994,-101513.3641,-0.321925425,6.503547033,44.82598877,6,1.420000017,1,2.840000033,44.50566483,44.82598877,44.56891632,4.835010529,636.5098267,30.86633492,30.24044609,33.12148666,32.44986725,299.2770386,42.97517014,0.643775284,100.8196182,-0.625806332,1.160140038,0.333333343,-0.219565243,2.737391472,1,0,0.159999996,111105,0.498795064,-0.000321925,317.9759888,317.6556648,6.876027068,0.191633069,9.552377263,94.74720725,64.50676116,44.6658268,9.473662321,-0.004678689,3.04883023,6.424832091,-0.002923488,-10234.53861,-159.4843627,27.25895059,786.1845967,-0.109173637
25/02/2016,,,,,UWS1,72,16:52:48,20891.5,0,-307.4376805,-0.006467155,-71333.00746,-0.453409754,6.609207959,45.00151825,6,1.420000017,1,2.840000033,44.64870071,45.00151825,44.70769882,4.648709774,621.697876,30.93643188,30.05456543,32.95196533,32.01264191,299.2172241,45.27472305,0.582664669,100.8194809,-0.625806332,1.160140038,0.333333343,-0.219565243,2.737391472,1,0,0.159999996,111105,0.498695374,-0.00045341,318.1515182,317.7987007,7.243955527,0.257311404,9.639293644,95.60943538,65.55486995,44.82510948,9.55194358,-0.006481915,3.030085685,6.521857894,-0.004049868,-7191.756783,-114.7390239,26.67081727,767.8390252,-0.106788193
25/02/2016,,,,,UWS1,73,16:53:08,20912,0,-309.4118631,-0.008050793,-57526.90784,-0.565567718,6.619308949,44.99422836,6,1.420000017,1,2.840000033,44.78110886,44.99422836,44.84497452,4.544350147,625.7053833,31.01876068,29.91858101,32.81420898,31.65034866,299.2129822,45.7130928,0.669363379,100.8190002,-0.625806332,1.160140038,0.666666687,-0.219565243,2.737391472,1,0,0.159999996,111105,0.498688304,-0.000565568,318.1442284,317.9311089,7.314094685,0.33732358,9.635670375,95.57395285,65.65537184,44.88766861,9.582841548,-0.00807368,3.016361426,6.566480121,-0.005043989,-5799.805336,-91.93928865,26.49677096,772.7849644,-0.106089218
25/02/2016,,,,,UWS1,74,16:53:29,20932.5,0,-309.011891,-0.003649381,-127823.8223,-0.247114883,6.393121505,44.68101883,6,1.420000017,1,2.840000033,44.92115402,44.68101883,44.98628235,4.460246086,624.374939,31.10919571,30.62887764,32.67290878,32.1684494,299.2342529,46.97400665,0.72621268,100.8193359,-0.625806332,1.160140038,0.333333343,-0.219565243,2.737391472,1,0,0.159999996,111105,0.498723755,-0.000247115,317.8310188,318.071154,7.515840896,0.250390363,9.481104609,94.04053817,63.41166053,44.80108643,9.540101493,-0.003654076,3.087983104,6.452118389,-0.002283375,-12887.11288,-204.7228586,27.99467686,771.2643925,-0.11216242
25/02/2016,,,,,UWS1,75,16:53:49,20953,0,-303.7520404,0.001921615,241895.8439,0.116590085,5.754085837,43.50840759,6,1.420000017,1,2.840000033,44.78679657,43.50840759,45.09348679,4.339089394,613.223877,31.18885994,31.4152813,32.98410034,33.2235527,299.2492676,47.16757965,0.618191957,100.8178787,-0.625806332,1.160140038,0.333333343,-0.219565243,2.737391472,1,0,0.159999996,111105,0.498748779,0.00011659,316.6584076,317.9367966,7.546812575,0.230794761,8.921307857,88.48934306,57.07406176,44.14760208,9.222799992,0.001920316,3.16722202,6.055577973,0.001200314,24387.42585,394.4657946,31.43473337,757.6130494,-0.126032206
25/02/2016,,,,,UWS1,76,16:54:10,20973.5,0,-297.9563886,-0.013441259,-33219.1309,-0.776994298,5.470436255,42.51346588,6,1.420000017,1,2.840000033,44.73392487,42.51346588,45.16801453,4.199973583,602.5612183,31.25403404,29.74244499,33.14316559,31.54020691,299.2418823,47.8783989,0.65799582,100.8171005,-0.625806332,1.160140038,0.333333343,-0.219565243,2.737391472,1,0,0.159999996,111105,0.498736471,-0.000776994,315.6634659,317.8839249,7.660543652,0.835908966,8.468983322,84.00344067,54.26099567,43.62369537,8.975047236,-0.013505177,2.998547067,5.976500169,-0.00843497,-3349.056459,-55.12988538,31.18536599,744.1954154,-0.124858053
25/02/2016,,,,,UWS1,77,16:54:30,20994,0,-299.2288527,-0.025460804,-17266.80109,-1.514747206,5.610252169,42.51224899,6,1.420000017,1,2.840000033,44.68017578,42.51224899,45.20946884,4.133648872,606.0236206,31.30173111,28.35029602,33.28601837,30.14748573,299.2043457,49.0031662,0.585515082,100.8169479,-0.625806332,1.160140038,0.333333343,-0.219565243,2.737391472,1,0,0.159999996,111105,0.49867391,-0.001514747,315.662249,317.8301758,7.840506417,1.205529631,8.468442487,83.99820328,55.64790726,43.59621239,8.962211169,-0.025691126,2.858190318,6.104020851,-0.016036101,-1740.786187,-28.49196055,29.17312886,748.2626862,-0.116662798
25/02/2016,,,,,UWS1,78,16:54:51,21014.5,0,-296.5100968,-0.039578617,-10773.0013,-2.309571338,5.487699145,41.87929535,6,1.420000017,1,2.840000033,44.61994934,41.87929535,45.21763992,3.996276855,601.46875,31.32311249,26.81520271,33.41294479,28.60427284,299.1594543,49.76290131,0.601146519,100.817894,-0.625806332,1.160140038,0.333333343,-0.219565243,2.737391472,1,0,0.159999996,111105,0.498599091,-0.002309571,315.0292953,317.7699493,7.962064031,1.70276943,8.191151409,81.24699977,54.43179706,43.24962234,8.801692357,-0.040137985,2.703452264,6.098240093,-0.025035378,-1086.111303,-17.91115714,28.17701728,742.4154493,-0.112534971
25/02/2016,,,,,UWS1,79,16:55:11,21035,0,-292.1907409,-0.048222769,-8594.614341,-2.796556499,5.443543077,41.54948044,6,1.420000017,1,2.840000033,44.54301453,41.54948044,45.21194839,3.910060167,593.317749,31.31606102,25.85170746,33.53792191,27.68587494,299.1307983,50.36859894,0.689266145,100.8158112,-0.625806332,1.160140038,0.333333343,-0.219565243,2.737391472,1,0,0.159999996,111105,0.498551331,-0.002796556,314.6994804,317.6930145,8.05897565,1.992268353,8.049803934,79.84664153,53.99493407,43.04624748,8.708664802,-0.049055728,2.606260857,6.102403944,-0.03058389,-866.4730164,-14.48568555,27.37020834,732.2112334,-0.109221507
25/02/2016,,,,,UWS1,80,16:55:32,21055.5,0,-288.0035718,-0.058692722,-6851.68303,-3.279724962,5.236668091,40.81836319,6,1.420000017,1,2.840000033,44.42363358,40.81836319,45.18058014,3.815502644,585.371582,31.28520393,24.87003326,33.7128334,26.79986572,299.1182861,50.75858688,0.449080199,100.8166809,-0.625806332,1.160140038,0.333333343,-0.219565243,2.737391472,1,0,0.159999996,111105,0.498530477,-0.003279725,313.9683632,317.5736336,8.12137372,2.336231021,7.743982299,76.81250988,51.94247662,42.62099838,8.516893419,-0.059931289,2.507314208,6.009579211,-0.037343773,-690.7639417,-11.70484397,27.2519731,722.2746867,-0.108665937
25/02/2016,,,,,UWS1,81,16:55:52,21076,0,-289.6665254,-0.079389763,-4945.840731,-3.803235445,4.478705584,38.59868622,6,1.420000017,1,2.840000033,44.27165985,38.59868622,45.1344223,3.754972696,589.3213501,31.23020744,23.78236961,33.91910553,25.83001518,299.1030884,51.36595917,0.659421921,100.8152695,-0.625806332,1.160140038,0.333333343,-0.219565243,2.737391472,1,0,0.159999996,111105,0.498505147,-0.003803235,311.7486862,317.4216599,8.218553283,2.929361238,6.876331586,68.20724303,44.42487341,41.43517303,8.001311067,-0.081672858,2.397626001,5.603685066,-0.050835384,-498.6162661,-8.392434332,29.76425227,727.0149433,-0.118590513
25/02/2016,,,,,UWS1,82,16:56:13,21096.5,0,-286.8848737,-0.07793504,-4981.760592,-4.207055852,5.039336735,39.83518219,6,1.420000017,1,2.840000033,44.25020599,39.83518219,45.07048798,3.643846273,584.1199341,31.15280533,22.90597534,33.87291718,24.90601349,299.0741272,51.84100342,0.596891224,100.8159332,-0.625806332,1.160140038,0.333333343,-0.219565243,2.737391472,1,0,0.159999996,111105,0.498456879,-0.004207056,312.9851822,317.400206,8.294560361,2.939708616,7.348624016,72.89149424,49.9855189,42.04269409,8.261971096,-0.080134073,2.309287281,5.952683816,-0.049881472,-502.2408432,-8.528660471,25.94256587,720.4912633,-0.103297987
25/02/2016,,,,,UWS1,83,16:56:33,21117,0,-286.4254317,-0.079795663,-4840.153329,-4.363632527,5.102068544,39.89104843,6,1.420000017,1,2.840000033,44.10515213,39.89104843,44.9899025,3.565375805,583.097168,31.0562191,22.50183296,34.02289963,24.65134621,299.1758423,51.3861084,0.618214786,100.8158798,-0.625806332,1.160140038,0.333333343,-0.219565243,2.737391472,1,0,0.159999996,111105,0.498626404,-0.004363633,313.0410484,317.2551521,8.22177716,2.986987982,7.370610632,73.10961968,50.60778672,41.99810028,8.242591012,-0.082102502,2.268542088,5.974048924,-0.0511017,-487.9643163,-8.300766313,25.20124657,719.2501004,-0.100358386
25/02/2016,,,,,UWS1,84,16:56:54,21137.5,0,-283.5688127,-0.082235736,-4636.409967,-4.323269172,4.905658614,39.37631989,6,1.420000017,1,2.840000033,44.03607559,39.37631989,44.90815735,3.559855223,577.5131836,30.94163704,22.46240044,34.01839066,24.69600296,299.0475464,52.98252869,0.63385123,100.8136826,-0.625806332,1.160140038,0.333333343,-0.219565243,2.737391472,1,0,0.159999996,111105,0.498412577,-0.004323269,312.5263199,317.1860756,8.4772044,3.039310086,7.170175921,71.12304341,48.66064297,41.70619774,8.116702014,-0.084687982,2.264517307,5.852184707,-0.052704068,-467.4135626,-8.028232252,26.08350561,712.3082162,-0.103838037
25/02/2016,,,,,UWS1,85,16:57:14,21158,0,-286.8153426,-0.073765196,-5279.916506,-4.392857566,5.556671805,40.94138718,6,1.420000017,1,2.840000033,44.01492691,40.94138718,44.84917068,3.531586409,584.1395264,30.81820488,22.20014572,33.91955948,24.43423271,299.0466003,53.78327179,0.531523883,100.8126221,-0.625806332,1.160140038,0.666666687,-0.219565243,2.737391472,1,0,0.159999996,111105,0.498411001,-0.004392858,314.0913872,317.1649269,8.605323294,2.825743706,7.794726705,77.31895615,55.11881043,42.47815704,8.45330276,-0.075732239,2.238054901,6.21524786,-0.047151903,-532.2822273,-9.038793418,22.97891373,720.4778038,-0.091476864
25/02/2016,,,,,UWS1,86,16:57:35,21178.5,0,-281.3240304,-0.078309464,-4853.08608,-4.361916467,5.198860672,40.04296112,6,1.420000017,1,2.840000033,44.06150436,40.04296112,44.82871246,3.573034763,572.9248657,30.6946125,22.13827705,33.70203781,24.30736351,299.1012573,51.64867401,0.71344018,100.8129501,-0.625806332,1.160140038,0.666666687,-0.219565243,2.737391472,1,0,0.159999996,111105,0.498502096,-0.004361916,313.1929611,317.2115044,8.263787657,2.955660422,7.430685692,73.70765048,51.56937343,42.05223274,8.266121629,-0.080529978,2.231825021,6.034296609,-0.050126913,-489.253925,-8.470719933,24.42980812,706.6528364,-0.09725698
25/02/2016,,,,,UWS1,87,16:57:55,21199,0,-286.9797816,-0.062132511,-6367.218215,-4.109837136,6.175941582,42.45885849,6,1.420000017,1,2.840000033,44.16322708,42.45885849,44.83248138,3.563125134,584.1913452,30.56565285,22.50504684,33.38376999,24.57998466,299.0354614,54.46439362,0.625324726,100.8130035,-0.625806332,1.160140038,0.333333343,-0.219565243,2.737391472,1,0,0.159999996,111105,0.498392436,-0.004109837,315.6088585,317.3132271,8.714302784,2.464146061,8.444742949,83.76640565,61.26135881,43.31104279,8.829955742,-0.063522227,2.268801367,6.561154375,-0.039574151,-641.8983924,-10.89919984,21.03478371,720.6077891,-0.083770363
25/02/2016,,,,,UWS1,88,16:58:16,21219.5,0,-297.993114,-0.0649521,-6327.470792,-3.809216957,5.487073976,40.96135712,6,1.420000017,1,2.840000033,44.18762207,40.96135712,44.85586548,3.595028162,606.2354736,30.44148636,22.97284126,33.20547867,25.05870438,298.9866333,52.71698761,0.683597922,100.8110809,-0.625806332,1.160140038,0.333333343,-0.219565243,2.737391472,1,0,0.159999996,111105,0.498311056,-0.003809217,314.1113571,317.3376221,8.434717829,2.550020419,7.802990936,77.40211556,54.4292743,42.57448959,8.496143153,-0.066472354,2.31591696,6.180226194,-0.041405908,-637.8791701,-10.43731531,24.23132749,747.8871283,-0.09654891
25/02/2016,,,,,UWS1,89,16:58:36,21240,0,-286.0894083,-0.06184712,-6404.389376,-3.748378217,5.671394269,41.40194321,6,1.420000017,1,2.840000033,44.26161575,41.40194321,44.88358307,3.536492348,581.7546997,30.31820869,22.97235107,32.94435883,24.96220779,299.1293335,54.15474319,0.513055027,100.8110657,-0.625806332,1.160140038,0.333333343,-0.219565243,2.737391472,1,0,0.159999996,111105,0.498548889,-0.003748378,314.5519432,317.4116158,8.664758717,2.463519717,7.987261461,79.23000722,56.25765615,42.83177948,8.611485902,-0.063223958,2.315867193,6.295618709,-0.039388923,-645.633318,-11.0087454,23.50479186,717.7479028,-0.093688494
25/02/2016,,,,,UWS1,90,16:58:57,21260.5,0,-288.6853952,-0.042470423,-9699.823529,-2.660664342,5.884039252,42.36256027,6,1.420000017,1,2.840000033,44.32279968,42.36256027,44.91863251,3.5396173,585.7089844,30.18238258,24.97894287,32.692276,27.05613136,299.1333313,54.27425766,0.662283182,100.8090286,-0.625806332,1.160140038,0.333333343,-0.219565243,2.737391472,1,0,0.159999996,111105,0.498555552,-0.002660664,315.5125603,317.4727997,8.683881031,1.76599545,8.402142219,83.34712013,58.36817726,43.34267998,8.844544607,-0.043115184,2.518102967,6.32644164,-0.026888311,-977.8297878,-16.56082421,24.83547775,722.9361953,-0.099173893
25/02/2016,,,,,UWS1,91,16:59:17,21281,0,-287.374808,-0.034064193,-12246.16233,-1.958900293,5.42342007,41.5884285,6,1.420000017,1,2.840000033,44.32817078,41.5884285,44.94721985,3.499816418,582.1546631,30.04314613,26.21731949,32.53268051,28.38982582,299.1578064,54.65697479,0.520149887,100.8098831,-0.625806332,1.160140038,0.333333343,-0.219565243,2.737391472,1,0,0.159999996,111105,0.498596344,-0.0019589,314.7384285,317.4781708,8.745115771,1.532286378,8.066384984,80.01581526,53.79849577,42.95829964,8.668700047,-0.034477734,2.642964913,6.025735133,-0.021511044,-1234.534193,-21.03592585,28.13153167,718.7588836,-0.112475737
25/02/2016,,,,,UWS1,92,16:59:38,21301.5,0,-285.8637122,-0.022181416,-19078.76799,-1.245159364,5.31252795,41.62396622,6,1.420000017,1,2.840000033,44.34223175,41.62396622,44.97835922,3.529566288,578.1096802,29.89599419,27.46810913,32.34923172,29.72211838,299.2622375,54.99664307,0.663694322,100.8082504,-0.625806332,1.160140038,0.333333343,-0.219565243,2.737391472,1,0,0.159999996,111105,0.498770396,-0.001245159,314.7739662,317.4922318,8.799462694,1.165364668,8.081539974,80.16744601,52.69933688,42.98309898,8.679953124,-0.022356024,2.769012024,5.9109411,-0.013956722,-1923.297222,-33.00198673,29.97749722,713.9955981,-0.120021449
25/02/2016,,,,,UWS1,93,16:59:58,21322,0,-298.0832164,-0.009807113,-45899.72083,-0.539049284,5.220429035,41.69686508,6,1.420000017,1,2.840000033,44.36820221,41.69686508,45.00898743,3.518073559,601.8844604,29.74062347,28.69073486,32.13799286,31.00347328,299.2223511,64.10895538,0.547160208,100.8087006,-0.625806332,1.160140038,0.333333343,-0.219565243,2.737391472,1,0,0.159999996,111105,0.498703918,-0.000539049,314.8468651,317.5182022,10.25743263,0.814656047,8.112704735,80.47623558,51.78550072,43.03253365,8.702422567,-0.009841096,2.8922757,5.810146867,-0.006147623,-4627.091213,-76.26001973,31.70016618,743.5789455,-0.12707847
25/02/2016,,,,,UWS1,94,17:00:19,21342.5,0,-288.9739465,-0.008220637,-53197.64361,-0.454844111,5.256833157,41.78312302,6,1.420000017,1,2.840000033,44.47977066,41.78312302,45.05118561,3.5321033,583.4433594,29.5831089,28.6973381,31.78297997,30.83134079,299.2588806,63.68787384,0.693532109,100.8066254,-0.625806332,1.160140038,0.333333343,-0.219565243,2.737391472,1,0,0.159999996,111105,0.498764801,-0.000454844,314.933123,317.6297707,10.19005959,0.775203856,8.149714968,80.84503313,52.14769503,43.13144684,8.74753254,-0.008244502,2.892881811,5.854650728,-0.005150664,-5362.67493,-91.1787627,31.56098521,720.8077337,-0.126528921
25/02/2016,,,,,UWS1,95,17:00:39,21363,0,-289.8480464,-0.007074418,-61780.61256,-0.441452309,5.911431687,43.22921753,6,1.420000017,1,2.840000033,44.63148117,43.22921753,45.10517883,3.476756573,585.2167969,29.43852806,28.57859802,31.3801403,30.46349144,299.2124023,63.53739548,0.568478763,100.8058014,-0.625806332,1.160140038,0.666666687,-0.219565243,2.737391472,1,0,0.159999996,111105,0.498687337,-0.000441452,316.3792175,317.7814812,10.16598305,0.564412539,8.792320163,87.22037861,58.64178059,43.93034935,9.119353774,-0.007092084,2.880888476,6.238465297,-0.004430962,-6227.84416,-105.5687617,28.45568741,722.9966764,-0.114078331
25/02/2016,,,,,UWS1,96,17:01:00,21383.5,0,-284.2830605,-0.012720453,-33322.00627,-0.84027331,6.240491805,43.73857498,6,1.420000017,1,2.840000033,44.76963043,43.73857498,45.17513275,3.48351264,574.5405273,29.29954529,27.66110802,31.00961113,29.27554703,299.1986694,63.26036835,0.606841624,100.8051758,-0.625806332,1.160140038,0.333333343,-0.219565243,2.737391472,1,0,0.159999996,111105,0.498664449,-0.000840273,316.888575,317.9196304,10.12165871,0.708014473,9.028874661,89.56757023,61.90646221,44.25410271,9.273880506,-0.012777685,2.788382856,6.48549765,-0.007980891,-3359.0307,-57.99766019,26.24912068,709.6750792,-0.105149252
25/02/2016,,,,,UWS1,97,17:01:20,21404,0,-284.3642425,-0.016183251,-25961.47222,-1.153546577,6.714138884,44.57314301,6,1.420000017,1,2.840000033,44.94126892,44.57314301,45.25268173,3.498498201,575.2072754,29.17712021,26.92563629,30.60746574,28.24560547,299.1324768,63.10715866,0.726230562,100.8046265,-0.625806332,1.160140038,0.333333343,-0.219565243,2.737391472,1,0,0.159999996,111105,0.498554128,-0.001153547,317.723143,318.0912689,10.09714516,0.761041131,9.428367593,93.53109994,66.60546365,44.75720596,9.518503525,-0.016275997,2.714228709,6.804274816,-0.010164125,-2617.036509,-45.13411657,23.78976284,710.3804172,-0.095230073
25/02/2016,,,,,UWS1,98,17:01:41,21424.5,0,-281.2579704,-0.018482452,-22364.92849,-1.362645349,6.934527534,44.91760254,6,1.420000017,1,2.840000033,45.12810135,44.91760254,45.35216141,3.526204348,569.1251221,29.07936287,26.4188652,30.21230698,27.44815636,299.187439,62.74323273,0.608264327,100.8040619,-0.625806332,1.160140038,0.333333343,-0.219565243,2.737391472,1,0,0.159999996,111105,0.498645732,-0.001362645,318.0676025,318.2781013,10.03891701,0.841103181,9.597656457,95.21100914,68.79214393,45.02285194,9.649903827,-0.018603522,2.663128923,6.986774904,-0.011616263,-2254.475636,-39.29703263,22.5652173,702.8216909,-0.090302381
