"","Date","Room","Vcmax25","Jmax25","alpha","g1","LA","R_leaf","R_stem","R_root"
"1",2016-01-08,1,91.4062671982145,162.127212890037,0.308921469477283,5.53321597368114,0.00272757418089654,0.00190396841763022,0.00052057464817407,0.000933831024778786
"2",2016-01-08,2,105.01855561582,165.738461461339,0.343343904104407,10.7336996557079,0.00272757418089654,0.0018610294804853,0.000542924696444015,0.000879006233986159
"3",2016-01-08,3,111.83607274774,167.974737655915,0.352295849920134,10.8420605334351,0.00272757418089654,0.00165540205730305,0.000390171647595408,0.000741363479397907
"4",2016-01-08,4,107.62350232901,154.350555289773,0.3522958,10.0188261906921,0.00272757418089654,0.00178100797894887,0.00050870828537215,0.000823989988543359
"5",2016-01-08,5,68.3976212834753,96.5941919446741,0.312485809617622,18.2460284549853,0.00272757418089654,0.00266605590665184,0.000535502208192088,0.00122888756738223
"6",2016-01-08,6,57.8073562092407,82.9357778457717,0.295175108049381,29.0421246533807,0.00272757418089654,0.0029242830470539,0.000554828369223925,0.00148450013708987
"7",2016-01-09,1,91.4062671982145,162.127212890037,0.308921469477283,5.53321597368114,0.00272842240984254,0.00210728066935226,0.000550144747601459,0.00106188514271463
"8",2016-01-09,2,105.01855561582,165.738461461339,0.343343904104407,10.7336996557079,0.0030612671473552,0.00210211830660832,0.000694364081312278,0.00103513389447434
"9",2016-01-09,3,111.83607274774,167.974737655915,0.352295849920134,10.8420605334351,0.00332495178823994,0.00207007846734309,0.000512097323195028,0.000920051581682587
"10",2016-01-09,4,107.62350232901,154.350555289773,0.3522958,10.0188261906921,0.00320450197759523,0.00219254159496158,0.000693695984597823,0.000931899952921543
"11",2016-01-09,5,68.3976212834753,96.5941919446741,0.312485809617622,18.2460284549853,0.00281108912202837,0.00290850334879821,0.000618054028744273,0.00116670811380466
"12",2016-01-09,6,57.8073562092407,82.9357778457717,0.295175108049381,29.0421246533807,0.00270069805643617,0.00286311842050427,0.000524442363971351,0.00135224614108853
"13",2016-01-10,1,91.4062671982145,162.127212890037,0.308921469477283,5.53321597368114,0.00273965368157655,0.0021796852053996,0.000548602335296612,0.0011209388717939
"14",2016-01-10,2,105.01855561582,165.738461461339,0.343343904104407,10.7336996557079,0.00332000200821961,0.00222944178500597,0.000801850131981809,0.00114559857490001
"15",2016-01-10,3,111.83607274774,167.974737655915,0.352295849920134,10.8420605334351,0.00384834140578883,0.0023238778922099,0.000591533572278706,0.00105114910664262
"16",2016-01-10,4,107.62350232901,154.350555289773,0.3522958,10.0188261906921,0.00363286934189686,0.00247958182271745,0.000824204366960646,0.000998756548523663
"17",2016-01-10,5,68.3976212834753,96.5941919446741,0.312485809617622,18.2460284549853,0.00294945287781333,0.00322272865125939,0.000712184251165043,0.00114601534389902
"18",2016-01-10,6,57.8073562092407,82.9357778457717,0.295175108049381,29.0421246533807,0.00278345596072395,0.00293423058252737,0.000549747751414736,0.00129224849362634
"19",2016-01-11,1,91.4062671982145,162.127212890037,0.308921469477283,5.53321597368114,0.00276348835993019,0.00243205651486671,0.000599803377128697,0.00128171475752929
"20",2016-01-11,2,105.01855561582,165.738461461339,0.343343904104407,10.7336996557079,0.00351560343329871,0.00231040668119659,0.000879197298479907,0.00123146400124967
"21",2016-01-11,3,111.83607274774,167.974737655915,0.352295849920134,10.8420605334351,0.00431252820571287,0.00255006637295439,0.000652958266763109,0.00117518512437428
"22",2016-01-11,4,107.62350232901,154.350555289773,0.3522958,10.0188261906921,0.00402930846228632,0.00273512038099915,0.000917970538020663,0.00105219334090086
"23",2016-01-11,5,68.3976212834753,96.5941919446741,0.312485809617622,18.2460284549853,0.00314675904437952,0.00366495686217973,0.000832580252715734,0.00117423912445855
"24",2016-01-11,6,57.8073562092407,82.9357778457717,0.295175108049381,29.0421246533807,0.00297313539349412,0.00316198368023718,0.000633970052611176,0.00130139714493154
"25",2016-01-12,1,91.4062671982145,162.127212890037,0.308921469477283,5.53321597368114,0.00280214680873506,0.00260172137800543,0.000625052133827756,0.0013836708709907
"26",2016-01-12,2,105.01855561582,165.738461461339,0.343343904104407,10.7336996557079,0.00365989609240145,0.00230113793241561,0.000909531766321113,0.00126756777191255
"27",2016-01-12,3,111.83607274774,167.974737655915,0.352295849920134,10.8420605334351,0.00473229736018172,0.00256698958594258,0.000648942717547992,0.00119899449233237
"28",2016-01-12,4,107.62350232901,154.350555289773,0.3522958,10.0188261906921,0.0044104515272485,0.00280452713246614,0.000923717108179053,0.00103231920865414
"29",2016-01-12,5,68.3976212834753,96.5941919446741,0.312485809617622,18.2460284549853,0.00340710121785506,0.00397784864586689,0.000919996575664216,0.00116367780800898
"30",2016-01-12,6,57.8073562092407,82.9357778457717,0.295175108049381,29.0421246533807,0.00326702385448096,0.00333334865928204,0.000728947929596614,0.00128267026525354
"31",2016-01-13,1,91.4062671982145,162.127212890037,0.308921469477283,5.53321597368114,0.00285784939182277,0.00281660605107686,0.000669035781422696,0.00152239590790053
"32",2016-01-13,2,105.01855561582,165.738461461339,0.343343904104407,10.7336996557079,0.00376470465533676,0.00236173593081029,0.00095856747322979,0.00134334619963634
"33",2016-01-13,3,111.83607274774,167.974737655915,0.352295849920134,10.8420605334351,0.00512243404136503,0.00278451217540322,0.000699496863775842,0.00133619830624713
"34",2016-01-13,4,107.62350232901,154.350555289773,0.3522958,10.0188261906921,0.00479293072526828,0.00303409414864644,0.000976212788743795,0.00108547170086228
"35",2016-01-13,5,68.3976212834753,96.5941919446741,0.312485809617622,18.2460284549853,0.00373457299436804,0.00443899226990232,0.00104678138752668,0.00121088856953702
"36",2016-01-13,6,57.8073562092407,82.9357778457717,0.295175108049381,29.0421246533807,0.00366240884341871,0.00373518261783136,0.000906771188494215,0.00137313976718954
"37",2016-01-14,1,91.4062671982145,162.127212890037,0.308921469477283,5.53321597368114,0.00293281647302493,0.0029899750139701,0.000703347617618829,0.0016344011500863
"38",2016-01-14,2,105.01855561582,165.738461461339,0.343343904104407,10.7336996557079,0.00384185379191359,0.00244364727141675,0.00100626321074622,0.00142947499025237
"39",2016-01-14,3,111.83607274774,167.974737655915,0.352295849920134,10.8420605334351,0.00549772342143245,0.00295659841650694,0.000728528082092166,0.00144197144857393
"40",2016-01-14,4,107.62350232901,154.350555289773,0.3522958,10.0188261906921,0.00519337824483055,0.0034653741662331,0.0010850419941725,0.00121600397456049
"41",2016-01-14,5,68.3976212834753,96.5941919446741,0.312485809617622,18.2460284549853,0.00413326797004658,0.00495137081769263,0.00118639274742868,0.00127613104001412
"42",2016-01-14,6,57.8073562092407,82.9357778457717,0.295175108049381,29.0421246533807,0.00415657786004163,0.00421704598441199,0.00112384128621449,0.00149006453161765
"43",2016-01-15,1,91.4062671982145,162.127212890037,0.308921469477283,5.53321597368114,0.00302926841617315,0.00307673223417505,0.000720760661140529,0.00170067269287386
"44",2016-01-15,2,105.01855561582,165.738461461339,0.343343904104407,10.7336996557079,0.00390316817194088,0.00245624602912063,0.00101697605783801,0.00147361770209855
"45",2016-01-15,3,111.83607274774,167.974737655915,0.352295849920134,10.8420605334351,0.00587295067255365,0.00307547761111671,0.000746714206414025,0.0015281055576245
"46",2016-01-15,4,107.62350232901,154.350555289773,0.3522958,10.0188261906921,0.0056284262744202,0.00340865218372656,0.00102484452005262,0.00116533322174092
"47",2016-01-15,5,68.3976212834753,96.5941919446741,0.312485809617622,18.2460284549853,0.00460727974101879,0.00564244990322276,0.00137996880873196,0.00139953568453363
"48",2016-01-15,6,57.8073562092407,82.9357778457717,0.295175108049381,29.0421246533807,0.00474681840408399,0.0045918431885753,0.00132915451589312,0.00157671412757562
"49",2016-01-16,1,91.4062671982145,162.127212890037,0.308921469477283,5.53321597368114,0.00314942558509903,0.00325136780938121,0.000764817848646952,0.00182329844046471
"50",2016-01-16,2,105.01855561582,165.738461461339,0.343343904104407,10.7336996557079,0.00396047246522756,0.00251235232498561,0.00104585303366502,0.00155314847840736
"51",2016-01-16,3,111.83607274774,167.974737655915,0.352295849920134,10.8420605334351,0.00626290096689827,0.00328943984802907,0.000796495298394604,0.00167491739140148
"52",2016-01-16,4,107.62350232901,154.350555289773,0.3522958,10.0188261906921,0.00611470700252212,0.00364410942039074,0.00106680239843266,0.00123185709748108
"53",2016-01-16,5,68.3976212834753,96.5941919446741,0.312485809617622,18.2460284549853,0.00516070190341278,0.00567255651869947,0.00141995273819765,0.00137319742074167
"54",2016-01-16,6,57.8073562092407,82.9357778457717,0.295175108049381,29.0421246533807,0.00543041797528003,0.00521186787529791,0.00162914229474875,0.00176517667136754
"55",2016-01-17,1,91.4062671982145,162.127212890037,0.308921469477283,5.53321597368114,0.0032955083436342,0.00345701116389424,0.000818250451019859,0.00196216023230249
"56",2016-01-17,2,105.01855561582,165.738461461339,0.343343904104407,10.7336996557079,0.0040255913415826,0.00254703781620634,0.001052727379462,0.00160750213222474
"57",2016-01-17,3,111.83607274774,167.974737655915,0.352295849920134,10.8420605334351,0.00668235947663598,0.00351792176125748,0.00085288528791394,0.00182517960788325
"58",2016-01-17,4,107.62350232901,154.350555289773,0.3522958,10.0188261906921,0.00666885261762119,0.0038762888698769,0.00111936143065809,0.00130706632021688
"59",2016-01-17,5,68.3976212834753,96.5941919446741,0.312485809617622,18.2460284549853,0.00579762805335664,0.00605879926902791,0.00159192867701733,0.00148107535220191
"60",2016-01-17,6,57.8073562092407,82.9357778457717,0.295175108049381,29.0421246533807,0.00620466407336403,0.00606206138520364,0.00202096824655899,0.00203524135387367
"61",2016-01-18,1,91.4062671982145,162.127212890037,0.308921469477283,5.53321597368114,0.00346973705561024,0.00370330352395116,0.000886404580004788,0.00212975039723873
"62",2016-01-18,2,105.01855561582,165.738461461339,0.343343904104407,10.7336996557079,0.00411034947081491,0.0026240845286032,0.00107306938934468,0.00168773206293621
"63",2016-01-18,3,111.83607274774,167.974737655915,0.352295849920134,10.8420605334351,0.00714611137393643,0.0038189941743535,0.000933069733598402,0.00200707014154468
"64",2016-01-18,4,107.62350232901,154.350555289773,0.3522958,10.0188261906921,0.00730749530820231,0.00457889023788834,0.00129994724232085,0.00152261280930761
"65",2016-01-18,5,68.3976212834753,96.5941919446741,0.312485809617622,18.2460284549853,0.0065221517869785,0.00715833683789138,0.00193781417509594,0.00174619486442809
"66",2016-01-18,6,57.8073562092407,82.9357778457717,0.295175108049381,29.0421246533807,0.00706684419807022,0.00700722091961979,0.00246689604844873,0.00234112442816081
"67",2016-01-19,1,91.4062671982145,162.127212890037,0.308921469477283,5.53321597368114,0.00367369276432183,0.00387445165773674,0.000937785138512315,0.00225013235248324
"68",2016-01-19,2,105.01855561582,165.738461461339,0.343343904104407,10.7336996557079,0.00422824476238561,0.00270055080381502,0.0010838854711077,0.00175505049908552
"69",2016-01-19,3,111.83607274774,167.974737655915,0.352295849920134,10.8420605334351,0.00766993573022107,0.00432702494678195,0.00107806365053721,0.00229927907644258
"70",2016-01-19,4,107.62350232901,154.350555289773,0.3522958,10.0188261906921,0.00804695983685018,0.00511834517380221,0.00146045838229864,0.00169803513747304
"71",2016-01-19,5,68.3976212834753,96.5941919446741,0.312485809617622,18.2460284549853,0.00733952546218603,0.00837205236346597,0.00233583801146011,0.00204857753191332
"72",2016-01-19,6,57.8073562092407,82.9357778457717,0.295175108049381,29.0421246533807,0.00801333495686191,0.00803751174051158,0.00296128770770923,0.00267688378307668
"73",2016-01-22,1,91.4062671982145,162.127212890037,0.308921469477283,5.53321597368114,0.00445160220019085,0.00428728534400285,0.00107898559617093,0.00255212598705033
"74",2016-01-22,2,105.01855561582,165.738461461339,0.343343904104407,10.7336996557079,0.00498935525043407,0.00303553935558809,0.00116007809279085,0.00195944962802494
"75",2016-01-22,3,111.83607274774,167.974737655915,0.352295849920134,10.8420605334351,0.00980336583427367,0.0048798555388671,0.00129141986663946,0.0025045344053699
"76",2016-01-22,4,107.62350232901,154.350555289773,0.3522958,10.0188261906921,0.0110200053374331,0.00668384902539772,0.00206085119655871,0.00219150399103654
"77",2016-01-22,5,68.3976212834753,96.5941919446741,0.312485809617622,18.2460284549853,0.0104522552347008,0.0112648534387449,0.00339640450161599,0.00277892301364683
"78",2016-01-22,6,57.8073562092407,82.9357778457717,0.295175108049381,29.0421246533807,0.0112823578524604,0.0108185298489598,0.00436762914753439,0.00357571255277258
"79",2016-01-23,1,91.4062671982145,162.127212890037,0.308921469477283,5.53321597368114,0.00476086758409171,0.00452035938740861,0.00116275894416125,0.00273502528048117
"80",2016-01-23,2,105.01855561582,165.738461461339,0.343343904104407,10.7336996557079,0.00545174730996867,0.00334102544463926,0.00127936051457109,0.00213617797237574
"81",2016-01-23,3,111.83607274774,167.974737655915,0.352295849920134,10.8420605334351,0.0107709901062922,0.00533528489471487,0.00146877268579931,0.0027183566249053
"82",2016-01-23,4,107.62350232901,154.350555289773,0.3522958,10.0188261906921,0.0123118632527865,0.0081510984894345,0.00262893304474089,0.00266760289874526
"83",2016-01-23,5,68.3976212834753,96.5941919446741,0.312485809617622,18.2460284549853,0.0117468552971884,0.0125928590186512,0.00396061493973534,0.00316947334204746
"84",2016-01-23,6,57.8073562092407,82.9357778457717,0.295175108049381,29.0421246533807,0.0124879561777626,0.0122163318263488,0.00508495912579273,0.00407215910703919
"85",2016-01-24,1,91.4062671982145,162.127212890037,0.308921469477283,5.53321597368114,0.0050924214883147,0.0047224283773639,0.00122133831752154,0.00285843586909532
"86",2016-01-24,2,105.01855561582,165.738461461339,0.343343904104407,10.7336996557079,0.00605492383079901,0.00370268478833816,0.00140909953967461,0.00229413586059993
"87",2016-01-24,3,111.83607274774,167.974737655915,0.352295849920134,10.8420605334351,0.0119014357764453,0.00574838391601032,0.00162019215365574,0.00285286025465452
"88",2016-01-24,4,107.62350232901,154.350555289773,0.3522958,10.0188261906921,0.0137787885975257,0.00900722884854629,0.00299377959559244,0.00288506525857778
"89",2016-01-24,5,68.3976212834753,96.5941919446741,0.312485809617622,18.2460284549853,0.0131883773735098,0.0139761283383457,0.00451093401978082,0.00353047724134959
"90",2016-01-24,6,57.8073562092407,82.9357778457717,0.295175108049381,29.0421246533807,0.0137378867599636,0.0134031757446337,0.00563401348876188,0.00442995753912739
"91",2016-01-25,1,91.4062671982145,162.127212890037,0.308921469477283,5.53321597368114,0.00544464835346975,0.00492482887441599,0.00130061444469023,0.00303152948880588
"92",2016-01-25,2,105.01855561582,165.738461461339,0.343343904104407,10.7336996557079,0.00682074892064696,0.00414959662316014,0.00160747524012262,0.00252267062142347
"93",2016-01-25,3,111.83607274774,167.974737655915,0.352295849920134,10.8420605334351,0.0132154514124133,0.00653137759437762,0.00189989681755144,0.0031802056396582
"94",2016-01-25,4,107.62350232901,154.350555289773,0.3522958,10.0188261906921,0.0154355690047345,0.0101466351697932,0.00354656570337869,0.00323720975568965
"95",2016-01-25,5,68.3976212834753,96.5941919446741,0.312485809617622,18.2460284549853,0.0147878676304707,0.0153463630741529,0.00515992578100973,0.00394930044363067
"96",2016-01-25,6,57.8073562092407,82.9357778457717,0.295175108049381,29.0421246533807,0.0150239717451719,0.0145642218495827,0.00627847160821142,0.00486166569045267
"97",2016-01-26,1,91.4062671982145,162.127212890037,0.308921469477283,5.53321597368114,0.00581593262016681,0.00519412403000238,0.0014010221735354,0.00325612875319199
"98",2016-01-26,2,105.01855561582,165.738461461339,0.343343904104407,10.7336996557079,0.00777108668723445,0.0047529271989242,0.00188678353121304,0.00283077360890009
"99",2016-01-26,3,111.83607274774,167.974737655915,0.352295849920134,10.8420605334351,0.0147337855818768,0.00764305419440038,0.00229129311535494,0.00364942289683559
"100",2016-01-26,4,107.62350232901,154.350555289773,0.3522958,10.0188261906921,0.0172969921074966,0.0116937657824871,0.00430109866841205,0.00371449664417666
"101",2016-01-26,5,68.3976212834753,96.5941919446741,0.312485809617622,18.2460284549853,0.0165563722348766,0.0174431626602848,0.00612750032589245,0.00458634540258274
"102",2016-01-26,6,57.8073562092407,82.9357778457717,0.295175108049381,29.0421246533807,0.0163380332794959,0.0162021244857722,0.00716960970839486,0.00548063284326251
"103",2016-01-27,1,91.4062671982145,162.127212890037,0.308921469477283,5.53321597368114,0.00620465872901579,0.00530777635992914,0.00144906259699677,0.00336277500537687
"104",2016-01-27,2,105.01855561582,165.738461461339,0.343343904104407,10.7336996557079,0.00892780123828336,0.00539070467748398,0.00218845775637797,0.00312410731985117
"105",2016-01-27,3,111.83607274774,167.974737655915,0.352295849920134,10.8420605334351,0.0164771868525161,0.00854705697992638,0.00264164150201932,0.00401215989141595
"106",2016-01-27,4,107.62350232901,154.350555289773,0.3522958,10.0188261906921,0.0193778455388959,0.0129372484463976,0.00495898995156192,0.00405243678086169
"107",2016-01-27,5,68.3976212834753,96.5941919446741,0.312485809617622,18.2460284549853,0.0185049373535331,0.0188092824895912,0.0068304518547019,0.00500014522499164
"108",2016-01-27,6,57.8073562092407,82.9357778457717,0.295175108049381,29.0421246533807,0.0176718935090441,0.016879488948943,0.00757113046652692,0.00572476612602149
"109",2016-01-28,1,91.4062671982145,162.127212890037,0.308921469477283,5.53321597368114,0.00660921112062662,0.00567802118351415,0.00157065409539948,0.00364515628724901
"110",2016-01-28,2,105.01855561582,165.738461461339,0.343343904104407,10.7336996557079,0.0103127566815156,0.00636299460003241,0.00265075378593019,0.00359441184639714
"111",2016-01-28,3,111.83607274774,167.974737655915,0.352295849920134,10.8420605334351,0.0184664037920117,0.00998669836028715,0.00315672381694182,0.00458547198466122
"112",2016-01-28,4,107.62350232901,154.350555289773,0.3522958,10.0188261906921,0.0216929169320161,0.0150195111778771,0.00601169415238699,0.00465290684485999
"113",2016-01-28,5,68.3976212834753,96.5941919446741,0.312485809617622,18.2460284549853,0.0206446091532457,0.0215819732615848,0.0081371167765592,0.00582702090728708
"114",2016-01-28,6,57.8073562092407,82.9357778457717,0.295175108049381,29.0421246533807,0.0190173745799249,0.0192114671017455,0.00880789128127709,0.00659832273349466
"115",2016-01-29,1,91.4062671982145,162.127212890037,0.308921469477283,5.53321597368114,0.0070308591034867,0.00588483469298593,0.00164696463081378,0.00382758697575773
"116",2016-01-29,2,105.01855561582,165.738461461339,0.343343904104407,10.7336996557079,0.011940266803578,0.00724762133612166,0.00309295539858511,0.00398897982865799
"117",2016-01-29,3,111.83607274774,167.974737655915,0.352295849920134,10.8420605334351,0.0207177001003458,0.0112470745959921,0.00361320415291154,0.00503538895210442
"118",2016-01-29,4,107.62350232901,154.350555289773,0.3522958,10.0188261906921,0.0242583811475567,0.0166437938784794,0.00691037562355682,0.0050752578812326
"119",2016-01-29,5,68.3976212834753,96.5941919446741,0.312485809617622,18.2460284549853,0.0229812050079965,0.023139104866924,0.00898937782237085,0.00630028487129723
"120",2016-01-29,6,57.8073562092407,82.9357778457717,0.295175108049381,29.0421246533807,0.0203704089455192,0.0199174433740767,0.00924831239396425,0.00687147901290464
"121",2016-01-30,1,91.4062671982145,162.127212890037,0.308921469477283,5.53321597368114,0.00748241145759326,0.00614981799146609,0.00175161197422338,0.00407660747376305
"122",2016-01-30,2,105.01855561582,165.738461461339,0.343343904104407,10.7336996557079,0.0137944441068174,0.00834872219612559,0.00365939435325363,0.00451181378517668
"123",2016-01-30,3,111.83607274774,167.974737655915,0.352295849920134,10.8420605334351,0.0232294000067079,0.0128044512787494,0.00420305663351034,0.00563170536120179
"124",2016-01-30,4,107.62350232901,154.350555289773,0.3522958,10.0188261906921,0.0270959619566801,0.018622658147537,0.00804801737689769,0.00563188749449114
"125",2016-01-30,5,68.3976212834753,96.5941919446741,0.312485809617622,18.2460284549853,0.0254996271204733,0.0256609922483503,0.0103332331653427,0.00709673925664057
"126",2016-01-30,6,57.8073562092407,82.9357778457717,0.295175108049381,29.0421246533807,0.0217433702882968,0.0215390910726714,0.0102277820714511,0.00753423912678827
"127",2016-01-31,1,91.4062671982145,162.127212890037,0.308921469477283,5.53321597368114,0.00797956183082099,0.00646008523353342,0.00186570110583252,0.00434284386078603
"128",2016-01-31,2,105.01855561582,165.738461461339,0.343343904104407,10.7336996557079,0.0158518507725053,0.00955077207103607,0.00426272869824488,0.00505980958464398
"129",2016-01-31,3,111.83607274774,167.974737655915,0.352295849920134,10.8420605334351,0.0259953428725894,0.0143324916266073,0.00479576842886692,0.00618649023337282
"130",2016-01-31,4,107.62350232901,154.350555289773,0.3522958,10.0188261906921,0.0302287703581643,0.0210577440635311,0.0094233509338448,0.00631997070612762
"131",2016-01-31,5,68.3976212834753,96.5941919446741,0.312485809617622,18.2460284549853,0.0281795489005405,0.0280590226862661,0.0116261281760923,0.0078381446084691
"132",2016-01-31,6,57.8073562092407,82.9357778457717,0.295175108049381,29.0421246533807,0.0231527425979999,0.0228611215386544,0.0110379901629011,0.00804854949416948
"133",2016-02-01,1,91.4062671982145,162.127212890037,0.308921469477283,5.53321597368114,0.00853800387104461,0.00669574039744078,0.00196016436609221,0.00455320392096326
"134",2016-02-01,2,105.01855561582,165.738461461339,0.343343904104407,10.7336996557079,0.0180890489819136,0.0106949675243946,0.00482352034798138,0.005552967160927
"135",2016-02-01,3,111.83607274774,167.974737655915,0.352295849920134,10.8420605334351,0.0290093680594815,0.0159876932638532,0.00541710141414202,0.00673307594137918
"136",2016-02-01,4,107.62350232901,154.350555289773,0.3522958,10.0188261906921,0.0336799173507873,0.0231016893092011,0.0106180251067606,0.006871499611868
"137",2016-02-01,5,68.3976212834753,96.5941919446741,0.312485809617622,18.2460284549853,0.0310006437580624,0.0298603446623305,0.0126465984190497,0.00838634983980893
"138",2016-02-01,6,57.8073562092407,82.9357778457717,0.295175108049381,29.0421246533807,0.0246150098643707,0.0235765568345219,0.0114999154760441,0.00827955233544522
"139",2016-02-02,1,91.4062671982145,162.127212890037,0.308921469477283,5.53321597368114,0.00917343122613881,0.00710343020616204,0.00211802095059863,0.00489519065878016
"140",2016-02-02,2,105.01855561582,165.738461461339,0.343343904104407,10.7336996557079,0.0204826009163139,0.0124140529627915,0.00566043432889596,0.00636489929124819
"141",2016-02-02,3,111.83607274774,167.974737655915,0.352295849920134,10.8420605334351,0.0322653149288755,0.0178961857065471,0.00621688556079667,0.00744890789956211
"142",2016-02-02,4,107.62350232901,154.350555289773,0.3522958,10.0188261906921,0.0374725139333272,0.0265075445835105,0.0125880192092343,0.00791710660211331
"143",2016-02-02,5,68.3976212834753,96.5941919446741,0.312485809617622,18.2460284549853,0.0339425851029033,0.0335135826729618,0.0145762042466019,0.00952702488497398
"144",2016-02-02,6,57.8073562092407,82.9357778457717,0.295175108049381,29.0421246533807,0.0261466560771515,0.0264536810396314,0.0131477340210415,0.00931761133171249
"145",2016-02-03,1,91.4062671982145,162.127212890037,0.308921469477283,5.53321597368114,0.00990153754397828,0.00761668422119885,0.00229781839447931,0.0052664633666483
"146",2016-02-03,2,105.01855561582,165.738461461339,0.343343904104407,10.7336996557079,0.0230090687569778,0.0140687504544229,0.00638531336586163,0.00705863087886107
"147",2016-02-03,3,111.83607274774,167.974737655915,0.352295849920134,10.8420605334351,0.0357570228422628,0.0204411712955746,0.00719018301738596,0.00830749324705455
"148",2016-02-03,4,107.62350232901,154.350555289773,0.3522958,10.0188261906921,0.041629671104562,0.0297638357023519,0.0143554406026927,0.00883645603884885
"149",2016-02-03,5,68.3976212834753,96.5941919446741,0.312485809617622,18.2460284549853,0.0369850463449275,0.0370244265821809,0.0163381217487536,0.0105464145380862
"150",2016-02-03,6,57.8073562092407,82.9357778457717,0.295175108049381,29.0421246533807,0.0277641652260844,0.0296147281929666,0.0148012431085516,0.0102895379314784
"151",2016-02-04,1,92.619823854503,164.279697226166,0.308921469477283,5.53321597368114,0.0107380164724377,0.00791434535160418,0.00243274549308579,0.00551006406122065
"152",2016-02-04,2,103.005986414908,162.562259684542,0.343343904104407,10.7336996557079,0.0256450146851771,0.0152765234826714,0.00690903349280138,0.0075527646335163
"153",2016-02-04,3,109.639944646402,164.676213015183,0.352295849920134,10.8420605334351,0.0394783311611347,0.0225228787345628,0.00806338447120162,0.00898582128826746
"154",2016-02-04,4,105.161851756436,150.820126298114,0.3522958,10.0188261906921,0.0461744998632698,0.0321702938780453,0.0158083611087659,0.00958647132982655
"155",2016-02-04,5,67.1527479281115,94.8361258953236,0.312485809617622,18.2460284549853,0.0401077008939995,0.0384456697570994,0.0171814608510044,0.0109746178627058
"156",2016-02-04,6,57.1174489743048,81.945973140576,0.295175108049381,29.0421246533807,0.0294840213009117,0.030276853148479,0.0152290178072362,0.0103477933186845
"157",2016-02-05,1,93.8333805107916,166.432181562296,0.308921469477283,5.53321597368114,0.0116985616593918,0.00834462898247279,0.00262789228469873,0.0058621991817279
"158",2016-02-05,2,100.993417213996,159.386057907744,0.343343904104407,10.7336996557079,0.0283670008821835,0.0166887347587952,0.00751789373847948,0.0081706905937563
"159",2016-02-05,3,107.443816545064,161.377688374452,0.352295849920134,10.8420605334351,0.0434230792469825,0.024580531367932,0.00905193448121835,0.00973147485509
"160",2016-02-05,4,102.700201183861,147.289697306455,0.3522958,10.0188261906921,0.0511301112082287,0.035731213282166,0.0179869228811769,0.0108097460172695
"161",2016-02-05,5,65.9078745727478,93.078059845973,0.312485809617622,18.2460284549853,0.0432902221599834,0.0421107565006474,0.0191976178495372,0.0121559700895647
"162",2016-02-05,6,56.427541739369,80.9561684353803,0.295175108049381,29.0421246533807,0.0313227082913754,0.0335750181248697,0.0172296187120925,0.0114016123227533
"163",2016-02-06,1,95.0469371670802,168.584665898425,0.308921469477283,5.53321597368114,0.0127988667527153,0.00900744274712371,0.00290791538309033,0.00636923892697043
"164",2016-02-06,2,98.9808480130832,156.209856130946,0.343343904104407,10.7336996557079,0.0311515895292686,0.018709508779873,0.00836205410842241,0.00908009677505151
"165",2016-02-06,3,105.247688443725,158.07916373372,0.352295849920134,10.8420605334351,0.0475851064612975,0.027467219837246,0.0103658580076822,0.010752909362713
"166",2016-02-06,4,100.238550611287,143.759268314796,0.3522958,10.0188261906921,0.0565196161382166,0.0401518686524934,0.0205930874616991,0.0123286938244253
"167",2016-02-06,5,64.6630012173841,91.3199937966225,0.312485809617622,18.2460284549853,0.0465122835527438,0.045177575532666,0.0208473007777607,0.0131080306523499
"168",2016-02-06,6,55.7376345044331,79.9663637301846,0.295175108049381,29.0421246533807,0.033296710187218,0.0356152062164454,0.018371847721968,0.0117992362241022
"169",2016-02-07,1,96.2604938233688,170.737150234555,0.308921469477283,5.53321597368114,0.0140546254002829,0.00973859719549218,0.00322448473912746,0.00691604250856323
"170",2016-02-07,2,96.9682788121709,153.033654354149,0.343343904104407,10.7336996557079,0.0339753428077042,0.0206618068929484,0.00911799482831673,0.00993808761314075
"171",2016-02-07,3,103.051560342387,154.780639092988,0.352295849920134,10.8420605334351,0.0519582521655711,0.0299827478875993,0.0116440067676717,0.0116573716753392
"172",2016-02-07,4,97.7769000387134,140.228839323138,0.3522958,10.0188261906921,0.0623661256520117,0.0451374406326857,0.0235934647714338,0.0141330871356865
"173",2016-02-07,5,63.4181278620203,89.5619277472719,0.312485809617622,18.2460284549853,0.0497535584821448,0.0496755487360151,0.0232356229002451,0.014530024026208
"174",2016-02-07,6,55.0477272694973,78.9765590249889,0.295175108049381,29.0421246533807,0.0354225109781814,0.0392224428488941,0.0204144455066781,0.012683742101473
"175",2016-02-08,1,97.4740504796574,172.889634570684,0.308921469477283,5.53321597368114,0.0154815312499692,0.010596046745262,0.00360059710043561,0.00754594405769229
"176",2016-02-08,2,94.9557096112586,149.857452577351,0.343343904104407,10.7336996557079,0.0368148228987619,0.022777303896279,0.0098946075129001,0.0108733175662181
"177",2016-02-08,3,100.855432241049,151.482114452257,0.352295849920134,10.8420605334351,0.0565363557212944,0.0333941204547429,0.0133213999797903,0.0128744942039216
"178",2016-02-08,4,95.3152494661394,136.698410331479,0.3522958,10.0188261906921,0.0686927507483919,0.0508296197232524,0.0270096255187158,0.0162480100690936
"179",2016-02-08,5,62.1732545066566,87.8038616979214,0.312485809617622,18.2460284549853,0.0529937203580508,0.0534980488080589,0.0252537454279018,0.0157286311411825
"180",2016-02-08,6,54.3578200345614,77.9867543197932,0.295175108049381,29.0421246533807,0.037716594654008,0.0435141661746571,0.0228437321560053,0.0136904487258983
"181",2016-02-09,1,98.6876071359459,175.042118906813,0.308921469477283,5.53321597368114,0.0170869643118433,0.0112988600335403,0.00392645543677057,0.0080271014846579
"182",2016-02-09,2,92.9431404103463,146.681250800554,0.343343904104407,10.7336996557079,0.0396595601005572,0.0241831866669992,0.0102667278047626,0.0114147219108246
"183",2016-02-09,3,98.6593041397108,148.183589811525,0.352295849920134,10.8420605334351,0.0613058951859754,0.0365394261801941,0.0148826341223372,0.0138921688744552
"184",2016-02-09,4,92.8535988935653,133.16798133982,0.3522958,10.0188261906921,0.075490709079329,0.0554651397107364,0.0297720527692337,0.0180310370941949
"185",2016-02-09,5,60.9283811512929,86.0457956485708,0.312485809617622,18.2460284549853,0.0562184918289337,0.055345862488129,0.0261880868631402,0.0162649497590335
"186",2016-02-09,6,53.6679127996256,76.9969496145976,0.295175108049381,29.0421246533807,0.0401828182544672,0.0454479074737119,0.0238459943969117,0.0137557271598061
"187",2016-02-10,1,99.9011637922345,177.194603242943,0.308921469477283,5.53321597368114,0.0188450500447514,0.0123619261294846,0.00440494132594099,0.00877399112827898
"188",2016-02-10,2,90.930571209434,143.505049023756,0.343343904104407,10.7336996557079,0.0425509571785806,0.0264475912401763,0.0110286102265083,0.0123968030106392
"189",2016-02-10,3,96.4631760383725,144.885065170794,0.352295849920134,10.8420605334351,0.0662239034011881,0.0400177179514604,0.0167812459554145,0.0151536056359884
"190",2016-02-10,4,90.3919483209913,129.637552348161,0.3522958,10.0188261906921,0.0826236449095689,0.0618621987329724,0.0336450725998596,0.0205168462171924
"191",2016-02-10,5,59.6835077959292,84.2877295992203,0.312485809617622,18.2460284549853,0.0594377924976953,0.0607251080367767,0.0290319226819611,0.0179914636685219
"192",2016-02-10,6,52.9780055646898,76.0071449094019,0.295175108049381,29.0421246533807,0.0427745310194373,0.0508343825186136,0.0269071747207349,0.0149420931242201
"193",2016-02-11,1,101.114720448523,179.347087579072,0.308921469477283,5.53321597368114,0.0207216002697342,0.0127869411489303,0.00463536738078397,0.00898725945559241
"194",2016-02-11,2,88.9180020085217,140.328847246959,0.343343904104407,10.7336996557079,0.0455433850151662,0.0280263366759577,0.011433460145933,0.0129295457898651
"195",2016-02-11,3,94.2670479370343,141.586540530062,0.352295849920134,10.8420605334351,0.071240051904523,0.0434661023468465,0.0185114143109508,0.0162091708518874
"196",2016-02-11,4,87.9302977484173,126.107123356503,0.3522958,10.0188261906921,0.0899233091570516,0.0661184695268952,0.0361259908873094,0.0221429894400596
"197",2016-02-11,5,58.4386344405654,82.5296635498697,0.312485809617622,18.2460284549853,0.062667591205845,0.0636549764782508,0.0304038520574692,0.0188003282548555
"198",2016-02-11,6,52.2880983297539,75.0173402042062,0.295175108049381,29.0421246533807,0.0454324552388239,0.0540528861727324,0.0284054282805538,0.0152167159351397
"199",2016-02-12,1,102.328277104812,181.499571915202,0.308921469477283,5.53321597368114,0.0226824268078321,0.0139688157402474,0.00520610248927452,0.00981639641041501
"200",2016-02-12,2,86.9054328076094,137.152645470161,0.343343904104407,10.7336996557079,0.0486912144926483,0.0301158524225527,0.0122850138184882,0.0138616784580612
"201",2016-02-12,3,92.0709198356961,138.28801588933,0.352295849920134,10.8420605334351,0.0763040122335706,0.0484718170771378,0.0211082346414748,0.0179718889505516
"202",2016-02-12,4,85.4686471758432,122.576694364844,0.3522958,10.0188261906921,0.0972214527397166,0.0726937015477793,0.0404041894928688,0.0248221030133097
"203",2016-02-12,5,57.1937610852017,80.7715975005191,0.312485809617622,18.2460284549853,0.0659238567948922,0.0676888917745123,0.0327187615418144,0.0201785564667553
"204",2016-02-12,6,51.5981910948181,74.0275354990105,0.295175108049381,29.0421246533807,0.0480973132025328,0.058871736954256,0.0312514642673526,0.0162045707040523
"205",2016-02-13,1,103.5418337611,183.652056251331,0.308921469477283,5.53321597368114,0.0246933414800858,0.0151833016506984,0.0057516770738216,0.0105366322923041
"206",2016-02-13,2,84.8928636066971,133.976443693363,0.343343904104407,10.7336996557079,0.0520488164933611,0.0326315318665147,0.0133426171879355,0.0148624021065153
"207",2016-02-13,3,89.8747917343578,134.989491248599,0.352295849920134,10.8420605334351,0.0813654559259214,0.052462695735964,0.0232248101994436,0.0192825786697485
"208",2016-02-13,4,83.0069966032692,119.046265373185,0.3522958,10.0188261906921,0.104349826575504,0.0793141568698077,0.0444553153778536,0.0272768613254671
"209",2016-02-13,5,55.948887729838,79.0135314511686,0.312485809617622,18.2460284549853,0.0692225581063462,0.0722606045004153,0.0351021848031764,0.0215746717009318
"210",2016-02-13,6,50.9082838598822,73.0377307938148,0.295175108049381,29.0421246533807,0.0507098272004694,0.0632080680785887,0.0336962930690999,0.0169843804219214
"211",2016-02-14,1,104.755390417389,185.804540587461,0.308921469477283,5.53321597368114,0.0267201561075358,0.0162646951678459,0.00626082684167521,0.0111299739553688
"212",2016-02-14,2,82.8802944057848,130.800241916566,0.343343904104407,10.7336996557079,0.0556705618996388,0.0349511623637476,0.0145317854595748,0.0157884655305297
"213",2016-02-14,3,87.6786636330196,131.690966607867,0.352295849920134,10.8420605334351,0.086374054519166,0.0564918001595351,0.0254160556345198,0.0206368554304401
"214",2016-02-14,4,80.5453460306952,115.515836381526,0.3522958,10.0188261906921,0.111140181582353,0.0844904846473021,0.0479183717949831,0.0292462482296854
"215",2016-02-14,5,54.7040143744742,77.255465401818,0.312485809617622,18.2460284549853,0.0725796639817165,0.075693636335475,0.0370543630490113,0.0226730119877127
"216",2016-02-14,6,50.2183766249464,72.0479260886191,0.295175108049381,29.0421246533807,0.0532107195225395,0.0663176266604726,0.0354660581255461,0.0174619984688774
"217",2016-02-15,1,105.968947073677,187.95702492359,0.308921469477283,5.53321597368114,0.0287286825112228,0.0173644503152326,0.00677669781528688,0.0116735055197888
"218",2016-02-15,2,80.8677252048725,127.624040139768,0.343343904104407,10.7336996557079,0.0596108215938157,0.0370067538974029,0.0158145792951536,0.0165523481872877
"219",2016-02-15,3,85.4825355316813,128.392441967136,0.352295849920134,10.8420605334351,0.0912794795508948,0.0615227721698036,0.0278341071172915,0.0221644888389275
"220",2016-02-15,4,78.0836954581211,111.985407389868,0.3522958,10.0188261906921,0.117424268678203,0.0888120164320527,0.0509569822234809,0.0307965153748655
"221",2016-02-15,5,53.4591410191105,75.4973993524675,0.312485809617622,18.2460284549853,0.0760111432625123,0.0791375774382836,0.0391526754095881,0.023819922427701
"222",2016-02-15,6,49.5284693900106,71.0581213834234,0.295175108049381,29.0421246533807,0.0555407124586486,0.0699629403790078,0.0376231302107678,0.0181908316784228
"223",2016-02-16,1,107.182503729966,190.10950925972,0.308921469477283,5.53321597368114,0.0306847325121872,0.0184323472382263,0.0072247659868805,0.0120375462249649
"224",2016-02-16,2,78.8551560039601,124.447838362971,0.343343904104407,10.7336996557079,0.0639239664582259,0.0392891816209521,0.0173220613934948,0.0172603619562175
"225",2016-02-16,3,83.2864074303431,125.093917326404,0.352295849920134,10.8420605334351,0.0960314025586984,0.0624568689284862,0.0284236291977236,0.022258082837501
"226",2016-02-16,4,75.6220448855471,108.454978398209,0.3522958,10.0188261906921,0.123033838780995,0.0943214215840176,0.0542782039408405,0.0323183628500544
"227",2016-02-16,5,52.2142676637468,73.739333303117,0.312485809617622,18.2460284549853,0.0795329647902431,0.0828327357338501,0.0410272324606262,0.0247817702052868
"228",2016-02-16,6,48.8385621550747,70.0683166782277,0.295175108049381,29.0421246533807,0.0576405282987023,0.0721434134632676,0.0386366859771069,0.0184491462722865
"229",2016-02-17,1,108.396060386255,192.261993595849,0.308921469477283,5.53321597368114,0.0325541179314696,0.0193912154143531,0.0077221756732533,0.0124166561332164
"230",2016-02-17,2,76.8425868030478,121.271636586173,0.343343904104407,10.7336996557079,0.0686643673752037,0.0429634514362683,0.0201477700095228,0.0189140236394281
"231",2016-02-17,3,81.0902793290049,121.795392685672,0.352295849920134,10.8420605334351,0.100579495080167,0.0643523260498683,0.0296348908205812,0.0228813960143605
"232",2016-02-17,4,73.160394312973,104.92454940655,0.3522958,10.0188261906921,0.127800642808668,0.0971232420172753,0.0570144005453468,0.0332524540055467
"233",2016-02-17,5,50.969394308383,71.9812672537664,0.312485809617622,18.2460284549853,0.0831610974064183,0.086040821622281,0.0434072242452464,0.0259902167157805
"234",2016-02-17,6,48.1486549201389,69.0785119730321,0.295175108049381,29.0421246533807,0.0594508893326063,0.0727994174245228,0.0393545526704269,0.0186711341561325
"235",2016-02-18,1,109.609617042543,194.414477931978,0.308921469477283,5.53321597368114,0.0343026505901107,0.0206092834667078,0.00831694589988225,0.0128696785673755
"236",2016-02-18,2,74.8300176021355,118.095434809376,0.343343904104407,10.7336996557079,0.0738863952270833,0.0447601932545065,0.0222585103966586,0.0195175198508428
"237",2016-02-18,3,78.8941512276666,118.496868044941,0.352295849920134,10.8420605334351,0.104873428652892,0.0679175516182324,0.0314203119951044,0.0239812579429779
"238",2016-02-18,4,70.698743740399,101.394120414891,0.3522958,10.0188261906921,0.131556431679161,0.099459707432365,0.0595601057113018,0.0337968007727484
"239",2016-02-18,5,49.7245209530193,70.2232012044158,0.312485809617622,18.2460284549853,0.0869115099525472,0.0892893779185809,0.0459250775508624,0.0272103322432959
"240",2016-02-18,6,47.4587476852031,68.0887072678364,0.295175108049381,29.0421246533807,0.0609125178502661,0.0742968108379105,0.0407166933144551,0.0193175377521483
"241",2016-02-19,1,110.823173698832,196.566962268108,0.308921469477283,5.53321597368114,0.0359218349956039,0.0219629894672207,0.0089429448245692,0.0132760703079874
"242",2016-02-19,2,72.8174484012232,114.919233032578,0.343343904104407,10.7336996557079,0.0796073214298175,0.0475757236419782,0.0251920991445605,0.0205269695850242
"243",2016-02-19,3,76.6980231263284,115.198343404209,0.352295849920134,10.8420605334351,0.108884535630539,0.0732381339715317,0.0339054923205048,0.0256393132220042
"244",2016-02-19,4,68.237093167825,97.8636914232326,0.3522958,10.0188261906921,0.134226913774519,0.102695451581233,0.0626745135929222,0.0343485472649355
"245",2016-02-19,5,48.4796475976556,68.4651351550653,0.312485809617622,18.2460284549853,0.0908035354360914,0.0926475300982925,0.048539087814692,0.0284109501227205
"246",2016-02-19,6,46.7688404502672,67.0989025626407,0.295175108049381,29.0421246533807,0.0620034305861149,0.0771448177035113,0.0428691649119753,0.020468887357985
"247",2016-02-20,1,112.03673035512,198.719446604237,0.308921469477283,5.53321597368114,0.0375059464012543,0.0227493424264156,0.00925153727701992,0.0131479967674882
"248",2016-02-20,2,70.8048792003109,111.74303125578,0.343343904104407,10.7336996557079,0.0856960195338331,0.0498471283229172,0.0278239161833019,0.0211161524357702
"249",2016-02-20,3,74.5018950249901,111.899818763478,0.352295849920134,10.8420605334351,0.112670791631077,0.074925606494286,0.0341531386303561,0.0256193553531851
"250",2016-02-20,4,65.7754425952509,94.3332624315738,0.3522958,10.0188261906921,0.136113627333203,0.101900018245099,0.0626455496939533,0.0329925643294445
"251",2016-02-20,5,47.2347742422919,66.7070691057147,0.312485809617622,18.2460284549853,0.0948699635283213,0.0925339937823623,0.0488008732842745,0.0281930749149019
"252",2016-02-20,6,46.0789332153314,66.109097857445,0.295175108049381,29.0421246533807,0.0628508220526957,0.07364811428796,0.0408141540284622,0.0196908985944879
"253",2016-02-21,1,113.250287011409,200.871930940367,0.308921469477283,5.53321597368114,0.0391749527468198,0.0239811620017553,0.00985185013086432,0.0133959276983828
"254",2016-02-21,2,68.7923099993986,108.566829478983,0.343343904104407,10.7336996557079,0.0919842636231755,0.0532075892641043,0.0314171302819644,0.0223804277792245
"255",2016-02-21,3,72.3057669236519,108.601294122746,0.352295849920134,10.8420605334351,0.116311833088553,0.077576020661801,0.0354506867679261,0.0263827473014421
"256",2016-02-21,4,63.3137920226769,90.802833439915,0.3522958,10.0188261906921,0.13761206805778,0.104383598978867,0.0656717144416119,0.0331749491518297
"257",2016-02-21,5,45.9899008869281,64.9490030563642,0.312485809617622,18.2460284549853,0.0991469480664594,0.0966283071985964,0.0520084737325247,0.0296557735348968
"258",2016-02-21,6,45.3890259803955,65.1192931522493,0.295175108049381,29.0421246533807,0.0636191812070791,0.0743157240897679,0.041855911670307,0.0204291278489255
"259",2016-02-22,1,114.463843667697,203.024415276496,0.308921469477283,5.53321597368114,0.0410488219720587,0.0254301275706206,0.0106081289242376,0.0138185939331567
"260",2016-02-22,2,66.7797407984863,105.390627702185,0.343343904104407,10.7336996557079,0.0983038277818904,0.0588762273308231,0.0367070570417314,0.0248099994569625
"261",2016-02-22,3,70.1096388223137,105.302769482014,0.352295849920134,10.8420605334351,0.119887296437011,0.081396844364329,0.0375379836406982,0.0276942088733636
"262",2016-02-22,4,60.8521414501028,87.2724044482563,0.3522958,10.0188261906921,0.139117731650814,0.1061654618701,0.0684387706904433,0.0332201845049165
"263",2016-02-22,5,44.7450275315644,63.1909370070136,0.312485809617622,18.2460284549853,0.103670642887728,0.101576006518342,0.0559295674941409,0.0315033979903343
"264",2016-02-22,6,44.6991187454597,64.1294884470536,0.295175108049381,29.0421246533807,0.0644729970063355,0.0774136132589976,0.0446925437241078,0.0220369309381008
"265",2016-02-23,1,115.677400323986,205.176899612626,0.308921469477283,5.53321597368114,0.0432475220167287,0.0267995840647938,0.0113191068922544,0.0141729829383151
"266",2016-02-23,2,64.767171597574,102.214425925388,0.343343904104407,10.7336996557079,0.104486486094023,0.0582670849447062,0.0371828108921678,0.0241421370757034
"267",2016-02-23,3,67.9135107209754,102.004244841283,0.352295849920134,10.8420605334351,0.123476818110497,0.083950317860933,0.0388753052515562,0.028389240172381
"268",2016-02-23,4,58.3904908775288,83.7419754565975,0.3522958,10.0188261906921,0.141026113814871,0.107606105625271,0.0705697770511187,0.0331064252978754
"269",2016-02-23,5,43.5001541762007,61.4328709576631,0.312485809617622,18.2460284549853,0.108477201829351,0.105555216777821,0.0590729413591591,0.0329208930190777
"270",2016-02-23,6,44.0092115105238,63.139683741858,0.295175108049381,29.0421246533807,0.0655767584075356,0.0772510248117231,0.0452245533503185,0.0224391299419701
"271",2016-02-24,1,116.890956980275,207.329383948755,0.308921469477283,5.53321597368114,0.0458813586137168,0.0275341643844237,0.0117411566032645,0.0142059605408604
"272",2016-02-24,2,62.7546023966617,99.0382241485901,0.343343904104407,10.7336996557079,0.110377964579694,0.0632385781958855,0.0413862482996018,0.0261543856437992
"273",2016-02-24,3,65.7173826196372,98.7057202005511,0.352295849920134,10.8420605334351,0.12715188859513,0.0868102259476087,0.0405164874758905,0.0292268320578127
"274",2016-02-24,4,55.9288403049548,80.2115464649387,0.3522958,10.0188261906921,0.143697375821572,0.110041032865356,0.0731652672333171,0.0334984975101933
"275",2016-02-24,5,42.2552808208369,59.6748049083125,0.312485809617622,18.2460284549853,0.113601513572123,0.110270004407,0.0625508951120562,0.0345638035408236
"276",2016-02-24,6,43.319304275588,62.1498790366623,0.295175108049381,29.0421246533807,0.06708092910656,0.0803116328044847,0.0475617522124091,0.0236050284587555
"277",2016-02-25,1,118.104513636563,209.481868284885,0.308921469477283,5.53321597368114,0.0490219886684251,0.0296114567906762,0.0128467788775699,0.0151158412911602
"278",2016-02-25,2,60.7420331957494,95.8620223717925,0.343343904104407,10.7336996557079,0.115879797003324,0.0651010149778821,0.0428283045867862,0.0266798564616299
"279",2016-02-25,3,63.5212545182989,95.4071955598195,0.352295849920134,10.8420605334351,0.130951414585326,0.0884859179372394,0.0415871625299112,0.0295685326446849
"280",2016-02-25,4,53.4671897323807,76.68111747328,0.3522958,10.0188261906921,0.147350341218757,0.113371360404003,0.0760624248967818,0.0343980729901095
"281",2016-02-25,5,41.0104074654732,57.916738858962,0.312485809617622,18.2460284549853,0.119073406171135,0.111582017213668,0.0636122659894127,0.0349353950932805
"282",2016-02-25,6,42.6293970406522,61.1600743314666,0.295175108049381,29.0421246533807,0.0690798717545302,0.0809566779587563,0.0486119068456033,0.0239684956784662
"283",2016-02-26,1,119.318070292852,211.634352621014,0.308921469477283,5.53321597368114,0.0527314068793845,0.0312786464805086,0.0137276538963471,0.0158173809542796
"284",2016-02-26,2,58.7294639948371,92.6858205949949,0.343343904104407,10.7336996557079,0.120907469065409,0.0685896934236169,0.0447564947162148,0.0278270165692366
"285",2016-02-26,3,61.3251264169607,92.1086709190879,0.352295849920134,10.8420605334351,0.134906156827575,0.09169935087502,0.0433603912668305,0.0303208375198313
"286",2016-02-26,4,51.0055391598067,73.1506884816212,0.3522958,10.0188261906921,0.15216849912332,0.114488453231462,0.0764440895346188,0.0346011713801393
"287",2016-02-26,5,39.7655341101095,56.1586728096114,0.312485809617622,18.2460284549853,0.124921442525051,0.118336065723302,0.0676627387505994,0.0370226497144052
"288",2016-02-26,6,41.9394898057163,60.1702696262709,0.295175108049381,29.0421246533807,0.0716539237413777,0.0746233282327635,0.0442748489169284,0.0215343739074341
"289",2016-02-27,1,119.318070292852,211.634352621014,0.308921469477283,5.53321597368114,0.057071607945126,0.0332701350878469,0.0149324023726485,0.0169691923270188
"290",2016-02-27,2,58.7294639948371,92.6858205949949,0.343343904104407,10.7336996557079,0.125376466466445,0.071024235600143,0.0457803701364557,0.0287709142944515
"291",2016-02-27,3,61.3251264169607,92.1086709190879,0.352295849920134,10.8420605334351,0.139046876068366,0.0949563115028307,0.0459981625562591,0.0315689202303201
"292",2016-02-27,4,51.0055391598067,73.1506884816212,0.3522958,10.0188261906921,0.158335338652156,0.119654248230099,0.080384512853584,0.0369108322379395
"293",2016-02-27,5,39.7655341101095,56.1586728096114,0.312485809617622,18.2460284549853,0.131174185532534,0.126324173677207,0.0729553229870854,0.0398666170242088
"294",2016-02-27,6,41.9394898057163,60.1702696262709,0.295175108049381,29.0421246533807,0.0748834224570341,0.0820840964171165,0.0491940757631931,0.023439197896019
"295",2016-02-28,1,119.318070292852,211.634352621014,0.308921469477283,5.53321597368114,0.0621045865641804,0.0358152511594173,0.0164085565211064,0.0185176420935524
"296",2016-02-28,2,58.7294639948371,92.6858205949949,0.343343904104407,10.7336996557079,0.129202274906928,0.0743412681081072,0.0466456376200008,0.0300345834113246
"297",2016-02-28,3,61.3251264169607,92.1086709190879,0.352295849920134,10.8420605334351,0.143404333054188,0.0951446170494301,0.0477122833192586,0.032075906494087
"298",2016-02-28,4,51.0055391598067,73.1506884816212,0.3522958,10.0188261906921,0.166034348922158,0.12831693925557,0.0862389671483282,0.0406866213724437
"299",2016-02-28,5,39.7655341101095,56.1586728096114,0.312485809617622,18.2460284549853,0.137860198092248,0.138305731439408,0.0802963658465411,0.0439211992124489
"300",2016-02-28,6,41.9394898057163,60.1702696262709,0.295175108049381,29.0421246533807,0.0788487052914311,0.0839023682228561,0.0514605191166064,0.0238639593534149
"301",2016-02-29,1,119.318070292852,211.634352621014,0.308921469477283,5.53321597368114,0.0678923374350788,0.038265920792936,0.017700249133903,0.0199629189520063
"302",2016-02-29,2,58.7294639948371,92.6858205949949,0.343343904104407,10.7336996557079,0.132300380087354,0.0767990605529415,0.0457229353717687,0.0306224327954148
"303",2016-02-29,3,61.3251264169607,92.1086709190879,0.352295849920134,10.8420605334351,0.148009288531533,0.0985086743832441,0.0501900334976687,0.0329945653636176
"304",2016-02-29,4,51.0055391598067,73.1506884816212,0.3522958,10.0188261906921,0.175449019050222,0.136149132119344,0.0898496970112138,0.0440425917638232
"305",2016-02-29,5,39.7655341101095,56.1586728096114,0.312485809617622,18.2460284549853,0.145008043102857,0.147117247067879,0.0845085671592947,0.0463679951915992
"306",2016-02-29,6,41.9394898057163,60.1702696262709,0.295175108049381,29.0421246533807,0.0836301096345002,0.0899466767175997,0.0543068737289679,0.0243712581405951
