"Room","Date","LA","GPP","R_leaf","R_root","R_stem","R_leaf_se","R_root_se","R_stem_se"
1,2016-01-08,0.00244754666666667,0.0135812928808563,0.0342605092849285,0.0293164955281448,0.0305828472891263,0.00294041877409381,0.00265421015386982,0.00221048553848903
1,2016-01-17,0.00314002666666667,0.018642266687201,0.0342605092849285,0.0293164955281448,0.0305828472891263,0.00294041877409381,0.00265421015386982,0.00221048553848903
1,2016-01-15,0.00298614222222222,0.0138989847723091,0.0342605092849285,0.0293164955281448,0.0305828472891263,0.00294041877409381,0.00265421015386982,0.00221048553848903
1,2016-01-26,0.00383250666666666,0.019749997639503,0.0342605092849285,0.0293164955281448,0.0305828472891263,0.00294041877409381,0.00265421015386982,0.00221048553848903
1,2016-01-24,0.00367862222222222,0.0128508412402425,0.0342605092849285,0.0293164955281448,0.0305828472891263,0.00294041877409381,0.00265421015386982,0.00221048553848903
1,2016-01-11,0.00267837333333334,0.0183324520279741,0.0342605092849285,0.0293164955281448,0.0305828472891263,0.00294041877409381,0.00265421015386982,0.00221048553848903
1,2016-01-09,0.00252448888888889,0.0108891270573851,0.0342605092849285,0.0293164955281448,0.0305828472891263,0.00294041877409381,0.00265421015386982,0.00221048553848903
1,2016-01-18,0.00321696888888889,0.0215378592960191,0.0342605092849285,0.0293164955281448,0.0305828472891263,0.00294041877409381,0.00265421015386982,0.00221048553848903
1,2016-01-16,0.00306308444444445,0.0156573029700117,0.0342605092849285,0.0293164955281448,0.0305828472891263,0.00294041877409381,0.00265421015386982,0.00221048553848903
1,2016-01-27,0.00390944888888889,0.0152289955682975,0.0342605092849285,0.0293164955281448,0.0305828472891263,0.00294041877409381,0.00265421015386982,0.00221048553848903
1,2016-01-25,0.00375556444444444,0.0123783175164715,0.0342605092849285,0.0293164955281448,0.0305828472891263,0.00294041877409381,0.00265421015386982,0.00221048553848903
1,2016-01-12,0.00275531555555556,0.0152047582834199,0.0342605092849285,0.0293164955281448,0.0305828472891263,0.00294041877409381,0.00265421015386982,0.00221048553848903
1,2016-01-10,0.00260143111111111,0.0159371599107143,0.0342605092849285,0.0293164955281448,0.0305828472891263,0.00294041877409381,0.00265421015386982,0.00221048553848903
1,2016-01-19,0.00329391111111111,0.0221376802790673,0.0342605092849285,0.0293164955281448,0.0305828472891263,0.00294041877409381,0.00265421015386982,0.00221048553848903
1,2016-01-30,0.00500666666666666,0.0266506875104132,0.0342605092849285,0.0293164955281448,0.0305828472891263,0.00294041877409381,0.00265421015386982,0.00221048553848903
1,2016-01-28,0.00398639111111111,0.0240043182635562,0.0342605092849285,0.0293164955281448,0.0305828472891263,0.00294041877409381,0.00265421015386982,0.00221048553848903
1,2016-02-06,0.01161,0.0584105615442367,0.0342605092849285,0.0293164955281448,0.0305828472891263,0.00294041877409381,0.00265421015386982,0.00221048553848903
1,2016-01-13,0.00283225777777778,0.018533978030717,0.0342605092849285,0.0293164955281448,0.0305828472891263,0.00294041877409381,0.00265421015386982,0.00221048553848903
1,2016-02-13,0.0217773333333333,0.143503567377015,0.0342605092849285,0.0293164955281448,0.0305828472891263,0.00294041877409381,0.00265421015386982,0.00221048553848903
1,2016-01-22,0.00352473777777778,0.00939420732015691,0.0342605092849285,0.0293164955281448,0.0305828472891263,0.00294041877409381,0.00265421015386982,0.00221048553848903
1,2016-01-31,0.00594999999999999,0.0371768086475989,0.0342605092849285,0.0293164955281448,0.0305828472891263,0.00294041877409381,0.00265421015386982,0.00221048553848903
1,2016-01-29,0.00406333333333333,0.020923251385993,0.0342605092849285,0.0293164955281448,0.0305828472891263,0.00294041877409381,0.00265421015386982,0.00221048553848903
1,2016-02-07,0.0125533333333333,0.0730113200163853,0.0342605092849285,0.0293164955281448,0.0305828472891263,0.00294041877409381,0.00265421015386982,0.00221048553848903
1,2016-01-14,0.0029092,0.0156631534621919,0.0342605092849285,0.0293164955281448,0.0305828472891263,0.00294041877409381,0.00265421015386982,0.00221048553848903
1,2016-02-14,0.0239086666666666,0.145363723733687,0.0342605092849285,0.0293164955281448,0.0305828472891263,0.00294041877409381,0.00265421015386982,0.00221048553848903
1,2016-01-23,0.00360168,0.0202158978794642,0.0342605092849285,0.0293164955281448,0.0305828472891263,0.00294041877409381,0.00265421015386982,0.00221048553848903
1,2016-02-01,0.00689333333333332,0.0319409862410815,0.0342605092849285,0.0293164955281448,0.0305828472891263,0.00294041877409381,0.00265421015386982,0.00221048553848903
1,2016-02-10,0.0153833333333333,0.106412536836717,0.0342605092849285,0.0293164955281448,0.0305828472891263,0.00294041877409381,0.00265421015386982,0.00221048553848903
1,2016-02-08,0.0134966666666666,0.0928544872218324,0.0342605092849285,0.0293164955281448,0.0305828472891263,0.00294041877409381,0.00265421015386982,0.00221048553848903
1,2016-02-17,0.0303026666666666,0.187694274130016,0.0342605092849285,0.0293164955281448,0.0305828472891263,0.00294041877409381,0.00265421015386982,0.00221048553848903
1,2016-02-15,0.02604,0.168607637588133,0.0342605092849285,0.0293164955281448,0.0305828472891263,0.00294041877409381,0.00265421015386982,0.00221048553848903
1,2016-02-04,0.00972333333333331,0.0393274820041683,0.0342605092849285,0.0293164955281448,0.0305828472891263,0.00294041877409381,0.00265421015386982,0.00221048553848903
1,2016-02-02,0.00783666666666665,0.0524185444566397,0.0342605092849285,0.0293164955281448,0.0305828472891263,0.00294041877409381,0.00265421015386982,0.00221048553848903
1,2016-02-11,0.0175146666666666,0.100048784369474,0.0342605092849285,0.0293164955281448,0.0305828472891263,0.00294041877409381,0.00265421015386982,0.00221048553848903
1,2016-02-09,0.01444,0.0828428181988132,0.0342605092849285,0.0293164955281448,0.0305828472891263,0.00294041877409381,0.00265421015386982,0.00221048553848903
1,2016-02-18,0.032434,0.209472646322123,0.0342605092849285,0.0293164955281448,0.0305828472891263,0.00294041877409381,0.00265421015386982,0.00221048553848903
1,2016-02-16,0.0281713333333333,0.166234458827232,0.0342605092849285,0.0293164955281448,0.0305828472891263,0.00294041877409381,0.00265421015386982,0.00221048553848903
1,2016-02-05,0.0106666666666666,0.0527337347177639,0.0342605092849285,0.0293164955281448,0.0305828472891263,0.00294041877409381,0.00265421015386982,0.00221048553848903
1,2016-02-03,0.00877999999999998,0.052221374754762,0.0342605092849285,0.0293164955281448,0.0305828472891263,0.00294041877409381,0.00265421015386982,0.00221048553848903
1,2016-02-12,0.019646,0.128992061979996,0.0342605092849285,0.0293164955281448,0.0305828472891263,0.00294041877409381,0.00265421015386982,0.00221048553848903
1,2016-02-21,0.038828,0.207591359173921,0.0342605092849285,0.0293164955281448,0.0305828472891263,0.00294041877409381,0.00265421015386982,0.00221048553848903
1,2016-02-19,0.0345653333333333,0.228404062565145,0.0342605092849285,0.0293164955281448,0.0305828472891263,0.00294041877409381,0.00265421015386982,0.00221048553848903
1,2016-02-22,0.0409593333333333,0.272536032636139,0.0342605092849285,0.0293164955281448,0.0305828472891263,0.00294041877409381,0.00265421015386982,0.00221048553848903
1,2016-02-20,0.0366966666666666,0.160364620626934,0.0342605092849285,0.0293164955281448,0.0305828472891263,0.00294041877409381,0.00265421015386982,0.00221048553848903
2,2016-01-24,0.00540560634920635,0.0217157287454126,0.0379499007730807,0.0311283781552739,0.035979513134535,0.00251615906547023,0.00204729319886935,0.00264044453803484
2,2016-01-11,0.00300218285714286,0.0246145692987201,0.0379499007730807,0.0311283781552739,0.035979513134535,0.00251615906547023,0.00204729319886935,0.00264044453803484
2,2016-01-15,0.00374169777777778,0.0202871883136067,0.0379499007730807,0.0311283781552739,0.035979513134535,0.00251615906547023,0.00204729319886935,0.00264044453803484
2,2016-01-26,0.00577536380952381,0.0350229003240306,0.0379499007730807,0.0311283781552739,0.035979513134535,0.00251615906547023,0.00204729319886935,0.00264044453803484
2,2016-01-16,0.00392657650793651,0.023198376255097,0.0379499007730807,0.0311283781552739,0.035979513134535,0.00251615906547023,0.00204729319886935,0.00264044453803484
2,2016-01-27,0.00596024253968254,0.0263786378628681,0.0379499007730807,0.0311283781552739,0.035979513134535,0.00251615906547023,0.00204729319886935,0.00264044453803484
2,2016-01-25,0.00559048507936508,0.0210869621908246,0.0379499007730807,0.0311283781552739,0.035979513134535,0.00251615906547023,0.00204729319886935,0.00264044453803484
2,2016-01-12,0.00318706158730159,0.0205868406059662,0.0379499007730807,0.0311283781552739,0.035979513134535,0.00251615906547023,0.00204729319886935,0.00264044453803484
2,2016-01-10,0.00281730412698413,0.020162298769153,0.0379499007730807,0.0311283781552739,0.035979513134535,0.00251615906547023,0.00204729319886935,0.00264044453803484
2,2016-01-08,0.00244754666666667,0.016076221111084,0.0379499007730807,0.0311283781552739,0.035979513134535,0.00251615906547023,0.00204729319886935,0.00264044453803484
2,2016-01-17,0.00411145523809524,0.028678763898746,0.0379499007730807,0.0311283781552739,0.035979513134535,0.00251615906547023,0.00204729319886935,0.00264044453803484
2,2016-01-28,0.00614512126984127,0.0436954808205532,0.0379499007730807,0.0311283781552739,0.035979513134535,0.00251615906547023,0.00204729319886935,0.00264044453803484
2,2016-02-06,0.0263477777777778,0.146762174976166,0.0379499007730807,0.0311283781552739,0.035979513134535,0.00251615906547023,0.00204729319886935,0.00264044453803484
2,2016-01-13,0.00337194031746032,0.0264106279526999,0.0379499007730807,0.0311283781552739,0.035979513134535,0.00251615906547023,0.00204729319886935,0.00264044453803484
2,2016-02-13,0.0488739,0.314287264426714,0.0379499007730807,0.0311283781552739,0.035979513134535,0.00251615906547023,0.00204729319886935,0.00264044453803484
2,2016-01-09,0.0026324253968254,0.0131480430501724,0.0379499007730807,0.0311283781552739,0.035979513134535,0.00251615906547023,0.00204729319886935,0.00264044453803484
2,2016-01-18,0.00429633396825397,0.0344161178249232,0.0379499007730807,0.0311283781552739,0.035979513134535,0.00251615906547023,0.00204729319886935,0.00264044453803484
2,2016-01-29,0.00633,0.0379367009401969,0.0379499007730807,0.0311283781552739,0.035979513134535,0.00251615906547023,0.00204729319886935,0.00264044453803484
2,2016-02-07,0.02885,0.183652797554333,0.0379499007730807,0.0311283781552739,0.035979513134535,0.00251615906547023,0.00204729319886935,0.00264044453803484
2,2016-01-14,0.00355681904761905,0.0228321884647467,0.0379499007730807,0.0311283781552739,0.035979513134535,0.00251615906547023,0.00204729319886935,0.00264044453803484
2,2016-02-14,0.0530463111111111,0.307987376660022,0.0379499007730807,0.0311283781552739,0.035979513134535,0.00251615906547023,0.00204729319886935,0.00264044453803484
2,2016-01-23,0.00522072761904762,0.034399447622029,0.0379499007730807,0.0311283781552739,0.035979513134535,0.00251615906547023,0.00204729319886935,0.00264044453803484
2,2016-01-19,0.0044812126984127,0.0359532776043733,0.0379499007730807,0.0311283781552739,0.035979513134535,0.00251615906547023,0.00204729319886935,0.00264044453803484
2,2016-01-30,0.00883222222222222,0.0554436846242254,0.0379499007730807,0.0311283781552739,0.035979513134535,0.00251615906547023,0.00204729319886935,0.00264044453803484
2,2016-02-08,0.0313522222222222,0.231224860913013,0.0379499007730807,0.0311283781552739,0.035979513134535,0.00251615906547023,0.00204729319886935,0.00264044453803484
2,2016-02-17,0.0655635444444445,0.360493788144744,0.0379499007730807,0.0311283781552739,0.035979513134535,0.00251615906547023,0.00204729319886935,0.00264044453803484
2,2016-02-15,0.0572187222222222,0.344106022668037,0.0379499007730807,0.0311283781552739,0.035979513134535,0.00251615906547023,0.00204729319886935,0.00264044453803484
2,2016-02-04,0.0213433333333333,0.0968978791802047,0.0379499007730807,0.0311283781552739,0.035979513134535,0.00251615906547023,0.00204729319886935,0.00264044453803484
2,2016-01-22,0.00503584888888889,0.0152425716212101,0.0379499007730807,0.0311283781552739,0.035979513134535,0.00251615906547023,0.00204729319886935,0.00264044453803484
2,2016-01-31,0.0113344444444444,0.0834921920765144,0.0379499007730807,0.0311283781552739,0.035979513134535,0.00251615906547023,0.00204729319886935,0.00264044453803484
2,2016-02-09,0.0338544444444445,0.205744390607676,0.0379499007730807,0.0311283781552739,0.035979513134535,0.00251615906547023,0.00204729319886935,0.00264044453803484
2,2016-02-18,0.0697359555555556,0.396643830563837,0.0379499007730807,0.0311283781552739,0.035979513134535,0.00251615906547023,0.00204729319886935,0.00264044453803484
2,2016-02-16,0.0613911333333333,0.329834768555296,0.0379499007730807,0.0311283781552739,0.035979513134535,0.00251615906547023,0.00204729319886935,0.00264044453803484
2,2016-02-05,0.0238455555555556,0.13246959067151,0.0379499007730807,0.0311283781552739,0.035979513134535,0.00251615906547023,0.00204729319886935,0.00264044453803484
2,2016-02-03,0.0188411111111111,0.132362872042753,0.0379499007730807,0.0311283781552739,0.035979513134535,0.00251615906547023,0.00204729319886935,0.00264044453803484
2,2016-02-01,0.0138366666666667,0.0743324241959801,0.0379499007730807,0.0311283781552739,0.035979513134535,0.00251615906547023,0.00204729319886935,0.00264044453803484
2,2016-02-10,0.0363566666666667,0.259318713702796,0.0379499007730807,0.0311283781552739,0.035979513134535,0.00251615906547023,0.00204729319886935,0.00264044453803484
2,2016-02-19,0.0739083666666667,0.419505963699512,0.0379499007730807,0.0311283781552739,0.035979513134535,0.00251615906547023,0.00204729319886935,0.00264044453803484
2,2016-02-11,0.0405290777777778,0.235177753962771,0.0379499007730807,0.0311283781552739,0.035979513134535,0.00251615906547023,0.00204729319886935,0.00264044453803484
2,2016-02-20,0.0780807777777778,0.308499504578006,0.0379499007730807,0.0311283781552739,0.035979513134535,0.00251615906547023,0.00204729319886935,0.00264044453803484
2,2016-02-12,0.0447014888888889,0.292525192746872,0.0379499007730807,0.0311283781552739,0.035979513134535,0.00251615906547023,0.00204729319886935,0.00264044453803484
2,2016-02-02,0.0163388888888889,0.128784469482816,0.0379499007730807,0.0311283781552739,0.035979513134535,0.00251615906547023,0.00204729319886935,0.00264044453803484
2,2016-02-22,0.0864256,0.442615094893561,0.0379499007730807,0.0311283781552739,0.035979513134535,0.00251615906547023,0.00204729319886935,0.00264044453803484
2,2016-02-21,0.0822531888888889,0.370872465237722,0.0379499007730807,0.0311283781552739,0.035979513134535,0.00251615906547023,0.00204729319886935,0.00264044453803484
3,2016-01-08,0.00244754666666667,0.0160614339407054,0.0358670990488797,0.0277104611518193,0.0272909980905833,0.00260243754096481,0.000990762391308304,0.00380093647993457
3,2016-01-15,0.00570058666666668,0.0303226817182597,0.0358670990488797,0.0277104611518193,0.0272909980905833,0.00260243754096481,0.000990762391308304,0.00380093647993457
3,2016-01-16,0.00616530666666668,0.0356282938046593,0.0358670990488797,0.0277104611518193,0.0272909980905833,0.00260243754096481,0.000990762391308304,0.00380093647993457
3,2016-01-17,0.00663002666666668,0.0452436032382246,0.0358670990488797,0.0277104611518193,0.0272909980905833,0.00260243754096481,0.000990762391308304,0.00380093647993457
3,2016-01-09,0.00291226666666667,0.0142097214956181,0.0358670990488797,0.0277104611518193,0.0272909980905833,0.00260243754096481,0.000990762391308304,0.00380093647993457
3,2016-01-18,0.00709474666666668,0.0544925867041757,0.0358670990488797,0.0277104611518193,0.0272909980905833,0.00260243754096481,0.000990762391308304,0.00380093647993457
3,2016-01-10,0.00337698666666667,0.0242370893635051,0.0358670990488797,0.0277104611518193,0.0272909980905833,0.00260243754096481,0.000990762391308304,0.00380093647993457
3,2016-01-27,0.0112772266666667,0.0484131717135168,0.0358670990488797,0.0277104611518193,0.0272909980905833,0.00260243754096481,0.000990762391308304,0.00380093647993457
3,2016-01-30,0.0158616666666667,0.0994788409478732,0.0358670990488797,0.0277104611518193,0.0272909980905833,0.00260243754096481,0.000990762391308304,0.00380093647993457
3,2016-01-28,0.0117419466666667,0.0841902772285699,0.0358670990488797,0.0277104611518193,0.0272909980905833,0.00260243754096481,0.000990762391308304,0.00380093647993457
3,2016-02-06,0.0414466666666667,0.230428312567625,0.0358670990488797,0.0277104611518193,0.0272909980905833,0.00260243754096481,0.000990762391308304,0.00380093647993457
3,2016-01-19,0.00755946666666669,0.0552057364554684,0.0358670990488797,0.0277104611518193,0.0272909980905833,0.00260243754096481,0.000990762391308304,0.00380093647993457
3,2016-01-11,0.00384170666666667,0.0314271105363887,0.0358670990488797,0.0277104611518193,0.0272909980905833,0.00260243754096481,0.000990762391308304,0.00380093647993457
3,2016-01-22,0.00895362666666669,0.0262916331884183,0.0358670990488797,0.0277104611518193,0.0272909980905833,0.00260243754096481,0.000990762391308304,0.00380093647993457
3,2016-01-31,0.0195166666666667,0.143477221304522,0.0358670990488797,0.0277104611518193,0.0272909980905833,0.00260243754096481,0.000990762391308304,0.00380093647993457
3,2016-01-29,0.0122066666666667,0.0725615878397147,0.0358670990488797,0.0277104611518193,0.0272909980905833,0.00260243754096481,0.000990762391308304,0.00380093647993457
3,2016-02-07,0.0451016666666667,0.290349519415873,0.0358670990488797,0.0277104611518193,0.0272909980905833,0.00260243754096481,0.000990762391308304,0.00380093647993457
3,2016-01-14,0.00523586666666668,0.0328981267582895,0.0358670990488797,0.0277104611518193,0.0272909980905833,0.00260243754096481,0.000990762391308304,0.00380093647993457
3,2016-01-12,0.00430642666666668,0.0277225557722426,0.0358670990488797,0.0277104611518193,0.0272909980905833,0.00260243754096481,0.000990762391308304,0.00380093647993457
3,2016-01-23,0.00941834666666669,0.0625826365731006,0.0358670990488797,0.0277104611518193,0.0272909980905833,0.00260243754096481,0.000990762391308304,0.00380093647993457
3,2016-02-01,0.0231716666666667,0.123690588637304,0.0358670990488797,0.0277104611518193,0.0272909980905833,0.00260243754096481,0.000990762391308304,0.00380093647993457
3,2016-02-10,0.0560666666666667,0.406328833492101,0.0358670990488797,0.0277104611518193,0.0272909980905833,0.00260243754096481,0.000990762391308304,0.00380093647993457
3,2016-02-08,0.0487566666666667,0.363559596819664,0.0358670990488797,0.0277104611518193,0.0272909980905833,0.00260243754096481,0.000990762391308304,0.00380093647993457
3,2016-02-17,0.0915054500000002,0.523259304113113,0.0358670990488797,0.0277104611518193,0.0272909980905833,0.00260243754096481,0.000990762391308304,0.00380093647993457
3,2016-01-13,0.00477114666666668,0.0369471108611417,0.0358670990488797,0.0277104611518193,0.0272909980905833,0.00260243754096481,0.000990762391308304,0.00380093647993457
3,2016-01-24,0.00988306666666669,0.0392709669814402,0.0358670990488797,0.0277104611518193,0.0272909980905833,0.00260243754096481,0.000990762391308304,0.00380093647993457
3,2016-02-02,0.0268266666666667,0.218142835405946,0.0358670990488797,0.0277104611518193,0.0272909980905833,0.00260243754096481,0.000990762391308304,0.00380093647993457
3,2016-02-11,0.0611293500000001,0.361792289776829,0.0358670990488797,0.0277104611518193,0.0272909980905833,0.00260243754096481,0.000990762391308304,0.00380093647993457
3,2016-02-09,0.0524116666666667,0.322988507362756,0.0358670990488797,0.0277104611518193,0.0272909980905833,0.00260243754096481,0.000990762391308304,0.00380093647993457
3,2016-02-18,0.0965681333333336,0.561039364023972,0.0358670990488797,0.0277104611518193,0.0272909980905833,0.00260243754096481,0.000990762391308304,0.00380093647993457
3,2016-02-16,0.0864427666666669,0.467011668847673,0.0358670990488797,0.0277104611518193,0.0272909980905833,0.00260243754096481,0.000990762391308304,0.00380093647993457
3,2016-01-25,0.0103477866666667,0.0383753947424038,0.0358670990488797,0.0277104611518193,0.0272909980905833,0.00260243754096481,0.000990762391308304,0.00380093647993457
3,2016-02-03,0.0304816666666667,0.2154713270369,0.0358670990488797,0.0277104611518193,0.0272909980905833,0.00260243754096481,0.000990762391308304,0.00380093647993457
3,2016-02-12,0.0661920333333334,0.437653380232064,0.0358670990488797,0.0277104611518193,0.0272909980905833,0.00260243754096481,0.000990762391308304,0.00380093647993457
3,2016-02-21,0.111756183333334,0.516994219895675,0.0358670990488797,0.0277104611518193,0.0272909980905833,0.00260243754096481,0.000990762391308304,0.00380093647993457
3,2016-02-19,0.101630816666667,0.583493965831375,0.0358670990488797,0.0277104611518193,0.0272909980905833,0.00260243754096481,0.000990762391308304,0.00380093647993457
3,2016-02-22,0.116818866666667,0.631089710730783,0.0358670990488797,0.0277104611518193,0.0272909980905833,0.00260243754096481,0.000990762391308304,0.00380093647993457
3,2016-01-26,0.0108125066666667,0.0665687516715933,0.0358670990488797,0.0277104611518193,0.0272909980905833,0.00260243754096481,0.000990762391308304,0.00380093647993457
3,2016-02-04,0.0341366666666667,0.151349996154493,0.0358670990488797,0.0277104611518193,0.0272909980905833,0.00260243754096481,0.000990762391308304,0.00380093647993457
3,2016-02-13,0.0712547166666668,0.464026684011485,0.0358670990488797,0.0277104611518193,0.0272909980905833,0.00260243754096481,0.000990762391308304,0.00380093647993457
3,2016-02-05,0.0377916666666667,0.208717740444421,0.0358670990488797,0.0277104611518193,0.0272909980905833,0.00260243754096481,0.000990762391308304,0.00380093647993457
3,2016-02-20,0.1066935,0.432084512625414,0.0358670990488797,0.0277104611518193,0.0272909980905833,0.00260243754096481,0.000990762391308304,0.00380093647993457
3,2016-02-15,0.0813800833333335,0.495533084633478,0.0358670990488797,0.0277104611518193,0.0272909980905833,0.00260243754096481,0.000990762391308304,0.00380093647993457
3,2016-02-14,0.0763174000000001,0.44486967315534,0.0358670990488797,0.0277104611518193,0.0272909980905833,0.00260243754096481,0.000990762391308304,0.00380093647993457
4,2016-01-16,0.00731832253968253,0.0450978452161036,0.0415749341851713,0.0328960904329957,0.0380051376097753,0.0032271388716549,0.00250149885026898,0.00652618484688947
4,2016-01-15,0.00670947555555555,0.0373172123982705,0.0415749341851713,0.0328960904329957,0.0380051376097753,0.0032271388716549,0.00250149885026898,0.00652618484688947
4,2016-01-10,0.00366524063492063,0.0272127783411009,0.0415749341851713,0.0328960904329957,0.0380051376097753,0.0032271388716549,0.00250149885026898,0.00652618484688947
4,2016-01-27,0.0140156393650793,0.062240600514225,0.0415749341851713,0.0328960904329957,0.0380051376097753,0.0032271388716549,0.00250149885026898,0.00652618484688947
4,2016-01-17,0.00792716952380951,0.0578658028537807,0.0415749341851713,0.0328960904329957,0.0380051376097753,0.0032271388716549,0.00250149885026898,0.00652618484688947
4,2016-01-28,0.0146244863492063,0.103761351041588,0.0415749341851713,0.0328960904329957,0.0380051376097753,0.0032271388716549,0.00250149885026898,0.00652618484688947
4,2016-02-06,0.0513422222222222,0.293691894734757,0.0415749341851713,0.0328960904329957,0.0380051376097753,0.0032271388716549,0.00250149885026898,0.00652618484688947
4,2016-01-08,0.00244754666666667,0.0168426206013934,0.0415749341851713,0.0328960904329957,0.0380051376097753,0.0032271388716549,0.00250149885026898,0.00652618484688947
4,2016-01-11,0.00427408761904762,0.0357802887142581,0.0415749341851713,0.0328960904329957,0.0380051376097753,0.0032271388716549,0.00250149885026898,0.00652618484688947
4,2016-01-09,0.00305639365079365,0.0155179885778767,0.0415749341851713,0.0328960904329957,0.0380051376097753,0.0032271388716549,0.00250149885026898,0.00652618484688947
4,2016-01-18,0.00853601650793649,0.0698257214982602,0.0415749341851713,0.0328960904329957,0.0380051376097753,0.0032271388716549,0.00250149885026898,0.00652618484688947
4,2016-01-29,0.0152333333333333,0.0928349853713452,0.0415749341851713,0.0328960904329957,0.0380051376097753,0.0032271388716549,0.00250149885026898,0.00652618484688947
4,2016-02-07,0.0558558333333334,0.355837218143694,0.0415749341851713,0.0328960904329957,0.0380051376097753,0.0032271388716549,0.00250149885026898,0.00652618484688947
4,2016-01-14,0.00610062857142856,0.036018414542535,0.0415749341851713,0.0328960904329957,0.0380051376097753,0.0032271388716549,0.00250149885026898,0.00652618484688947
4,2016-01-12,0.0048829346031746,0.032806427975159,0.0415749341851713,0.0328960904329957,0.0380051376097753,0.0032271388716549,0.00250149885026898,0.00652618484688947
4,2016-01-23,0.0115802514285714,0.0759969973732411,0.0415749341851713,0.0328960904329957,0.0380051376097753,0.0032271388716549,0.00250149885026898,0.00652618484688947
4,2016-01-19,0.00914486349206348,0.0732337257442481,0.0415749341851713,0.0328960904329957,0.0380051376097753,0.0032271388716549,0.00250149885026898,0.00652618484688947
4,2016-01-30,0.0197469444444444,0.122557308029303,0.0415749341851713,0.0328960904329957,0.0380051376097753,0.0032271388716549,0.00250149885026898,0.00652618484688947
4,2016-02-08,0.0603694444444445,0.435645598012825,0.0415749341851713,0.0328960904329957,0.0380051376097753,0.0032271388716549,0.00250149885026898,0.00652618484688947
4,2016-02-17,0.109253990033444,0.607096985993373,0.0415749341851713,0.0328960904329957,0.0380051376097753,0.0032271388716549,0.00250149885026898,0.00652618484688947
4,2016-01-13,0.00549178158730158,0.0442874454451764,0.0415749341851713,0.0328960904329957,0.0380051376097753,0.0032271388716549,0.00250149885026898,0.00652618484688947
4,2016-01-24,0.0121890984126984,0.0490733348266391,0.0415749341851713,0.0328960904329957,0.0380051376097753,0.0032271388716549,0.00250149885026898,0.00652618484688947
4,2016-01-22,0.0109714044444444,0.0335570968311364,0.0415749341851713,0.0328960904329957,0.0380051376097753,0.0032271388716549,0.00250149885026898,0.00652618484688947
4,2016-01-31,0.0242605555555555,0.176353578933041,0.0415749341851713,0.0328960904329957,0.0380051376097753,0.0032271388716549,0.00250149885026898,0.00652618484688947
4,2016-02-09,0.0648830555555556,0.401405458167472,0.0415749341851713,0.0328960904329957,0.0380051376097753,0.0032271388716549,0.00250149885026898,0.00652618484688947
4,2016-02-18,0.114947893371556,0.647477724757113,0.0415749341851713,0.0328960904329957,0.0380051376097753,0.0032271388716549,0.00250149885026898,0.00652618484688947
4,2016-02-16,0.103560086695333,0.548534888726794,0.0415749341851713,0.0328960904329957,0.0380051376097753,0.0032271388716549,0.00250149885026898,0.00652618484688947
4,2016-01-25,0.0127979453968254,0.0485585992765263,0.0415749341851713,0.0328960904329957,0.0380051376097753,0.0032271388716549,0.00250149885026898,0.00652618484688947
4,2016-02-03,0.0378013888888889,0.2678315622873,0.0415749341851713,0.0328960904329957,0.0380051376097753,0.0032271388716549,0.00250149885026898,0.00652618484688947
4,2016-02-01,0.0287741666666666,0.15571975148687,0.0415749341851713,0.0328960904329957,0.0380051376097753,0.0032271388716549,0.00250149885026898,0.00652618484688947
4,2016-02-10,0.0693966666666667,0.486147364994578,0.0415749341851713,0.0328960904329957,0.0380051376097753,0.0032271388716549,0.00250149885026898,0.00652618484688947
4,2016-02-19,0.120641796709667,0.67398595844673,0.0415749341851713,0.0328960904329957,0.0380051376097753,0.0032271388716549,0.00250149885026898,0.00652618484688947
4,2016-02-11,0.0750905700047778,0.437493351600778,0.0415749341851713,0.0328960904329957,0.0380051376097753,0.0032271388716549,0.00250149885026898,0.00652618484688947
4,2016-01-26,0.0134067923809524,0.0815681456980466,0.0415749341851713,0.0328960904329957,0.0380051376097753,0.0032271388716549,0.00250149885026898,0.00652618484688947
4,2016-02-04,0.042315,0.195704486168731,0.0415749341851713,0.0328960904329957,0.0380051376097753,0.0032271388716549,0.00250149885026898,0.00652618484688947
4,2016-02-02,0.0332877777777778,0.257980410198107,0.0415749341851713,0.0328960904329957,0.0380051376097753,0.0032271388716549,0.00250149885026898,0.00652618484688947
4,2016-02-05,0.0468286111111111,0.266673706552278,0.0415749341851713,0.0328960904329957,0.0380051376097753,0.0032271388716549,0.00250149885026898,0.00652618484688947
4,2016-02-20,0.126335700047778,0.520219692866307,0.0415749341851713,0.0328960904329957,0.0380051376097753,0.0032271388716549,0.00250149885026898,0.00652618484688947
4,2016-02-12,0.0807844733428889,0.524433302466484,0.0415749341851713,0.0328960904329957,0.0380051376097753,0.0032271388716549,0.00250149885026898,0.00652618484688947
4,2016-02-21,0.132029603385889,0.591006900587391,0.0415749341851713,0.0328960904329957,0.0380051376097753,0.0032271388716549,0.00250149885026898,0.00652618484688947
4,2016-02-13,0.086478376681,0.551000856949994,0.0415749341851713,0.0328960904329957,0.0380051376097753,0.0032271388716549,0.00250149885026898,0.00652618484688947
4,2016-02-14,0.0921722800191111,0.531383912773569,0.0415749341851713,0.0328960904329957,0.0380051376097753,0.0032271388716549,0.00250149885026898,0.00652618484688947
4,2016-02-15,0.0978661833572222,0.582982764886428,0.0415749341851713,0.0328960904329957,0.0380051376097753,0.0032271388716549,0.00250149885026898,0.00652618484688947
4,2016-02-22,0.137723506724,0.719366936017427,0.0415749341851713,0.0328960904329957,0.0380051376097753,0.0032271388716549,0.00250149885026898,0.00652618484688947
5,2016-01-09,0.00297290158730159,0.0128881966653772,0.0500151888512058,0.0399009595025534,0.0325374565628382,0.00308435580576692,0.00217154258590511,0.00127228677875518
5,2016-01-08,0.00244754666666667,0.0144026887541605,0.0500151888512058,0.0399009595025534,0.0325374565628382,0.00308435580576692,0.00217154258590511,0.00127228677875518
5,2016-01-30,0.0168108333333333,0.0885377417786068,0.0500151888512058,0.0399009595025534,0.0325374565628382,0.00308435580576692,0.00217154258590511,0.00127228677875518
5,2016-01-18,0.00770109587301587,0.051732866946587,0.0500151888512058,0.0399009595025534,0.0325374565628382,0.00308435580576692,0.00217154258590511,0.00127228677875518
5,2016-01-10,0.00349825650793651,0.0226521795130653,0.0500151888512058,0.0399009595025534,0.0325374565628382,0.00308435580576692,0.00217154258590511,0.00127228677875518
5,2016-01-19,0.0082264507936508,0.0519849638366535,0.0500151888512058,0.0399009595025534,0.0325374565628382,0.00308435580576692,0.00217154258590511,0.00127228677875518
5,2016-01-11,0.00402361142857143,0.0294186815461243,0.0500151888512058,0.0399009595025534,0.0325374565628382,0.00308435580576692,0.00217154258590511,0.00127228677875518
5,2016-01-22,0.00980251555555556,0.025854440336521,0.0500151888512058,0.0399009595025534,0.0325374565628382,0.00308435580576692,0.00217154258590511,0.00127228677875518
5,2016-01-31,0.0201416666666667,0.126368488848176,0.0500151888512058,0.0399009595025534,0.0325374565628382,0.00308435580576692,0.00217154258590511,0.00127228677875518
5,2016-01-29,0.01348,0.0715369094465969,0.0500151888512058,0.0399009595025534,0.0325374565628382,0.00308435580576692,0.00217154258590511,0.00127228677875518
5,2016-01-27,0.0124292901587302,0.0470296743685212,0.0500151888512058,0.0399009595025534,0.0325374565628382,0.00308435580576692,0.00217154258590511,0.00127228677875518
5,2016-01-14,0.00559967619047619,0.0300851978268214,0.0500151888512058,0.0399009595025534,0.0325374565628382,0.00308435580576692,0.00217154258590511,0.00127228677875518
5,2016-01-12,0.00454896634920635,0.0257679757724441,0.0500151888512058,0.0399009595025534,0.0325374565628382,0.00308435580576692,0.00217154258590511,0.00127228677875518
5,2016-01-23,0.0103278704761905,0.0596761574829666,0.0500151888512058,0.0399009595025534,0.0325374565628382,0.00308435580576692,0.00217154258590511,0.00127228677875518
5,2016-02-01,0.0234725,0.110522232647771,0.0500151888512058,0.0399009595025534,0.0325374565628382,0.00308435580576692,0.00217154258590511,0.00127228677875518
5,2016-02-10,0.05345,0.330376296546239,0.0500151888512058,0.0399009595025534,0.0325374565628382,0.00308435580576692,0.00217154258590511,0.00127228677875518
5,2016-01-28,0.0129546450793651,0.0781178075887273,0.0500151888512058,0.0399009595025534,0.0325374565628382,0.00308435580576692,0.00217154258590511,0.00127228677875518
5,2016-01-15,0.00612503111111111,0.0278581560862657,0.0500151888512058,0.0399009595025534,0.0325374565628382,0.00308435580576692,0.00217154258590511,0.00127228677875518
5,2016-01-13,0.00507432126984127,0.0342045478991496,0.0500151888512058,0.0399009595025534,0.0325374565628382,0.00308435580576692,0.00217154258590511,0.00127228677875518
5,2016-01-24,0.0108532253968254,0.0376695548555745,0.0500151888512058,0.0399009595025534,0.0325374565628382,0.00308435580576692,0.00217154258590511,0.00127228677875518
5,2016-02-02,0.0268033333333333,0.184931356601102,0.0500151888512058,0.0399009595025534,0.0325374565628382,0.00308435580576692,0.00217154258590511,0.00127228677875518
5,2016-02-11,0.05845635,0.298374939749523,0.0500151888512058,0.0399009595025534,0.0325374565628382,0.00308435580576692,0.00217154258590511,0.00127228677875518
5,2016-02-09,0.0501191666666667,0.276660613275616,0.0500151888512058,0.0399009595025534,0.0325374565628382,0.00308435580576692,0.00217154258590511,0.00127228677875518
5,2016-01-16,0.00665038603174603,0.0358623604412246,0.0500151888512058,0.0399009595025534,0.0325374565628382,0.00308435580576692,0.00217154258590511,0.00127228677875518
5,2016-02-16,0.0834881,0.398988267390584,0.0500151888512058,0.0399009595025534,0.0325374565628382,0.00308435580576692,0.00217154258590511,0.00127228677875518
5,2016-01-25,0.0113785803174603,0.0375890833193694,0.0500151888512058,0.0399009595025534,0.0325374565628382,0.00308435580576692,0.00217154258590511,0.00127228677875518
5,2016-02-03,0.0301341666666667,0.178265614636333,0.0500151888512058,0.0399009595025534,0.0325374565628382,0.00308435580576692,0.00217154258590511,0.00127228677875518
5,2016-02-12,0.0634627,0.367504221646877,0.0500151888512058,0.0399009595025534,0.0325374565628382,0.00308435580576692,0.00217154258590511,0.00127228677875518
5,2016-02-21,0.10851985,0.442202553514012,0.0500151888512058,0.0399009595025534,0.0325374565628382,0.00308435580576692,0.00217154258590511,0.00127228677875518
5,2016-01-17,0.00717574095238095,0.0446507464777958,0.0500151888512058,0.0399009595025534,0.0325374565628382,0.00308435580576692,0.00217154258590511,0.00127228677875518
5,2016-02-17,0.08849445,0.44185106755306,0.0500151888512058,0.0399009595025534,0.0325374565628382,0.00308435580576692,0.00217154258590511,0.00127228677875518
5,2016-01-26,0.0119039352380952,0.0624647955560619,0.0500151888512058,0.0399009595025534,0.0325374565628382,0.00308435580576692,0.00217154258590511,0.00127228677875518
5,2016-02-04,0.033465,0.133042209546974,0.0500151888512058,0.0399009595025534,0.0325374565628382,0.00308435580576692,0.00217154258590511,0.00127228677875518
5,2016-02-13,0.06846905,0.390948385522628,0.0500151888512058,0.0399009595025534,0.0325374565628382,0.00308435580576692,0.00217154258590511,0.00127228677875518
5,2016-02-22,0.1135262,0.547723202791596,0.0500151888512058,0.0399009595025534,0.0325374565628382,0.00308435580576692,0.00217154258590511,0.00127228677875518
5,2016-02-20,0.1035135,0.384911215301006,0.0500151888512058,0.0399009595025534,0.0325374565628382,0.00308435580576692,0.00217154258590511,0.00127228677875518
5,2016-02-18,0.0935008,0.472116828628175,0.0500151888512058,0.0399009595025534,0.0325374565628382,0.00308435580576692,0.00217154258590511,0.00127228677875518
5,2016-02-07,0.0434575,0.237867759562629,0.0500151888512058,0.0399009595025534,0.0325374565628382,0.00308435580576692,0.00217154258590511,0.00127228677875518
5,2016-02-05,0.0367958333333333,0.177073817255034,0.0500151888512058,0.0399009595025534,0.0325374565628382,0.00308435580576692,0.00217154258590511,0.00127228677875518
5,2016-02-14,0.0734754,0.382796897176222,0.0500151888512058,0.0399009595025534,0.0325374565628382,0.00308435580576692,0.00217154258590511,0.00127228677875518
5,2016-02-06,0.0401266666666667,0.198848277179144,0.0500151888512058,0.0399009595025534,0.0325374565628382,0.00308435580576692,0.00217154258590511,0.00127228677875518
5,2016-02-15,0.07848175,0.419613200737223,0.0500151888512058,0.0399009595025534,0.0325374565628382,0.00308435580576692,0.00217154258590511,0.00127228677875518
5,2016-02-19,0.09850715,0.499732647351873,0.0500151888512058,0.0399009595025534,0.0325374565628382,0.00308435580576692,0.00217154258590511,0.00127228677875518
5,2016-02-08,0.0467883333333333,0.295341404053163,0.0500151888512058,0.0399009595025534,0.0325374565628382,0.00308435580576692,0.00217154258590511,0.00127228677875518
6,2016-01-10,0.00338905015873016,0.018648526401499,0.0480414391795138,0.0422675668784739,0.0295622041665199,0.00259505598416203,0.00364838369512728,0.0017967718753096
6,2016-01-08,0.00244754666666667,0.0122631082327869,0.0480414391795138,0.0422675668784739,0.0295622041665199,0.00259505598416203,0.00364838369512728,0.0017967718753096
6,2016-01-11,0.0038598019047619,0.0235844713554624,0.0480414391795138,0.0422675668784739,0.0295622041665199,0.00259505598416203,0.00364838369512728,0.0017967718753096
6,2016-01-09,0.00291829841269841,0.0106422594533065,0.0480414391795138,0.0422675668784739,0.0295622041665199,0.00259505598416203,0.00364838369512728,0.0017967718753096
6,2016-01-18,0.00715506412698411,0.042933648160858,0.0480414391795138,0.0422675668784739,0.0295622041665199,0.00259505598416203,0.00364838369512728,0.0017967718753096
6,2016-01-29,0.0123333333333333,0.0561228733219276,0.0480414391795138,0.0422675668784739,0.0295622041665199,0.00259505598416203,0.00364838369512728,0.0017967718753096
6,2016-01-27,0.0113918298412698,0.0371642444239431,0.0480414391795138,0.0422675668784739,0.0295622041665199,0.00259505598416203,0.00364838369512728,0.0017967718753096
6,2016-01-14,0.00527205714285714,0.0241167181132923,0.0480414391795138,0.0422675668784739,0.0295622041665199,0.00259505598416203,0.00364838369512728,0.0017967718753096
6,2016-01-12,0.00433055365079365,0.020802256148795,0.0480414391795138,0.0422675668784739,0.0295622041665199,0.00259505598416203,0.00364838369512728,0.0017967718753096
6,2016-01-23,0.00950882285714283,0.0468098864544744,0.0480414391795138,0.0422675668784739,0.0295622041665199,0.00259505598416203,0.00364838369512728,0.0017967718753096
6,2016-01-19,0.00762581587301586,0.0450237030843313,0.0480414391795138,0.0422675668784739,0.0295622041665199,0.00259505598416203,0.00364838369512728,0.0017967718753096
6,2016-01-30,0.0141922222222222,0.0642666672152858,0.0480414391795138,0.0422675668784739,0.0295622041665199,0.00259505598416203,0.00364838369512728,0.0017967718753096
6,2016-01-28,0.0118625815873016,0.0615343941518668,0.0480414391795138,0.0422675668784739,0.0295622041665199,0.00259505598416203,0.00364838369512728,0.0017967718753096
6,2016-01-15,0.00574280888888888,0.0232739521373277,0.0480414391795138,0.0422675668784739,0.0295622041665199,0.00259505598416203,0.00364838369512728,0.0017967718753096
6,2016-01-13,0.00480130539682539,0.0272122930964382,0.0480414391795138,0.0422675668784739,0.0295622041665199,0.00259505598416203,0.00364838369512728,0.0017967718753096
6,2016-01-24,0.00997957460317458,0.0294089228250716,0.0480414391795138,0.0422675668784739,0.0295622041665199,0.00259505598416203,0.00364838369512728,0.0017967718753096
6,2016-01-22,0.00903807111111109,0.0200409765220037,0.0480414391795138,0.0422675668784739,0.0295622041665199,0.00259505598416203,0.00364838369512728,0.0017967718753096
6,2016-01-31,0.0160511111111111,0.0862132818726842,0.0480414391795138,0.0422675668784739,0.0295622041665199,0.00259505598416203,0.00364838369512728,0.0017967718753096
6,2016-02-09,0.0327811111111111,0.152569348232317,0.0480414391795138,0.0422675668784739,0.0295622041665199,0.00259505598416203,0.00364838369512728,0.0017967718753096
6,2016-01-16,0.00621356063492062,0.0281534133411655,0.0480414391795138,0.0422675668784739,0.0295622041665199,0.00259505598416203,0.00364838369512728,0.0017967718753096
6,2016-02-16,0.0496370714285714,0.204428834061242,0.0480414391795138,0.0422675668784739,0.0295622041665199,0.00259505598416203,0.00364838369512728,0.0017967718753096
6,2016-01-25,0.0104503263492063,0.0291056753573503,0.0480414391795138,0.0422675668784739,0.0295622041665199,0.00259505598416203,0.00364838369512728,0.0017967718753096
6,2016-02-03,0.0216277777777778,0.107731125774271,0.0480414391795138,0.0422675668784739,0.0295622041665199,0.00259505598416203,0.00364838369512728,0.0017967718753096
6,2016-02-01,0.01791,0.0718632132034287,0.0480414391795138,0.0422675668784739,0.0295622041665199,0.00259505598416203,0.00364838369512728,0.0017967718753096
6,2016-02-10,0.03464,0.179424081788472,0.0480414391795138,0.0422675668784739,0.0295622041665199,0.00259505598416203,0.00364838369512728,0.0017967718753096
6,2016-01-17,0.00668431238095237,0.03618360797831,0.0480414391795138,0.0422675668784739,0.0295622041665199,0.00259505598416203,0.00364838369512728,0.0017967718753096
6,2016-02-17,0.0521365833333334,0.234919606268941,0.0480414391795138,0.0422675668784739,0.0295622041665199,0.00259505598416203,0.00364838369512728,0.0017967718753096
6,2016-01-26,0.0109210780952381,0.0491586060287275,0.0480414391795138,0.0422675668784739,0.0295622041665199,0.00259505598416203,0.00364838369512728,0.0017967718753096
6,2016-02-04,0.0234866666666666,0.0783169292920421,0.0480414391795138,0.0422675668784739,0.0295622041665199,0.00259505598416203,0.00364838369512728,0.0017967718753096
6,2016-02-02,0.0197688888888889,0.113795566996188,0.0480414391795138,0.0422675668784739,0.0295622041665199,0.00259505598416203,0.00364838369512728,0.0017967718753096
6,2016-02-11,0.0371395119047619,0.165438705301296,0.0480414391795138,0.0422675668784739,0.0295622041665199,0.00259505598416203,0.00364838369512728,0.0017967718753096
6,2016-02-20,0.0596351190476191,0.199103118468337,0.0480414391795138,0.0422675668784739,0.0295622041665199,0.00259505598416203,0.00364838369512728,0.0017967718753096
6,2016-02-18,0.0546360952380953,0.249658151027362,0.0480414391795138,0.0422675668784739,0.0295622041665199,0.00259505598416203,0.00364838369512728,0.0017967718753096
6,2016-02-07,0.0290633333333333,0.134957372400792,0.0480414391795138,0.0422675668784739,0.0295622041665199,0.00259505598416203,0.00364838369512728,0.0017967718753096
6,2016-02-05,0.0253455555555555,0.100548307485335,0.0480414391795138,0.0422675668784739,0.0295622041665199,0.00259505598416203,0.00364838369512728,0.0017967718753096
6,2016-02-14,0.0446380476190476,0.196702199943678,0.0480414391795138,0.0422675668784739,0.0295622041665199,0.00259505598416203,0.00364838369512728,0.0017967718753096
6,2016-02-12,0.0396390238095238,0.194217416231457,0.0480414391795138,0.0422675668784739,0.0295622041665199,0.00259505598416203,0.00364838369512728,0.0017967718753096
6,2016-02-21,0.062134630952381,0.232838534877543,0.0480414391795138,0.0422675668784739,0.0295622041665199,0.00259505598416203,0.00364838369512728,0.0017967718753096
6,2016-02-19,0.0571356071428572,0.257234635462597,0.0480414391795138,0.0422675668784739,0.0295622041665199,0.00259505598416203,0.00364838369512728,0.0017967718753096
6,2016-02-08,0.0309222222222222,0.161459724565164,0.0480414391795138,0.0422675668784739,0.0295622041665199,0.00259505598416203,0.00364838369512728,0.0017967718753096
6,2016-02-06,0.0272044444444444,0.113559074106566,0.0480414391795138,0.0422675668784739,0.0295622041665199,0.00259505598416203,0.00364838369512728,0.0017967718753096
6,2016-02-15,0.0471375595238095,0.21676402600727,0.0480414391795138,0.0422675668784739,0.0295622041665199,0.00259505598416203,0.00364838369512728,0.0017967718753096
6,2016-02-13,0.0421385357142857,0.202906603851801,0.0480414391795138,0.0422675668784739,0.0295622041665199,0.00259505598416203,0.00364838369512728,0.0017967718753096
6,2016-02-22,0.0646341428571429,0.277424006172822,0.0480414391795138,0.0422675668784739,0.0295622041665199,0.00259505598416203,0.00364838369512728,0.0017967718753096
1,2016-01-20,0.00321696888888889,0.0215378592960191,0.0342605092849285,0.0293164955281448,0.0305828472891263,0.00294041877409381,0.00265421015386982,0.00221048553848903
1,2016-01-21,0.00329391111111111,0.0221376802790673,0.0342605092849285,0.0293164955281448,0.0305828472891263,0.00294041877409381,0.00265421015386982,0.00221048553848903
2,2016-01-20,0.00429633396825397,0.0344161178249232,0.0379499007730807,0.0311283781552739,0.035979513134535,0.00251615906547023,0.00204729319886935,0.00264044453803484
2,2016-01-21,0.0044812126984127,0.0359532776043733,0.0379499007730807,0.0311283781552739,0.035979513134535,0.00251615906547023,0.00204729319886935,0.00264044453803484
3,2016-01-20,0.00709474666666668,0.0544925867041757,0.0358670990488797,0.0277104611518193,0.0272909980905833,0.00260243754096481,0.000990762391308304,0.00380093647993457
3,2016-01-21,0.00755946666666669,0.0552057364554684,0.0358670990488797,0.0277104611518193,0.0272909980905833,0.00260243754096481,0.000990762391308304,0.00380093647993457
4,2016-01-20,0.00853601650793649,0.0698257214982602,0.0415749341851713,0.0328960904329957,0.0380051376097753,0.0032271388716549,0.00250149885026898,0.00652618484688947
4,2016-01-21,0.00914486349206348,0.0732337257442481,0.0415749341851713,0.0328960904329957,0.0380051376097753,0.0032271388716549,0.00250149885026898,0.00652618484688947
5,2016-01-20,0.00770109587301587,0.051732866946587,0.0500151888512058,0.0399009595025534,0.0325374565628382,0.00308435580576692,0.00217154258590511,0.00127228677875518
5,2016-01-21,0.0082264507936508,0.0519849638366535,0.0500151888512058,0.0399009595025534,0.0325374565628382,0.00308435580576692,0.00217154258590511,0.00127228677875518
6,2016-01-20,0.00715506412698411,0.042933648160858,0.0480414391795138,0.0422675668784739,0.0295622041665199,0.00259505598416203,0.00364838369512728,0.0017967718753096
6,2016-01-21,0.00762581587301586,0.0450237030843313,0.0480414391795138,0.0422675668784739,0.0295622041665199,0.00259505598416203,0.00364838369512728,0.0017967718753096
