"Room","Date","GPP","R_leaf","R_stem","R_root","R_leaf_se","R_stem_se","R_root_se"
1,2016-01-08,0.0152644542819699,0.000338524629247387,0.000379689223844071,0.000363967335273821,5.53222296253863e-06,9.26313788822136e-06,8.87957677417382e-06
1,2016-01-17,0.0200595703016726,0.000333776860938098,0.000373711967895484,0.000358237581087407,5.72771507148175e-06,9.68674823870298e-06,9.28564658278793e-06
1,2016-01-15,0.0146594669333353,0.000328595500752312,0.000366181844041704,0.000351019258993368,5.68522367839173e-06,9.43280641899731e-06,9.04221979680463e-06
1,2016-01-26,0.0309454687177569,0.000330696225766915,0.000368796485227571,0.00035352563506452,5.02431390344771e-06,8.94833712370434e-06,8.57781104523526e-06
1,2016-01-24,0.0180417948459721,0.000328864954402908,0.000363369586822599,0.000348323449626488,4.83703602292055e-06,8.39800423578459e-06,8.05026593162425e-06
1,2016-01-11,0.0194868055272044,0.000331156418358951,0.000371293941034611,0.000355919678081727,6.6047691198891e-06,1.05407306244186e-05,1.01042679019628e-05
1,2016-01-09,0.0122385677948277,0.000338330690317841,0.000378295086166473,0.000362630925010756,5.58513419701926e-06,9.40431874314542e-06,9.01491171741543e-06
1,2016-01-18,0.0247857739560459,0.000340686189530512,0.000382438159653046,0.000366602445196357,6.358453907296e-06,1.0733105109736e-05,1.02886766878818e-05
1,2016-01-16,0.0164016380970336,0.000329858561872433,0.000368826871531067,0.000353554763154594,5.68572465395343e-06,9.39994779686144e-06,9.01072176001948e-06
1,2016-01-27,0.0235556378666466,0.000323267694700122,0.000359410178503713,0.000344527989538114,4.8830847738404e-06,8.23904560506124e-06,7.8978893414819e-06
1,2016-01-25,0.0178424781611252,0.000327873299354909,0.000363793360425569,0.000348729675927753,4.66166379423859e-06,8.35744840245125e-06,8.01138940402964e-06
1,2016-01-12,0.015759001025304,0.000330714983417501,0.000368311282186029,0.00035306052294912,5.1957388730362e-06,8.28447792595332e-06,7.94144043467064e-06
1,2016-01-10,0.0165728402915103,0.000320548901526675,0.000357367360629539,0.000342569759144885,5.52176351299885e-06,8.64846962681222e-06,8.2903602382988e-06
1,2016-01-19,0.0263094439977525,0.000339852982921488,0.000381239473401901,0.00036545339325266,5.81718244360116e-06,1.01129508772807e-05,9.6942013399635e-06
1,2016-01-30,0.041136722453487,0.000327934948757636,0.000365400596024568,0.000350270360312215,5.36866092847639e-06,9.1040943541157e-06,8.72711879626518e-06
1,2016-01-28,0.0414111715159414,0.000330904970170938,0.000367564650021607,0.000352344806773235,5.26249869994151e-06,9.11895662556859e-06,8.74136566185188e-06
1,2016-02-06,0.0644556027963233,0.000324502004519167,0.000359782136169271,0.000344884545457708,4.86630271838538e-06,8.38350861178266e-06,8.03637053162395e-06
1,2016-01-13,0.0196563192403259,0.000336351741325902,0.000375468299483267,0.000359921187805002,5.60476977977364e-06,9.14175989229385e-06,8.76322470789354e-06
1,2016-02-13,0.17239101048442,0.000325693997415624,0.000362637349598415,0.000347621532335877,5.30823423404524e-06,9.9346719772052e-06,9.5233044797917e-06
1,2016-01-22,0.0116033049869093,0.000327017766075533,0.000363911185976802,0.000348842622646323,4.7161358578948e-06,8.27661309487929e-06,7.93390126466363e-06
1,2016-01-31,0.0512397818116513,0.000328797044347601,0.000366390371619117,0.000351219152016177,5.23538238861334e-06,8.9954774673058e-06,8.62299943660124e-06
1,2016-01-29,0.0360854420371361,0.000328194446322114,0.000364034107939105,0.000348960454747568,4.75687543524296e-06,8.39661811454334e-06,8.0489372058589e-06
1,2016-02-07,0.0846460705887221,0.000327117150144302,0.00036314458942568,0.000348107768754192,5.19866578068646e-06,8.92620144396371e-06,8.55659194323361e-06
1,2016-01-14,0.0165973036417946,0.000337055112824859,0.000375786490993434,0.000360226203878121,5.2792269001392e-06,9.24378157310275e-06,8.86102195093412e-06
1,2016-02-14,0.171651030235878,0.000325593049506251,0.000362494763451281,0.00034748485028972,5.35612385017362e-06,9.96508687553185e-06,9.55245998066292e-06
1,2016-01-23,0.0273577133443402,0.000329391431002327,0.000368248205187546,0.000353000057796007,4.94066805203082e-06,8.6668360429165e-06,8.30796615152522e-06
1,2016-02-01,0.0404236822865376,0.000324464925905203,0.000360982826347734,0.000346035518351593,5.03826208175193e-06,8.51443315334569e-06,8.16187384728879e-06
1,2016-02-10,0.137306694291605,0.000331363421870646,0.000368377323659871,0.000353123829826804,5.33762511668436e-06,9.31977534024123e-06,8.93386902476673e-06
1,2016-02-08,0.111802536766189,0.000330799684788905,0.000367794312332597,0.000352564959398315,5.36631278053423e-06,9.35514999502391e-06,8.9677789121929e-06
1,2016-02-17,0.213311202255341,0.000322322660708445,0.000357341365378665,0.000342544840285996,5.01053967579508e-06,9.54534706988113e-06,9.1501004482423e-06
1,2016-02-15,0.198091729118848,0.00032550198468339,0.000362184359072585,0.000347187298904332,5.25219531611853e-06,9.80085061999687e-06,9.39502429766612e-06
1,2016-02-04,0.042979741835304,0.00032454610380928,0.000358455747731535,0.000343613079124445,4.74550725693681e-06,8.24707155559907e-06,7.90558295943797e-06
1,2016-02-02,0.0628095682099686,0.000326731124706033,0.000364038220166984,0.000348964396699378,4.5469508252068e-06,8.31403106325716e-06,7.9697698576776e-06
1,2016-02-11,0.124063314569909,0.000317617021631619,0.000351488159457128,0.000336933999555511,5.61971910768172e-06,9.75917669668985e-06,9.35507597713466e-06
1,2016-02-09,0.100198362606504,0.000327010434059996,0.000362900001046428,0.000347873308108367,5.06878007698089e-06,8.75018773787152e-06,8.38786648157987e-06
1,2016-02-18,0.236650232396941,0.00032449609272128,0.000361002082183528,0.000346053976856081,5.30233332059563e-06,9.80451874604427e-06,9.39854053668233e-06
1,2016-02-16,0.193043621926441,0.000324737525211499,0.000358333259535594,0.000343495662828486,5.32156273643197e-06,9.65295563584914e-06,9.25325323886271e-06
1,2016-02-05,0.0574676703899168,0.000321317895372362,0.00035567715502028,0.000340949540310549,3.8342538696152e-06,7.12192163033264e-06,6.82702240421152e-06
1,2016-02-03,0.06122676815302,0.000331398136901812,0.000366663689707397,0.000351481152752637,5.41157056370561e-06,9.18892840643446e-06,8.80844010333398e-06
1,2016-02-12,0.157047849619848,0.000322049019960456,0.000359186491327989,0.000344313564634349,5.41510036099278e-06,1.01445858115567e-05,9.7245263584442e-06
1,2016-02-21,0.223598870102016,0.0003260566820357,0.000359630183450466,0.000344738884683901,5.02381573512209e-06,9.38594015273713e-06,8.99729413398951e-06
1,2016-02-19,0.255530487114199,0.000328781385778323,0.000365849783036762,0.000350700947723183,5.31615550352318e-06,9.91165007121656e-06,9.50123584773842e-06
1,2016-02-28,0.462064916002635,0.000328767204065547,0.000364659951803775,0.000349560384135649,5.44969871459563e-06,1.0058215610373e-05,9.64173251021851e-06
1,2016-02-26,0.2238432077833,0.000325480024663244,0.000358391067836144,0.000343551077445985,4.91134379162446e-06,8.99851559912591e-06,8.62591176772189e-06
1,2016-02-29,0.423232401008337,0.000328768072072204,0.000361415125230337,0.000346449916924062,5.05551739004783e-06,9.45526105794579e-06,9.06374465078882e-06
1,2016-02-24,0.332330658623514,0.000321396374340646,0.000354941716827224,0.000340244554594401,4.42747183074042e-06,8.45286255801143e-06,8.10285272130541e-06
1,2016-02-22,0.295057762173612,0.000329325130357246,0.000365028450312336,0.000349913624132443,5.39115198967269e-06,9.91788851985402e-06,9.5072159793414e-06
1,2016-02-20,0.168993893079762,0.000324472646781663,0.00035753536040345,0.000342730802509292,4.75875920256288e-06,9.00307836793173e-06,8.63028560479557e-06
1,2016-02-23,0.318607622237812,0.000329934186281299,0.000365873498319448,0.000350723681021109,5.46385823550437e-06,1.00503686818273e-05,9.63421050144526e-06
1,2016-02-27,0.316534223377495,0.000325566059230005,0.000360246541695836,0.000345329721226141,5.02956621835967e-06,9.31752170704079e-06,8.93170870833123e-06
1,2016-02-25,0.360914937555227,0.000326799285800224,0.000361638366087048,0.000346663913989658,4.54087540671347e-06,8.92212392770072e-06,8.55268326572691e-06
2,2016-01-25,0.0272251242272064,0.000325357960484886,0.000384133213091583,0.000332340348086529,5.01377297530035e-06,9.51574022597984e-06,8.2327284161423e-06
2,2016-01-24,0.0262527126383551,0.000326530173085645,0.000383946301552597,0.000332178637919818,5.07967425363688e-06,9.47479123760554e-06,8.19730059947272e-06
2,2016-01-08,0.0191142329960623,0.000330890107769686,0.000395990579490678,0.000342598980097933,5.6687867063586e-06,1.05370699558429e-05,9.11635176961916e-06
2,2016-01-17,0.0309912553074345,0.000340300831725975,0.000404691830458223,0.000350127037232249,5.25952759166724e-06,9.93514032614801e-06,8.59558060003868e-06
2,2016-01-15,0.0234895233594279,0.000337236648182683,0.000399144833913901,0.000345327944887336,5.38549659567215e-06,9.84040508021225e-06,8.51361855266205e-06
2,2016-01-26,0.0521096630116503,0.00032789295490803,0.000388948663901648,0.000336506529358724,5.41068089309788e-06,1.00927739464324e-05,8.7319604038412e-06
2,2016-01-13,0.0326890054869533,0.000332592985362532,0.000395093111439026,0.000341822518093301,5.48366075035036e-06,9.8825963490373e-06,8.55012115251452e-06
2,2016-01-11,0.0317904996514562,0.000341308874413383,0.000405665595135439,0.000350969508751897,5.66710923135426e-06,1.02543406608934e-05,8.87174300084969e-06
2,2016-01-09,0.0168542358359717,0.000343467994321713,0.000407888326739001,0.000352892548389333,5.33745170549546e-06,9.81831054513394e-06,8.49450303432496e-06
2,2016-01-18,0.0372399500973911,0.000343250758449753,0.000408953979638932,0.00035381451879864,5.76509866535479e-06,1.07537698143648e-05,9.30383388248262e-06
2,2016-01-16,0.0256808764626033,0.000340832912167766,0.000405553792223092,0.000350872780279741,5.36892097724755e-06,1.01405155441856e-05,8.77326497911554e-06
2,2016-01-27,0.0410862544481009,0.000324725836819731,0.000384657798052582,0.000332794203006118,5.15826626169844e-06,9.59135713286702e-06,8.2981498592762e-06
2,2016-01-14,0.0272166582011568,0.000339377960468384,0.000402525264215466,0.000348252590153135,5.33927003433661e-06,1.01620991311707e-05,8.79193844073537e-06
2,2016-01-12,0.0258680363544188,0.000330420365460697,0.000392345377471033,0.000339445262411548,5.35634702256903e-06,9.65673861934529e-06,8.3547159286346e-06
2,2016-01-10,0.0258138544017419,0.000343259238192004,0.000408090753197743,0.000353067681591741,5.40186968770125e-06,1.00724093083103e-05,8.71434153962556e-06
2,2016-01-19,0.038399226166323,0.000342913960276878,0.000407890189748157,0.000352894160208072,5.71174144724345e-06,1.04538200861978e-05,9.04432651974982e-06
2,2016-01-30,0.0958994483202373,0.000329013820010939,0.000390539609710402,0.000337882967182501,5.4745439156004e-06,1.02694567909367e-05,8.8848210158432e-06
2,2016-01-28,0.0824266010754919,0.000333014533173014,0.000394443670020512,0.000341260641172132,5.56318136053933e-06,1.06346708246152e-05,9.20079306653346e-06
2,2016-02-06,0.188868993194442,0.000328063042504171,0.000387893482819017,0.000335593618846578,4.83617064687332e-06,9.61495746574786e-06,8.31856814797728e-06
2,2016-02-15,0.411850588555917,0.000338072766550857,0.000399872369199417,0.000345957386242036,5.39361105200171e-06,1.08761378767521e-05,9.40970300044092e-06
2,2016-02-13,0.383746856776042,0.000338809835054427,0.000400877205151269,0.000346826739681487,5.4622862627884e-06,1.09963741705354e-05,9.51372777717645e-06
2,2016-01-22,0.0156069525987101,0.000324888909212545,0.00038488391432064,0.000332989831909513,5.16070925135521e-06,9.60966424501861e-06,8.31398861473281e-06
2,2016-01-31,0.128833912869521,0.000328457628160966,0.000389921381098281,0.000337348094630097,5.38136411188042e-06,1.01843216630428e-05,8.81116469799729e-06
2,2016-01-29,0.0772238034085244,0.000328843171676904,0.000388799855547712,0.000336377784906384,4.86967426233168e-06,9.65075852413915e-06,8.34954213252776e-06
2,2016-02-07,0.242603863370127,0.000331568837010628,0.00039249849364757,0.000339577733860706,5.20227113504678e-06,1.01861274758811e-05,8.81272703222613e-06
2,2016-02-16,0.393742571086988,0.000336963501228819,0.000394991471423595,0.000341734582249805,5.38497997333124e-06,1.05493417822719e-05,9.12696897981617e-06
2,2016-02-14,0.372059801541115,0.000340262704710339,0.000402855037519205,0.000348537899964469,5.75326272287361e-06,1.13747217849331e-05,9.84106260161059e-06
2,2016-01-23,0.0395128904939186,0.000327071866074698,0.000389259298925488,0.0003367752813136,5.40433731262692e-06,1.00204805615979e-05,8.66941437069066e-06
2,2016-02-01,0.106644145396957,0.000322990203424343,0.000382551014015787,0.000330971477669518,5.08714603551243e-06,9.47651300584407e-06,8.19879022087544e-06
2,2016-02-10,0.345307605779321,0.000336273620243323,0.000398793269369021,0.000345023781958336,5.42195935887759e-06,1.07261843278808e-05,9.2799677603464e-06
2,2016-02-08,0.308682963702508,0.000336518946175645,0.000399166784587119,0.000345346935940776,5.52876066417812e-06,1.08578420902106e-05,9.39387404355695e-06
2,2016-02-17,0.439781764996706,0.000346010199582373,0.000410115219076333,0.000354819187766813,5.16913127452764e-06,1.15863954732654e-05,1.00241962252172e-05
2,2016-02-26,0.459090169628101,0.000335693200700612,0.000392586229704077,0.000339653640422716,4.87831106971236e-06,9.68208751939385e-06,8.37664702435514e-06
2,2016-02-04,0.124452880317307,0.000326034268962706,0.000383914757057702,0.00033215134658427,4.54189441280776e-06,9.24655276474828e-06,7.99983562916818e-06
2,2016-02-02,0.180901520205093,0.000331538155437843,0.000393991126234971,0.000340869114081827,5.60127488944914e-06,1.05918445929643e-05,9.1637411161969e-06
2,2016-02-11,0.300058569920757,0.000332356774752934,0.000391362065741502,0.00033859453107322,5.48579593962101e-06,1.06306244587315e-05,9.19729227409889e-06
2,2016-02-09,0.268125412833293,0.000330741208537416,0.000391471409721633,0.000338689132152167,5.04466189818287e-06,1.00080582237503e-05,8.65866694260162e-06
2,2016-02-18,0.478286261461756,0.000338519059892515,0.000401003239113684,0.000346935780424417,4.38016850703193e-06,1.02301472036151e-05,8.85081155899756e-06
2,2016-02-27,0.584801577225512,0.000334069290833563,0.000392155460418102,0.000339280951965777,4.80745035017917e-06,9.65360118065629e-06,8.35200151230592e-06
2,2016-02-05,0.169680193642822,0.000321771286995996,0.000379655888523161,0.000328466703332955,3.80024479632149e-06,8.2518600792957e-06,7.13925783465287e-06
2,2016-02-03,0.180757190205998,0.000334678079651606,0.000394796814273149,0.000341566170816136,4.93038124616046e-06,9.96826592290238e-06,8.6242398567255e-06
2,2016-02-12,0.363453808495276,0.000333887283455129,0.000395726138761406,0.000342370194038776,5.48951124822255e-06,1.11295445014317e-05,9.62894268860961e-06
2,2016-02-21,0.475573917122814,0.000334757648425497,0.000392513028126008,0.000339590308648458,5.12622683358413e-06,1.03401798028085e-05,8.94600841016937e-06
2,2016-02-19,0.517257057863035,0.000337940892276108,0.0003996478816701,0.000345763166473759,4.5700950565116e-06,1.01267865932167e-05,8.76138710917772e-06
2,2016-02-28,0.731677722701785,0.000337218932568483,0.000396731396226196,0.000343239912158373,5.21365124518861e-06,1.04268147234099e-05,9.02096230295404e-06
2,2016-02-20,0.379288804504805,0.000332904621625827,0.000389892483495612,0.000337323093305029,4.78535164598705e-06,9.83273411650423e-06,8.50698186866285e-06
2,2016-02-29,0.673864995856529,0.000337123890623592,0.000393211834938721,0.000340194895004096,4.87457525851299e-06,9.86248490815523e-06,8.5327213468339e-06
2,2016-02-24,0.657938841839132,0.000338639342445391,0.000398959866937287,0.000345167917096722,4.96720385275807e-06,1.04196896203822e-05,9.01479788097836e-06
2,2016-02-22,0.608898274155185,0.000349887456205892,0.000414200117942342,0.000358353317763284,6.35232453085823e-06,1.25098054876483e-05,1.08231024253261e-05
2,2016-02-25,0.665107211441927,0.000332691505689024,0.000390792183257145,0.00033810148611703,5.05185922952791e-06,9.94930315438003e-06,8.60783384736046e-06
2,2016-02-23,0.623708664312443,0.000328116283954996,0.000384689280076625,0.000332821440293789,3.41368679199588e-06,8.15814959605307e-06,7.05818238072489e-06
3,2016-01-18,0.0584568512004108,0.000320667069680864,0.000308937750350437,0.000313686128334387,6.68496456471794e-06,9.79825507320146e-06,9.94885440467826e-06
3,2016-01-16,0.0365750968374414,0.00030825081096068,0.000295698928151387,0.000300243825234113,5.32243643891403e-06,8.18215090351989e-06,8.30791068900277e-06
3,2016-01-17,0.046244185290151,0.000312883558067118,0.000301106363310241,0.000305734372754694,6.03847033056995e-06,9.07286412142898e-06,9.21231418279798e-06
3,2016-01-15,0.0318482255222501,0.000302681266763019,0.000288626575101592,0.00029306277000895,5.56805564359715e-06,8.08947077624575e-06,8.21380606674412e-06
3,2016-01-12,0.0301750324161785,0.00029576561749461,0.000282376701480117,0.000286716835733596,4.73839187644039e-06,7.08589704497579e-06,7.19480739175839e-06
3,2016-01-23,0.0703653854087924,0.000295802429646784,0.000280614505705551,0.000284927554982818,4.10714807940297e-06,5.75623618544637e-06,5.8447096243265e-06
3,2016-01-19,0.0624394568547581,0.000340618272729135,0.000329380881788893,0.000334443471018103,9.10617261517983e-06,1.23906161423116e-05,1.25810601033717e-05
3,2016-01-08,0.0176440090451623,0.000294329655111282,0.000284577765285117,0.0002889517299232,6.41186711688756e-06,9.0549246420918e-06,9.19409897338692e-06
3,2016-02-08,0.433165378747,0.0003000163996014,0.000286593450515299,0.000290998396266434,5.47699580831926e-06,8.46723302962369e-06,8.59737453177821e-06
3,2016-02-06,0.259543295763993,0.000296347755493405,0.000281798809384048,0.000286130061427105,4.88020940090387e-06,7.56178090901898e-06,7.67800559812581e-06
3,2016-01-13,0.0407701605659339,0.000302772205325864,0.000290752576687569,0.000295221448272068,5.76910522532361e-06,8.57344522028001e-06,8.70521920544176e-06
3,2016-01-24,0.0464926581991274,0.000285502076793471,0.000268406607876174,0.000272532021575666,4.05085699581635e-06,5.90083270033353e-06,5.99152858987586e-06
3,2016-01-22,0.0279190057183896,0.000299566347370797,0.000282489277130111,0.000286831141673065,3.88949508541759e-06,5.24692469157507e-06,5.32757000494535e-06
3,2016-01-09,0.0163141001155906,0.000313660092988493,0.000299451523563877,0.000304054098095925,5.10021240027067e-06,7.58234848669688e-06,7.69888929978959e-06
3,2016-02-09,0.373095614185811,0.00030134656922596,0.0002863130354951,0.000290713671263053,4.80281190069097e-06,7.49107222175141e-06,7.60621011724524e-06
3,2016-02-07,0.335836278277118,0.000294594542659823,0.000281139620202228,0.000285460740497401,5.28328577538383e-06,8.1716806293158e-06,8.2972794865228e-06
3,2016-01-14,0.0357248460261268,0.000305435998982341,0.000291799753716061,0.000296284720427626,5.41075681044575e-06,8.17911596494306e-06,8.30482910337324e-06
3,2016-01-25,0.047741536979631,0.000288645636477647,0.000271682999415012,0.000275858771302949,4.18501337818118e-06,5.67691932069392e-06,5.76417365814044e-06
3,2016-02-03,0.255685544557104,0.000299751470940672,0.000284628241759402,0.000289002982221672,5.16654623967548e-06,7.99227258627324e-06,8.11511393909381e-06
3,2016-01-10,0.027494576115088,0.000313500381630498,0.000300773007442891,0.000305395893202525,5.63909010415958e-06,8.47928392391502e-06,8.60961064850052e-06
3,2016-02-10,0.491304619217223,0.000304226666301286,0.000290167164090364,0.000294627037874222,5.01879926139925e-06,8.06658881502435e-06,8.19057240942611e-06
3,2016-01-30,0.146873120662445,0.000301089417303431,0.000287397290320343,0.000291814591101669,4.90049913790844e-06,7.65743870400836e-06,7.77513365489836e-06
3,2016-01-28,0.133701360306558,0.000303251891199639,0.000288570398144226,0.000293005729610884,4.72613488086818e-06,7.61273761219739e-06,7.72974550661736e-06
3,2016-01-26,0.0894587190594736,0.00029900354659449,0.000282206853179275,0.000286544376861753,4.37943440819597e-06,5.820589389133e-06,5.91005193774554e-06
3,2016-02-04,0.171472927319663,0.000296818477554474,0.00028067383881266,0.000284987800040697,4.60303385713479e-06,7.16553713762718e-06,7.27567155386117e-06
3,2016-01-11,0.0359462382631809,0.000315012388671465,0.000302681014684574,0.000307333226544917,6.16123189369505e-06,9.0925272025768e-06,9.23227948580606e-06
3,2016-02-11,0.425160072322651,0.000305936734958014,0.000289510162657829,0.000293959938319544,5.14646110099072e-06,8.07361639159183e-06,8.19770799995374e-06
3,2016-01-31,0.194002542138591,0.000297636166508163,0.000284736702032517,0.000289113109530857,5.06563502094038e-06,7.94752672537408e-06,8.06968033362305e-06
3,2016-01-29,0.120859433290204,0.000300334859230021,0.000285314303178484,0.000289699588415339,4.08912008148622e-06,6.9366570920392e-06,7.04327361844522e-06
3,2016-01-27,0.0688527407685635,0.000294913841587566,0.000280143237878341,0.00028444904376184,3.87469464529536e-06,6.27030611062138e-06,6.36668081217382e-06
3,2016-02-05,0.234944240511292,0.000292453050402702,0.000277987543142593,0.000282260215964782,3.81297756748412e-06,6.70718702684537e-06,6.81027659481297e-06
3,2016-02-14,0.522629383806754,0.000324090423063891,0.000306976998172596,0.000311695239365355,5.38295161867447e-06,8.23114245737449e-06,8.35765524379513e-06
3,2016-02-12,0.516971266497282,0.000317276675738332,0.000300674394437954,0.000305295764514182,5.17682206715431e-06,8.02713368141824e-06,8.15051084980843e-06
3,2016-02-01,0.154220644579175,0.000294340782346668,0.000280090328342396,0.000284395321005513,4.85991457987289e-06,7.22030134940135e-06,7.33127749241428e-06
3,2016-02-21,0.546789048418793,0.000319683768922952,0.000299111747782641,0.000303709099955695,4.71619628435925e-06,7.11193211650318e-06,7.22124262273638e-06
3,2016-02-28,0.751097678910577,0.000314038705395802,0.000297936679525037,0.000302515970880862,5.51615618718887e-06,8.74103631894478e-06,8.87538618187577e-06
3,2016-02-26,0.460312963676425,0.000321234596733079,0.0002997187921682,0.000304325474622816,4.33872081972191e-06,6.38632166325122e-06,6.4844795256355e-06
3,2016-02-15,0.57712148140661,0.000332614000517783,0.00031300799108464,0.000317818928731401,4.77887296844364e-06,7.08909970166045e-06,7.19805927332565e-06
3,2016-02-13,0.544573154358431,0.000320777763777312,0.000303509339362788,0.000308174282586201,5.16621236710416e-06,7.88642292272425e-06,8.00763736458481e-06
3,2016-02-02,0.260648049814955,0.000293374215189871,0.00028080434432912,0.000285120311428956,4.50674858298703e-06,7.50339325182919e-06,7.61872052174519e-06
3,2016-02-22,0.675925173108839,0.000323952089818914,0.000305702133256547,0.0003104007797559,5.30500376782932e-06,8.16296409848712e-06,8.28842898248095e-06
3,2016-02-29,0.686056028701285,0.000315814860135869,0.000296364756841547,0.000300919887721502,4.90887314547559e-06,7.88593579525867e-06,8.00714274996257e-06
3,2016-02-27,0.585365917609647,0.000322805700748248,0.000302724599700428,0.000307377481463136,4.70992352282037e-06,6.93712705698497e-06,7.04375080675944e-06
3,2016-02-16,0.5430896914775,0.000319576425627564,0.000299792294532935,0.000304400106720029,5.24224712169244e-06,7.78946067070551e-06,7.90918480125825e-06
3,2016-02-25,0.699479022485094,0.000319622122920934,0.00030088780423499,0.000305512454423088,4.68450792446805e-06,7.30834103750773e-06,7.42067035188365e-06
3,2016-02-23,0.695408044426162,0.000323162403956649,0.000305185611122472,0.000309876318668664,5.50854468991617e-06,8.35296035369621e-06,8.48134548306066e-06
3,2016-02-20,0.44430344058819,0.000320341386326731,0.000298673921997734,0.000303264544781727,4.3448314386614e-06,6.31907556873514e-06,6.41619985761037e-06
3,2016-02-24,0.702396850205815,0.0003235647810455,0.000305820681656397,0.000310521150246483,5.67432350071138e-06,8.56834913404373e-06,8.70004479228149e-06
3,2016-02-19,0.651332659804924,0.000325715334494043,0.000308047019922549,0.000312781707366096,5.20882078960666e-06,7.96262561611694e-06,8.08501129454931e-06
3,2016-02-17,0.58546254436671,0.000312955979197953,0.000295302118676962,0.000299840916791952,4.78447783920591e-06,7.67412345726028e-06,7.7920748530649e-06
3,2016-02-18,0.625894780172112,0.000315232408960978,0.000297949430905614,0.000302528918250355,5.30756389053217e-06,7.82870626081184e-06,7.94903359668933e-06
4,2016-01-19,0.0681900855633707,0.000364152564625343,0.000418916057671168,0.000362600989857756,6.28921614555554e-06,1.12955105658881e-05,9.77705016825776e-06
4,2016-01-22,0.0330674026304764,0.000342227063890524,0.00039187141740126,0.000339191972340664,6.31937088553375e-06,1.08398749079639e-05,9.38266580997784e-06
4,2016-01-18,0.0618529500201377,0.000359289154923998,0.000412905231368329,0.000357398201548831,6.0060668595247e-06,1.08175445374731e-05,9.36333732090322e-06
4,2016-01-13,0.0393491068553314,0.000349556796146913,0.000400707321675444,0.00034684006216066,5.60560247856316e-06,9.89808178692344e-06,8.56747834777135e-06
4,2016-01-17,0.0485106159206951,0.000332893438135234,0.000385437651547975,0.00033362310042899,7.00930560810004e-06,1.21533983107244e-05,1.05196116904724e-05
4,2016-01-14,0.0337714372335483,0.000373650631692231,0.00043053443733938,0.000372657505694501,1.06033337079365e-05,1.65504923251105e-05,1.43256024442705e-05
4,2016-01-12,0.0294381136424373,0.000345144890952665,0.000395071201270766,0.000341961607873051,5.30472373103215e-06,9.35737575317483e-06,8.09945966128498e-06
4,2016-01-23,0.0834547569345426,0.00037120969932475,0.000426267354070342,0.000368964048285014,6.15755358598166e-06,1.10742188819989e-05,9.58550682167038e-06
4,2016-01-10,0.0267822558186229,0.000354189245633199,0.000409476638540499,0.000354430515945893,6.4974988206345e-06,1.19665886545596e-05,1.03579149376268e-05
4,2016-01-08,0.0184152541931419,0.000316662324951129,0.000371034307401412,0.000321156004099861,8.58595042307432e-06,1.41732382667278e-05,1.22679236827904e-05
4,2016-01-15,0.031846642646519,0.000342795974175395,0.000392396046757509,0.000339646075544399,5.73949533270987e-06,1.03219469133771e-05,8.93436310094286e-06
4,2016-02-06,0.321579130625771,0.000369587965724508,0.000420184771041094,0.000363699149537618,5.48165121686759e-06,9.97619407246777e-06,8.63508996480003e-06
4,2016-01-26,0.108547745125397,0.000372134794481458,0.000425196426897292,0.000368037086317569,6.06055820396034e-06,1.07847932184577e-05,9.33498877594622e-06
4,2016-01-24,0.0561079066855637,0.000364195812929966,0.000411989692698066,0.000356605739140167,5.50123457969399e-06,9.62511555349824e-06,8.33120708381466e-06
4,2016-01-11,0.0343780851355204,0.000360956697934714,0.000416465858841372,0.000360480172322206,7.04083806269519e-06,1.22604766739312e-05,1.06122954627465e-05
4,2016-01-09,0.016450014591129,0.000344676363765763,0.000398141875614224,0.000344619490129125,6.82731737702383e-06,1.20709832221529e-05,1.04482756980988e-05
4,2016-01-16,0.0376737601480581,0.000339867076558041,0.000390411382508651,0.000337928210573617,5.25050223243612e-06,9.79691837728261e-06,8.47991437928307e-06
4,2016-02-07,0.412090891249459,0.000374177895676371,0.000426752539561493,0.000369384010079589,6.08749946393997e-06,1.11386758225307e-05,9.64129878765509e-06
4,2016-01-27,0.0853681448809811,0.000365512000695352,0.000416586093527718,0.000360584243807379,5.14284672217651e-06,9.38140592940345e-06,8.1202594504728e-06
4,2016-01-25,0.0582342811073879,0.000363965417068621,0.000413532866213692,0.000357941463168982,5.30708000622885e-06,9.62198418966643e-06,8.32849667058455e-06
4,2016-02-03,0.306252947131174,0.0003785924101053,0.000429851194351294,0.000372066111358436,5.77159013068163e-06,1.07379856166513e-05,9.29447354040659e-06
4,2016-02-12,0.660453371516989,0.000375519283051678,0.000429223167919883,0.00037152251079332,6.46381056519753e-06,1.23116589174233e-05,1.06565972549875e-05
4,2016-02-10,0.616072024580418,0.000379903750123505,0.000434078904523149,0.000375725488613317,6.29326781411098e-06,1.17002348912005e-05,1.01273672265095e-05
4,2016-02-08,0.531646489382208,0.000380128673219083,0.000434600422454698,0.000376176898662528,6.45969167007459e-06,1.194935935181e-05,1.03430017775385e-05
4,2016-01-28,0.161632324224212,0.000377195453661682,0.000430619362787426,0.000372731014577634,6.08587620187715e-06,1.13266721293916e-05,9.8040226692278e-06
4,2016-02-26,0.50454328831713,0.000372214623000008,0.000418395362364026,0.000362150291847197,5.36595268342338e-06,9.7435229449879e-06,8.43369691817266e-06
4,2016-02-04,0.211941047070291,0.000366846618791955,0.00041497733303836,0.000359191749690232,4.96344140710738e-06,9.20876454355989e-06,7.97082632120749e-06
4,2016-02-13,0.697701729439132,0.000380171881725023,0.000433522070084821,0.000375243509670694,6.28873413723448e-06,1.19432554266649e-05,1.03377184057053e-05
4,2016-02-11,0.541197799567822,0.000371049041502995,0.000421352274204566,0.000364709704743094,6.6379406929111e-06,1.18840402023377e-05,1.02864635097362e-05
4,2016-02-09,0.471021275433311,0.000375053136189438,0.000427785004101087,0.000370277679962122,6.05207875616306e-06,1.11348696219171e-05,9.63800425624522e-06
4,2016-01-29,0.148198173738568,0.000372110542307831,0.000423774125011468,0.000366805985092794,5.37265420613103e-06,1.01992163042267e-05,8.82813122095442e-06
4,2016-02-27,0.632102521202973,0.000372732622528471,0.000421311103495573,0.000364674068630415,5.39505411285594e-06,1.01515199999769e-05,8.78684675162733e-06
4,2016-02-05,0.289735636150944,0.000365794524566368,0.000415507758126857,0.000359650869503408,4.33481148023902e-06,8.73027736551212e-06,7.556662382592e-06
4,2016-02-14,0.670867751085503,0.000378958547778626,0.00043239006849015,0.000374263683542685,6.54770863933664e-06,1.2233892857025e-05,1.05892853199079e-05
4,2016-02-23,0.748160251055084,0.000378979006785848,0.000430490784846426,0.000372619721425159,6.39477073789925e-06,1.19412662947938e-05,1.03359966736966e-05
4,2016-02-01,0.18608969141685,0.000367003331678466,0.000418534097443842,0.000362270376709899,5.5562833046373e-06,9.9049311777806e-06,8.57340697203688e-06
4,2016-01-30,0.176558337450717,0.000371131016356139,0.000424240048818517,0.000367209274559838,6.20281145404478e-06,1.0981641033623e-05,9.50537425371246e-06
4,2016-02-28,0.796832289787493,0.000379739998770838,0.000431161540084459,0.000373200306744841,6.24910968359461e-06,1.17780198209292e-05,1.01946954943072e-05
4,2016-02-17,0.733408155560049,0.000376620912689357,0.000427540122932779,0.000370065718275764,6.11687654208797e-06,1.16148050667191e-05,1.00534217704853e-05
4,2016-02-15,0.73229496222455,0.000376020990783766,0.000428872487056033,0.000371218972110504,6.29806378202141e-06,1.18887790338556e-05,1.02905652980723e-05
4,2016-02-24,0.739920886006222,0.000380165524185384,0.000431897826361103,0.000373837613737116,6.48726178470452e-06,1.20783986838945e-05,1.04546942960936e-05
4,2016-02-02,0.311055161070623,0.000376589162156661,0.00043162009431898,0.000373597217334197,6.36728538416559e-06,1.16282095993791e-05,1.00650243259904e-05
4,2016-01-31,0.232440979715113,0.000374489547036444,0.000428695795763274,0.00037106603350507,6.22269014853734e-06,1.12739079386506e-05,9.75835159159446e-06
4,2016-02-29,0.761895902386686,0.000379603141251092,0.000426847769099471,0.000369466437869363,5.74229429522216e-06,1.09066688524254e-05,9.44048061543763e-06
4,2016-02-18,0.766359131381557,0.000374488510317579,0.000426651000290413,0.000369296120776878,6.2457414002113e-06,1.16621274183748e-05,1.00943825578282e-05
4,2016-02-16,0.683126544388055,0.000380395818272939,0.00042949464045163,0.000371757489154565,6.36538852728803e-06,1.157383775993e-05,1.00179617165641e-05
4,2016-02-25,0.730013560088373,0.000381461603676351,0.00043310682636798,0.000374884087347291,6.09227297477134e-06,1.16365941075944e-05,1.007228170112e-05
4,2016-02-22,0.744773751104319,0.000378948363327996,0.0004303352032907,0.000372485054765629,6.32906198328715e-06,1.18513759741183e-05,1.02581903479215e-05
4,2016-02-20,0.537068141786181,0.000371182014279831,0.000417948477219737,0.000361763481667198,5.24433310143095e-06,9.97337101551575e-06,8.63264641262178e-06
4,2016-02-21,0.626852507005558,0.000376406650060482,0.000425182420082987,0.000368024962445401,6.18279371292828e-06,1.14388398317061e-05,9.90111161853997e-06
4,2016-02-19,0.776417375176312,0.000379071436665762,0.000432131625163271,0.000374039982864632,6.22778456849777e-06,1.18156169759468e-05,1.02272384474254e-05
5,2016-01-14,0.0217834374712649,0.000483654769638159,0.000395161854557417,0.00048459034052642,8.5581779373879e-06,1.11075118851797e-05,1.36212362219755e-05
5,2016-01-12,0.0177792380414079,0.000477366804391604,0.000391113242222548,0.000479625492813042,8.4987266190959e-06,1.08873853913016e-05,1.33512932317879e-05
5,2016-01-15,0.0200613461824004,0.000496378286899639,0.000405230096763144,0.000496937111508251,8.71294883257713e-06,1.12587716344235e-05,1.3806727337954e-05
5,2016-01-13,0.024346348782208,0.000480942784759504,0.000394284695984992,0.000483514673514524,7.94712458699217e-06,1.06340937324069e-05,1.30406795178865e-05
5,2016-01-08,0.0145466624996517,0.000474023402381564,0.000390576872132375,0.000478967737613123,8.58252728148313e-06,1.11535741478918e-05,1.36777227661995e-05
5,2016-01-17,0.0335305503682432,0.000431562312054479,0.000359973865311652,0.000441439010269245,1.21440135694026e-05,1.4326986784767e-05,1.75693056520439e-05
5,2016-01-09,0.0112685620313589,0.000469682273996435,0.000385371079068191,0.000472583829337086,8.53187709969888e-06,1.10109214270813e-05,1.35027865223355e-05
5,2016-01-18,0.0434106809930165,0.00045874288324813,0.000383116198615077,0.000469818650274334,1.32897061188113e-05,1.55280957125306e-05,1.90422357377835e-05
5,2016-01-16,0.0254320420776762,0.000449108721835762,0.000366429408587543,0.000449355497850898,6.96383094350849e-06,8.70700614817967e-06,1.06774756359965e-05
5,2016-01-27,0.0626503576741762,0.000479289755669168,0.000390525596848455,0.000478904858296689,7.57381081422245e-06,1.00501210206816e-05,1.23245488186061e-05
5,2016-02-05,0.191766779655695,0.000486307413203302,0.000395318994493516,0.000484783042565513,6.40306467463402e-06,9.61117429925681e-06,1.17862647237346e-05
5,2016-02-03,0.215201775002256,0.0005007558671336,0.000406955576978186,0.000499053082559949,9.76224478500589e-06,1.23122414505671e-05,1.50986063264032e-05
5,2016-01-10,0.0173802033053206,0.000472146824049014,0.000387557722495246,0.000475265328754871,8.22718599774909e-06,1.08846477418303e-05,1.33479360289754e-05
5,2016-01-19,0.047509993592235,0.00048287130626203,0.000403122581778373,0.000494352647971712,1.41443678956286e-05,1.64155120418128e-05,2.01304819240891e-05
5,2016-01-30,0.131152954831961,0.000491540715620187,0.000401809787856954,0.000492742757629098,9.40808425256632e-06,1.18478625937751e-05,1.45291345877958e-05
5,2016-01-28,0.12158099195766,0.000499172560414703,0.000407740318337205,0.000500015417557638,9.52688838562327e-06,1.236690332687e-05,1.51656386498573e-05
5,2016-02-06,0.21157369908879,0.000483985079895236,0.000393240786375887,0.000482234518289214,7.58478427839799e-06,1.02283380949513e-05,1.25430979313608e-05
5,2016-02-04,0.144508587225897,0.000479842950672678,0.000388123162938252,0.000475958733175524,7.01589451591515e-06,9.70597664482905e-06,1.19025216457875e-05
5,2016-01-11,0.0215544503895222,0.000486368568514976,0.000399612545830134,0.000490048261058349,8.81003774805823e-06,1.15318003633412e-05,1.41415447885601e-05
5,2016-01-22,0.0241620631432914,0.000475051046087807,0.00038660375730456,0.000474095473134261,7.0930505334213e-06,9.51193818475492e-06,1.16645706331629e-05
5,2016-01-31,0.172925113778991,0.00049076452810515,0.00040111553081617,0.000491891384319842,8.66399081725748e-06,1.13159295000393e-05,1.38768205143147e-05
5,2016-01-29,0.11197678985221,0.000486557191307643,0.000395970831520325,0.000485582395851125,7.32258957158596e-06,1.03299097196634e-05,1.26676560779516e-05
5,2016-02-07,0.264117231866362,0.000494919241338186,0.000403344879752419,0.000494625253866484,8.69851708900075e-06,1.14898440194594e-05,1.40900933674919e-05
5,2016-02-16,0.372510410731559,0.000491531323976502,0.000395501297242734,0.000485006601976178,8.29363866471626e-06,1.08749677569037e-05,1.33360653811945e-05
5,2016-01-25,0.0436548222843543,0.000476651820867228,0.000386833800444532,0.000474377576991829,7.08313606568174e-06,9.66382975092883e-06,1.18508365516123e-05
5,2016-01-23,0.0638047661723125,0.000479101831200374,0.000391957134398476,0.0004806603649602,7.66945495207418e-06,1.01630534866802e-05,1.24630388614167e-05
5,2016-02-01,0.136198035113625,0.000478095925535672,0.000389252461133034,0.000477343601149126,7.44532212479388e-06,9.83917464303091e-06,1.20658634829655e-05
5,2016-02-10,0.363894833892107,0.000493990654999712,0.000402700614606201,0.00049383518604239,8.65580202411887e-06,1.14882715079725e-05,1.40881649832916e-05
5,2016-02-08,0.332569058475041,0.000496896554389819,0.000405187064110464,0.000496884340200556,8.95160378771207e-06,1.17496025843105e-05,1.44086375031267e-05
5,2016-02-17,0.403804770455424,0.000490981217292768,0.0003970957463589,0.000486961888477757,8.11812882405198e-06,1.10403038623107e-05,1.35388184523639e-05
5,2016-01-26,0.0822845970708358,0.000490392130780831,0.000400734276384008,0.000491423848769591,8.74827920117894e-06,1.1345182909165e-05,1.39126942185357e-05
5,2016-01-24,0.041904927620372,0.000480171671333655,0.000388324488401605,0.000476205620302199,7.46423624922015e-06,9.91076991099754e-06,1.21536613685253e-05
5,2016-02-02,0.226107064150197,0.000492508710766795,0.000402483392190499,0.00049356880434795,7.97566738721851e-06,1.08642006690002e-05,1.33228616097945e-05
5,2016-02-11,0.309345680539346,0.000486850172201745,0.000394180035310976,0.000483386327240521,9.24355578970533e-06,1.17362965541605e-05,1.43923202052725e-05
5,2016-02-09,0.287486831166139,0.000480407768693751,0.00038995546430001,0.000478205699907259,7.22904633235454e-06,9.82653463537249e-06,1.20503629341529e-05
5,2016-02-18,0.430559329464864,0.000491952266623554,0.000399467571261496,0.000489870477512762,8.80189314884974e-06,1.1529593504139e-05,1.41388384983656e-05
5,2016-02-27,0.474031171232456,0.000484156000852223,0.000389906540282999,0.000478145703969419,7.16724114930053e-06,9.67824910065314e-06,1.18685191227221e-05
5,2016-02-25,0.544113598017418,0.00047857109365322,0.000384909654336948,0.000472017980267745,5.96011239191352e-06,8.64372094063384e-06,1.05998684481538e-05
5,2016-02-23,0.513585294683778,0.00049520802673731,0.000400426369988091,0.000491046260539535,8.14268119629963e-06,1.10234897590801e-05,1.35181991746776e-05
5,2016-02-12,0.370714317738624,0.000488417439843978,0.000397702388514848,0.000487705818909143,8.58396972883216e-06,1.1651918384825e-05,1.42888465391287e-05
5,2016-02-21,0.388444012437413,0.000485885914236471,0.000390870896239295,0.000479328301874202,8.27510059272832e-06,1.08046067604282e-05,1.32497810932538e-05
5,2016-02-19,0.452329604791681,0.000494666504153113,0.000402082609792903,0.00049307732148773,8.45765223895652e-06,1.14629339803278e-05,1.405709335781e-05
5,2016-02-28,0.60846870022756,0.000497029861004552,0.000401871598764193,0.000492818556869945,8.47412751045078e-06,1.12728195190191e-05,1.38239543782195e-05
5,2016-02-26,0.368052813183901,0.000481129018510605,0.000385262579535312,0.000472450775437834,6.82712780907908e-06,9.04191131349606e-06,1.10881726864153e-05
5,2016-02-24,0.528438991505938,0.000496047301883882,0.000401149086222492,0.000491932533599785,7.86713007751375e-06,1.0870265798377e-05,1.33302993294936e-05
5,2016-02-13,0.384899182417995,0.000493698770018457,0.000401157945672191,0.000491943398018243,8.30891163038022e-06,1.13202587419003e-05,1.38821295004009e-05
5,2016-02-22,0.490218838217482,0.000494359529719205,0.000399642458755356,0.000490084943532764,8.33421626755031e-06,1.10981181380793e-05,1.36097165900735e-05
5,2016-02-20,0.318370438927032,0.000479581987472727,0.000385171849406498,0.000472339512309799,6.86493999613286e-06,9.59953208244518e-06,1.17719877743172e-05
5,2016-02-29,0.577157889629894,0.00049331229253659,0.000395250049121356,0.0004846984942697,7.37064078299952e-06,1.02033897095272e-05,1.25125035142913e-05
5,2016-02-15,0.398225542527936,0.000490282437207651,0.000398547462453592,0.000488742140262086,8.65917957108365e-06,1.15439455715722e-05,1.41564385606299e-05
5,2016-02-14,0.36605809758359,0.000491514963335972,0.000399179359309865,0.000489517040747108,8.03914101240425e-06,1.10551127921016e-05,1.35569787688201e-05
6,2016-01-12,0.0150375480233465,0.000526881391855379,0.000406986645253817,0.000581902998504881,9.14492913991742e-06,1.07564322466983e-05,1.53793748531105e-05
6,2016-01-10,0.0144512297959657,0.00052680037705842,0.000408971057580675,0.000584740279523153,8.65909631321865e-06,1.11629618923566e-05,1.59606244409002e-05
6,2016-01-14,0.0189917616227616,0.000535395644016411,0.000413387566845504,0.00059105493385911,8.54728945779014e-06,1.0945579046549e-05,1.56498139234688e-05
6,2016-01-17,0.0321486833603647,0.000520350640726064,0.000402071139800742,0.000574874887396892,8.20414909523348e-06,1.01422145023893e-05,1.45011761423754e-05
6,2016-01-15,0.0186748723886976,0.000513433520227276,0.000395016803328222,0.000564788709892808,7.95919284884218e-06,9.82428800962013e-06,1.40466099260044e-05
6,2016-01-13,0.0205541797663337,0.000533332093563467,0.000413233486298656,0.000590834631956657,9.32759582873174e-06,1.13778095721199e-05,1.62678102184534e-05
6,2016-01-08,0.012922496042144,0.000519936058367225,0.000404672708546618,0.000578594568796015,8.82550640953946e-06,1.1033756377544e-05,1.57758884615514e-05
6,2016-01-11,0.017520154365622,0.000540698096287703,0.000420402857844042,0.000601085284768752,9.74130621834964e-06,1.21709459376252e-05,1.74018239132344e-05
6,2016-01-09,0.00949337703526627,0.000521076829364648,0.000403770818632,0.000577305061015457,9.12137336185417e-06,1.11309582223704e-05,1.59148661052267e-05
6,2016-01-18,0.0417480828266497,0.000527447088184585,0.000408187569457988,0.000583620060731698,8.5794295970015e-06,1.06788735117747e-05,1.52684826139213e-05
6,2016-01-16,0.023640800480357,0.000510869227566876,0.000394105229801905,0.000563485356639066,7.63527456781557e-06,9.440280953687e-06,1.34975627769139e-05
6,2016-01-27,0.0552066768356396,0.000502886159136694,0.000386520775617586,0.000552641225306142,6.50162577159161e-06,8.68157177597616e-06,1.24127725248215e-05
6,2016-02-05,0.118444115556937,0.000558209777765195,0.000429855017559581,0.000614599831609444,8.90209530664571e-06,1.15635229228383e-05,1.65333401981363e-05
6,2016-02-03,0.136313218351468,0.000565009782943156,0.000433381527170921,0.000619641978670105,9.18998871421966e-06,1.17299679543846e-05,1.67713206431276e-05
6,2016-01-23,0.059868345258848,0.000514071387587354,0.000397422455814745,0.000568228273356606,8.0527709626441e-06,1.00653914337968e-05,1.43913357471445e-05
6,2016-01-19,0.0470201395346148,0.000532217019646022,0.000412194120687705,0.000589348563623437,9.14095389616305e-06,1.11893814338759e-05,1.59983986789704e-05
6,2016-01-30,0.0968240505166119,0.000526481248472012,0.000407005108370233,0.000581929396773546,9.44249049534665e-06,1.15745448659481e-05,1.65490991961764e-05
6,2016-01-28,0.0968273047149107,0.00053331222312657,0.000411705293367248,0.000588649646135991,9.70482078955847e-06,1.21042003929022e-05,1.73063922005133e-05
6,2016-02-06,0.131700753270664,0.00055000529628727,0.000421934756166576,0.000603275568498409,8.49903342110807e-06,1.06331840049357e-05,1.52031564875241e-05
6,2016-02-04,0.0935243413926249,0.000540101393716816,0.000411972577724816,0.000589031805037114,7.19331400351648e-06,9.39606558596851e-06,1.34343443510628e-05
6,2016-01-24,0.0387501985428617,0.000512269813203547,0.00039103359564303,0.000559093583227815,7.46019200823444e-06,9.35145304978571e-06,1.33705580600913e-05
6,2016-01-22,0.0233793669166397,0.000504720668757462,0.000388040913648126,0.000554814694358329,6.8804306352259e-06,8.96989793168902e-06,1.28250166525178e-05
6,2016-01-31,0.123144628731996,0.000525947267230492,0.000406839261089729,0.000581692270983437,8.97310979949494e-06,1.13556215585171e-05,1.62360861513448e-05
6,2016-01-29,0.0887163056858645,0.000517961776837769,0.0003981147283803,0.000569218073602822,6.88999092258462e-06,9.66840223562371e-06,1.38237269386371e-05
6,2016-02-07,0.160870638377688,0.000560741140699613,0.000430823025316194,0.000615983873623397,9.13572973381113e-06,1.13757899939397e-05,1.62649226578602e-05
6,2016-02-16,0.236637716139904,0.000559007098734132,0.0004249905157872,0.000607644644748668,9.91526385675129e-06,1.18973100032022e-05,1.70105836290719e-05
6,2016-01-25,0.0395462394245303,0.000509004419707595,0.000390336567320013,0.000558096983275615,7.22464322413305e-06,9.40150381834652e-06,1.34421198487707e-05
6,2016-02-23,0.286282774803383,0.000557524504458358,0.000427141654444803,0.000610720308409028,1.05270609675448e-05,1.28073771317093e-05,1.83117830593106e-05
6,2016-02-01,0.0949683591799647,0.000510438068650432,0.000392816886817437,0.000561643304437826,7.91750471933874e-06,9.81327028122679e-06,1.40308569540984e-05
6,2016-02-10,0.221323588665344,0.000568959146634327,0.000438362945320729,0.000626764330698076,1.07270815652901e-05,1.28796539812117e-05,1.8415123343171e-05
6,2016-02-08,0.197393351542699,0.000574086751690956,0.000442270623490231,0.000632351466469096,1.0977404470472e-05,1.3083619461035e-05,1.87067499252339e-05
6,2016-02-17,0.262336819823991,0.000546842363434892,0.000416591338109716,0.000595635634790969,8.75573830400967e-06,1.08312600247144e-05,1.54863624137757e-05
6,2016-01-26,0.0711153453096029,0.000521174436517568,0.000402451781850065,0.000575419123313332,8.78860514081191e-06,1.09594819104564e-05,1.56696920160055e-05
6,2016-02-24,0.285777219850956,0.000570020622616897,0.00043638091598958,0.000623930456848969,1.09546837718407e-05,1.31506277073184e-05,1.88025572444461e-05
6,2016-02-02,0.14913801527265,0.000538242857667797,0.000416031252370039,0.000594834833154997,9.5400881406493e-06,1.17100642901081e-05,1.67428627021636e-05
6,2016-02-11,0.195615535628461,0.000559343343390786,0.000426480112235641,0.000609774445935067,8.58378861839081e-06,1.09426957810422e-05,1.56456914765447e-05
6,2016-02-09,0.179070769578818,0.000552065764718143,0.000423163925127732,0.000605033014627186,8.43725625863403e-06,1.04763809642786e-05,1.49789620069506e-05
6,2016-02-18,0.273871260025167,0.0005468746417906,0.000418575297986411,0.000598472268903232,9.89802549008687e-06,1.17117586241694e-05,1.67452852339156e-05
6,2016-02-27,0.268551926844636,0.000515630415884115,0.000390561001040467,0.000558417875020886,8.12942300558208e-06,9.02498755530285e-06,1.29037829155912e-05
6,2016-02-25,0.287126262426822,0.000558637699633826,0.000429222579016005,0.000613695581091231,1.21733628438973e-05,1.42263653461072e-05,2.0340629721555e-05
6,2016-02-14,0.231060362742005,0.00056290627018908,0.000432039500116602,0.000617723169844091,1.00592682568666e-05,1.23749378070867e-05,1.76934882267802e-05
6,2016-02-12,0.231986789523022,0.000566271119059306,0.000434731741523389,0.000621572493564115,1.05644852827387e-05,1.27659041394481e-05,1.82524856380433e-05
6,2016-02-21,0.230316546665555,0.000540778357642072,0.000409857300485404,0.000586007415459134,8.82048818739141e-06,1.05593117316078e-05,1.50975350921855e-05
6,2016-02-19,0.276201736066504,0.000562464611699487,0.000431797301927461,0.000617376878745509,1.03239494369672e-05,1.25695612954224e-05,1.79717577787735e-05
6,2016-02-28,0.340606738630259,0.000493512847913533,0.000381878670702574,0.000546004017916364,1.21269868310125e-05,1.40783403465174e-05,2.01289859437566e-05
6,2016-02-26,0.21054356293911,0.000494447430953583,0.000372524438659106,0.000532629486495536,6.49635465790589e-06,7.55143529056453e-06,1.0796921446537e-05
6,2016-02-15,0.252427370661818,0.000564785937719233,0.000433741554176576,0.000620156739526701,1.01093660060026e-05,1.25115505867749e-05,1.78888149950212e-05
6,2016-02-13,0.241488806968341,0.000568933215390254,0.000437083189211971,0.000624934555874439,1.0525969020098e-05,1.28655245961006e-05,1.8394921374239e-05
6,2016-02-22,0.274946188792962,0.000562657011683624,0.000430975875320432,0.0006162024161157,1.03682117339733e-05,1.2773577373481e-05,1.82634567053843e-05
6,2016-02-20,0.195374780144763,0.000535706097518751,0.000405009266511668,0.000579075773993575,7.7349050127976e-06,9.39144501367532e-06,1.34277379306714e-05
6,2016-02-29,0.331530059227559,0.000489734094323599,0.000373428664524797,0.00053392233418159,9.66656731750148e-06,1.16824309978625e-05,1.67033530627103e-05
1,2016-01-20,0.0247857739560459,0.000340686189530512,0.000382438159653046,0.000366602445196357,6.358453907296e-06,1.0733105109736e-05,1.02886766878818e-05
1,2016-01-21,0.0263094439977525,0.000339852982921488,0.000381239473401901,0.00036545339325266,5.81718244360116e-06,1.01129508772807e-05,9.6942013399635e-06
2,2016-01-20,0.0372399500973911,0.000343250758449753,0.000408953979638932,0.00035381451879864,5.76509866535479e-06,1.07537698143648e-05,9.30383388248262e-06
2,2016-01-21,0.038399226166323,0.000342913960276878,0.000407890189748157,0.000352894160208072,5.71174144724345e-06,1.04538200861978e-05,9.04432651974982e-06
3,2016-01-20,0.0584568512004108,0.000320667069680864,0.000308937750350437,0.000313686128334387,6.68496456471794e-06,9.79825507320146e-06,9.94885440467826e-06
3,2016-01-21,0.0624394568547581,0.000340618272729135,0.000329380881788893,0.000334443471018103,9.10617261517983e-06,1.23906161423116e-05,1.25810601033717e-05
4,2016-01-21,0.0681900855633707,0.000364152564625343,0.000418916057671168,0.000362600989857756,6.28921614555554e-06,1.12955105658881e-05,9.77705016825776e-06
4,2016-01-20,0.0618529500201377,0.000359289154923998,0.000412905231368329,0.000357398201548831,6.0060668595247e-06,1.08175445374731e-05,9.36333732090322e-06
5,2016-01-20,0.0434106809930165,0.00045874288324813,0.000383116198615077,0.000469818650274334,1.32897061188113e-05,1.55280957125306e-05,1.90422357377835e-05
5,2016-01-21,0.047509993592235,0.00048287130626203,0.000403122581778373,0.000494352647971712,1.41443678956286e-05,1.64155120418128e-05,2.01304819240891e-05
6,2016-01-20,0.0417480828266497,0.000527447088184585,0.000408187569457988,0.000583620060731698,8.5794295970015e-06,1.06788735117747e-05,1.52684826139213e-05
6,2016-01-21,0.0470201395346148,0.000532217019646022,0.000412194120687705,0.000589348563623437,9.14095389616305e-06,1.11893814338759e-05,1.59983986789704e-05
