"","Date","Room","Vcmax25","Jmax25","EaV","delsV","EaJ","delsJ","JVr","alpha","g1","LA","gCarbon","gCarbon_la","R_stem","R_root","R_leaf_n","R_leaf_d","R_leaf"
"1",2016-01-08,1,91.4062671982145,162.127212890037,58.87154145,0.629270353,42.74635218,0.631284905,1.77369908934651,0.320243362892125,5.53321597368114,0.00272757418089654,4.77555497768966,0.0130256804565983,0.000507947267227084,0.000911179441319321,0.000935890441164096,0.00263631607244151,0.00357220651360561
"2",2016-01-08,2,105.01855561582,165.738461461339,58.87154145,0.629270353,42.74635218,0.631284905,1.57818264105293,0.325958609071901,10.7336996557079,0.00272757418089654,6.36994090958131,0.0173744863588106,0.00053845433452222,0.000871768626223667,0.000707878005937869,0.00217560358968086,0.00288348159561873
"3",2016-01-08,3,111.83607274774,167.974737655915,57.71166846,0.628845159,32.6727706,0.624974015,1.50197278506732,0.34936342607564,10.8420605334351,0.00272757418089654,6.20352633345032,0.0169205782576309,0.000393705580808226,0.000748078290786077,0.000720405301567817,0.00185896864296912,0.00257937394453694
"4",2016-01-08,4,107.62350232901,154.350555289773,57.71166846,0.628845159,32.6727706,0.624974015,1.43417145836712,0.380275270498569,10.0188261906921,0.00272757418089654,6.25965627756037,0.0170736768439606,0.0005184911717077,0.000839836006057411,0.000678817724495592,0.00172185608576202,0.00240067381025761
"5",2016-01-08,5,68.3976212834753,96.5941919446741,82.5470574,0.632541885,50.99755384,0.63093792,1.41224490168068,0.315709808735061,18.2460284549853,0.00272757418089654,4.99009456757899,0.0136108531027605,0.000558441153428008,0.00128152859141172,0.00118121251150326,0.00134306455779813,0.00252427706930139
"6",2016-01-08,6,57.8073562092407,82.9357778457717,82.5470574,0.632541885,50.99755384,0.63093792,1.43469245584551,0.271919432971347,29.0421246533807,0.00272757418089654,4.2682069104742,0.0116418509677336,0.000586897865014005,0.00157030535819522,0.00154013167826414,0.00118302920846368,0.00272316088672782
"7",2016-01-09,1,91.4062671982145,162.127212890037,58.87154145,0.629270353,42.74635218,0.631284905,1.77369908934651,0.320243362892125,5.53321597368114,0.00280179046836791,3.59322824187546,0.0100674726387571,0.000540921190673033,0.00102240750180624,0.000982261161086068,0.00266003421935594,0.00364229538044201
"8",2016-01-09,2,105.01855561582,165.738461461339,58.87154145,0.629270353,42.74635218,0.631284905,1.57818264105293,0.325958609071901,10.7336996557079,0.00286585170988838,4.72405728382068,0.0135384476444481,0.000606293033121006,0.000976687664322812,0.000820853274611843,0.00222110911162351,0.00304196238623536
"9",2016-01-09,3,111.83607274774,167.974737655915,57.71166846,0.628845159,32.6727706,0.624974015,1.50197278506732,0.34936342607564,10.8420605334351,0.00316942790020053,4.44399798720374,0.0140849312090785,0.000465141390693781,0.000906765199101173,0.000991156786602236,0.00208270382432771,0.00307386061092994
"10",2016-01-09,4,107.62350232901,154.350555289773,57.71166846,0.628845159,32.6727706,0.624974015,1.43417145836712,0.380275270498569,10.0188261906921,0.00318556629362712,4.48066593939696,0.014273458389546,0.000630385049349154,0.000963608950131286,0.00098123957980228,0.00191260962820168,0.00289384920800396
"11",2016-01-09,5,68.3976212834753,96.5941919446741,82.5470574,0.632541885,50.99755384,0.63093792,1.41224490168068,0.315709808735061,18.2460284549853,0.00310703194150474,3.52373764885644,0.0109483654284798,0.000698486264681099,0.00131988254652061,0.00137680820723113,0.00151246988947785,0.00288927809670897
"12",2016-01-09,6,57.8073562092407,82.9357778457717,82.5470574,0.632541885,50.99755384,0.63093792,1.43469245584551,0.271919432971347,29.0421246533807,0.00316150118261391,2.83383232108273,0.00895916423443257,0.000785048043545963,0.00165486273631293,0.00185133173834793,0.00135001475868036,0.00320134649702829
"13",2016-01-10,1,91.4062671982145,162.127212890037,58.87154145,0.629270353,42.74635218,0.631284905,1.77369908934651,0.320243362892125,5.53321597368114,0.00287600675583928,5.23614629282269,0.0150591921127209,0.000541771267174483,0.00106984477028987,0.000972912023849916,0.00283234037068488,0.0038052523945348
"14",2016-01-10,2,105.01855561582,165.738461461339,58.87154145,0.629270353,42.74635218,0.631284905,1.57818264105293,0.325958609071901,10.7336996557079,0.00300412923888021,7.20891497994158,0.0216565122718441,0.000657474588098043,0.00105463221047747,0.00085265332832572,0.00232366196385061,0.00317631529217633
"15",2016-01-10,3,111.83607274774,167.974737655915,57.71166846,0.628845159,32.6727706,0.624974015,1.50197278506732,0.34936342607564,10.8420605334351,0.00361128161950452,6.96030740610941,0.0251356302017841,0.000517805826982981,0.00103002724446897,0.00108596266952538,0.0023507051862478,0.00343666785577318
"16",2016-01-10,4,107.62350232901,154.350555289773,57.71166846,0.628845159,32.6727706,0.624974015,1.43417145836712,0.380275270498569,10.0188261906921,0.00364355840635769,6.91190902606425,0.025183944235896,0.000724035849976335,0.00105434625292387,0.00114760552347946,0.00214422802908798,0.00329183355256744
"17",2016-01-10,5,68.3976212834753,96.5941919446741,82.5470574,0.632541885,50.99755384,0.63093792,1.41224490168068,0.315709808735061,18.2460284549853,0.00348648970211293,5.61100811154366,0.0195627219993691,0.000851589970827926,0.00138480906397711,0.00154832976070859,0.00168793402998079,0.00323626379068937
"18",2016-01-10,6,57.8073562092407,82.9357778457717,82.5470574,0.632541885,50.99755384,0.63093792,1.43469245584551,0.271919432971347,29.0421246533807,0.00359542818433128,4.81748355852683,0.0173209161638799,0.000998162607898531,0.00176717010841402,0.00209841076576479,0.00151685728800585,0.00361526805377064
"19",2016-01-11,1,91.4062671982145,162.127212890037,58.87154145,0.629270353,42.74635218,0.631284905,1.77369908934651,0.320243362892125,5.53321597368114,0.00295022304331065,6.33646337034077,0.0186939802482732,0.000599091089638995,0.0012279167703757,0.000989973177106618,0.00282731874612432,0.00381729192323094
"20",2016-01-11,2,105.01855561582,165.738461461339,58.87154145,0.629270353,42.74635218,0.631284905,1.57818264105293,0.325958609071901,10.7336996557079,0.00314240676787205,8.60061911680802,0.0270266437205473,0.000703822290557166,0.00112484641684764,0.000888284824289157,0.00244169146871699,0.00332997629300615
"21",2016-01-11,3,111.83607274774,167.974737655915,57.71166846,0.628845159,32.6727706,0.624974015,1.50197278506732,0.34936342607564,10.8420605334351,0.00405313533880851,8.29524930006644,0.0336217680823258,0.000572042912540525,0.00115664735054244,0.00121007472000153,0.00262728607362216,0.00383736079362369
"22",2016-01-11,4,107.62350232901,154.350555289773,57.71166846,0.628845159,32.6727706,0.624974015,1.43417145836712,0.380275270498569,10.0188261906921,0.00410155051908827,8.16458653916095,0.0334874641578367,0.000813173922991597,0.00113626782112359,0.00134031952546207,0.00240592261666838,0.00374624214213045
"23",2016-01-11,5,68.3976212834753,96.5941919446741,82.5470574,0.632541885,50.99755384,0.63093792,1.41224490168068,0.315709808735061,18.2460284549853,0.00386594746272113,6.66456148651199,0.02576484456893,0.00103401643094331,0.00149011347415085,0.00175863287791096,0.00184122160954712,0.00359985448745808
"24",2016-01-11,6,57.8073562092407,82.9357778457717,82.5470574,0.632541885,50.99755384,0.63093792,1.43469245584551,0.271919432971347,29.0421246533807,0.00402935518604864,5.64945046977961,0.0227636425487314,0.00123677345551008,0.00191283450085261,0.00238823948261021,0.00167458913896825,0.00406282862157846
"25",2016-01-12,1,91.4062671982145,162.127212890037,58.87154145,0.629270353,42.74635218,0.631284905,1.77369908934651,0.320243362892125,5.53321597368114,0.00302443933078202,4.78616594155424,0.014475468517286,0.000627270589650981,0.00132758190117868,0.00106612528406639,0.00292908937934053,0.00399521466340692
"26",2016-01-12,2,105.01855561582,165.738461461339,58.87154145,0.629270353,42.74635218,0.631284905,1.57818264105293,0.325958609071901,10.7336996557079,0.00328068429686389,6.40767982867556,0.0210215745932674,0.00072773576758375,0.00115936559116405,0.00090234544433889,0.00259665311815367,0.00349899856249256
"27",2016-01-12,3,111.83607274774,167.974737655915,57.71166846,0.628845159,32.6727706,0.624974015,1.50197278506732,0.34936342607564,10.8420605334351,0.0044949890581125,6.08891383842894,0.0273696010795278,0.000577489156332092,0.00118349732826626,0.0013197357802539,0.00304105617403172,0.00436079195428562
"28",2016-01-12,4,107.62350232901,154.350555289773,57.71166846,0.628845159,32.6727706,0.624974015,1.43417145836712,0.380275270498569,10.0188261906921,0.00455954263181885,6.10186107568427,0.0278216957080184,0.000839371106566764,0.00113188744766981,0.00151120282006734,0.00277549294924455,0.0042866957693119
"29",2016-01-12,5,68.3976212834753,96.5941919446741,82.5470574,0.632541885,50.99755384,0.63093792,1.41224490168068,0.315709808735061,18.2460284549853,0.00424540522332932,4.85942357609555,0.0206302222323257,0.00116062137989849,0.00151343809980636,0.00193644503410678,0.00205505331743504,0.00399149835154181
"30",2016-01-12,6,57.8073562092407,82.9357778457717,82.5470574,0.632541885,50.99755384,0.63093792,1.43469245584551,0.271919432971347,29.0421246533807,0.00446328218776601,4.07058955550737,0.0181681898568024,0.00139513043504968,0.00193558777784157,0.00271096881057915,0.00190964589867816,0.00462061470925731
"31",2016-01-13,1,91.4062671982145,162.127212890037,58.87154145,0.629270353,42.74635218,0.631284905,1.77369908934651,0.320243362892125,5.53321597368114,0.00309865561825339,6.14039568791727,0.0190269715966637,0.000675167180891493,0.00146942907059962,0.00109297597761431,0.00296332483041841,0.00405630080803273
"32",2016-01-13,2,105.01855561582,165.738461461339,58.87154145,0.629270353,42.74635218,0.631284905,1.57818264105293,0.325958609071901,10.7336996557079,0.00341896182585572,8.1909307547643,0.0280044795687668,0.000782311140416179,0.00124283251984822,0.000943933151493564,0.00269589291750136,0.00363982606899492
"33",2016-01-13,3,111.83607274774,167.974737655915,57.71166846,0.628845159,32.6727706,0.624974015,1.50197278506732,0.34936342607564,10.8420605334351,0.00493684277741648,7.86657300901889,0.0388360341425944,0.000644750145886881,0.00133636717462841,0.00141929674805522,0.00326973862551221,0.00468903537356743
"34",2016-01-13,4,107.62350232901,154.350555289773,57.71166846,0.628845159,32.6727706,0.624974015,1.43417145836712,0.380275270498569,10.0188261906921,0.00501753474454942,7.78443094472264,0.0390586527316915,0.000925110320603705,0.00120943908131417,0.00166713884217705,0.00302649341127439,0.00469363225345144
"35",2016-01-13,5,68.3976212834753,96.5941919446741,82.5470574,0.632541885,50.99755384,0.63093792,1.41224490168068,0.315709808735061,18.2460284549853,0.00462486298393752,6.29179460541469,0.0290986879731202,0.00132219682622575,0.00158443730336137,0.00211609594265732,0.00222080622918234,0.00433690217183966
"36",2016-01-13,6,57.8073562092407,82.9357778457717,82.5470574,0.632541885,50.99755384,0.63093792,1.43469245584551,0.271919432971347,29.0421246533807,0.00489720918948338,5.2652259264004,0.0257849127914742,0.00162292923044709,0.00205833613839657,0.00294188972085836,0.00206625266748935,0.00500814238834771
"37",2016-01-14,1,91.4062671982145,162.127212890037,58.87154145,0.629270353,42.74635218,0.631284905,1.77369908934651,0.320243362892125,5.53321597368114,0.00317287190572476,4.85521344224277,0.0154049703271893,0.000710506126715855,0.00158477664296959,0.0011300665588361,0.00295693461661303,0.00408700117544914
"38",2016-01-14,2,105.01855561582,165.738461461339,58.87154145,0.629270353,42.74635218,0.631284905,1.57818264105293,0.325958609071901,10.7336996557079,0.00355723935484756,6.49286658971622,0.0230966805587134,0.000848184903466212,0.00134415846669919,0.00101371329685153,0.0027107537985846,0.00372446709543613
"39",2016-01-14,3,111.83607274774,167.974737655915,57.71166846,0.628845159,32.6727706,0.624974015,1.50197278506732,0.34936342607564,10.8420605334351,0.00537869649672047,6.23884369640091,0.0335568467334182,0.000695656904430603,0.00145582836074945,0.001623376330593,0.00348986987089876,0.00511324620149175
"40",2016-01-14,4,107.62350232901,154.350555289773,57.71166846,0.628845159,32.6727706,0.624974015,1.43417145836712,0.380275270498569,10.0188261906921,0.00547552685728,5.98273568907129,0.0327586299455175,0.00108012975260098,0.00137413858716863,0.00187301310182132,0.00312536901993499,0.00499838212175631
"41",2016-01-14,5,68.3976212834753,96.5941919446741,82.5470574,0.632541885,50.99755384,0.63093792,1.41224490168068,0.315709808735061,18.2460284549853,0.00500432074454572,4.90064096465352,0.0245243792409861,0.00147762661966812,0.00164670645716889,0.00236201221129937,0.00235838211728355,0.00472039432858292
"42",2016-01-14,6,57.8073562092407,82.9357778457717,82.5470574,0.632541885,50.99755384,0.63093792,1.43469245584551,0.271919432971347,29.0421246533807,0.00533113619120075,4.06215646877202,0.0216559093649908,0.00182788484948756,0.00214930538609704,0.00329911973168859,0.00219897420452918,0.00549809393621776
"43",2016-01-15,1,91.4062671982145,162.127212890037,58.87154145,0.629270353,42.74635218,0.631284905,1.77369908934651,0.320243362892125,5.53321597368114,0.00324708819319613,3.96899049205471,0.0128876621656585,0.000724951191446618,0.00165256261443997,0.00112945951452228,0.00307779397167994,0.00420725348620223
"44",2016-01-15,2,105.01855561582,165.738461461339,58.87154145,0.629270353,42.74635218,0.631284905,1.57818264105293,0.325958609071901,10.7336996557079,0.0036955168838394,5.30982166096122,0.0196225355982584,0.000890078674077347,0.00140744864297808,0.00106259752938742,0.00284312982725731,0.00390572735664472
"45",2016-01-15,3,111.83607274774,167.974737655915,57.71166846,0.628845159,32.6727706,0.624974015,1.50197278506732,0.34936342607564,10.8420605334351,0.00582055021602446,5.03216877861075,0.0292899910714144,0.000735590623242893,0.00155222096981649,0.00176509492238524,0.00382153598988419,0.00558663091226943
"46",2016-01-15,4,107.62350232901,154.350555289773,57.71166846,0.628845159,32.6727706,0.624974015,1.43417145836712,0.380275270498569,10.0188261906921,0.00593351897001058,5.04844666143236,0.0299550540346955,0.00104714717034337,0.00130037557392947,0.00194828306392727,0.00353823121186502,0.00548651427579228
"47",2016-01-15,5,68.3976212834753,96.5941919446741,82.5470574,0.632541885,50.99755384,0.63093792,1.41224490168068,0.315709808735061,18.2460284549853,0.00538377850515391,3.8783866196396,0.0208803745174922,0.00167403431365258,0.00175132985978012,0.00262908403635411,0.00250865083721363,0.00513773487356774
"48",2016-01-15,6,57.8073562092407,82.9357778457717,82.5470574,0.632541885,50.99755384,0.63093792,1.43469245584551,0.271919432971347,29.0421246533807,0.00576506319291812,3.31958366708692,0.0191376096149349,0.00193538498775668,0.0021328169926755,0.00350529021878273,0.00245162003605747,0.0059569102548402
"49",2016-01-16,1,91.4062671982145,162.127212890037,58.87154145,0.629270353,42.74635218,0.631284905,1.77369908934651,0.320243362892125,5.53321597368114,0.0033213044806675,4.36034377448379,0.0144820293154437,0.000764536460078956,0.00177697096470329,0.00113311305461651,0.00319852625076828,0.00433163930538479
"50",2016-01-16,2,105.01855561582,165.738461461339,58.87154145,0.629270353,42.74635218,0.631284905,1.57818264105293,0.325958609071901,10.7336996557079,0.00383379441283124,5.79594936654481,0.0222204782985122,0.000955905394319066,0.00150855943153247,0.00107278951057067,0.00296890041285345,0.00404168992342412
"51",2016-01-16,3,111.83607274774,167.974737655915,57.71166846,0.628845159,32.6727706,0.624974015,1.50197278506732,0.34936342607564,10.8420605334351,0.00626240393532845,5.50217708937841,0.0344568554573974,0.000804172567527916,0.00170923920278274,0.00185120125124917,0.0041061438909471,0.00595734514219627
"52",2016-01-16,4,107.62350232901,154.350555289773,57.71166846,0.628845159,32.6727706,0.624974015,1.43417145836712,0.380275270498569,10.0188261906921,0.00639151108274116,5.57229182628253,0.0356153649639528,0.00111205513140518,0.00135150451735009,0.00202757431865015,0.00388742641106889,0.00591500072971905
"53",2016-01-16,5,68.3976212834753,96.5941919446741,82.5470574,0.632541885,50.99755384,0.63093792,1.41224490168068,0.315709808735061,18.2460284549853,0.00576323626576211,4.52906267369336,0.0261020582509391,0.00164227294683622,0.00162514155967062,0.00254563101657587,0.00288846455016142,0.00543409556673729
"54",2016-01-16,6,57.8073562092407,82.9357778457717,82.5470574,0.632541885,50.99755384,0.63093792,1.43469245584551,0.271919432971347,29.0421246533807,0.00619899019463548,3.77991067457621,0.0234316292082959,0.00212462855772206,0.00221319389785994,0.00367959430694496,0.00269234663983373,0.00637194094677869
"55",2016-01-17,1,91.4062671982145,162.127212890037,58.87154145,0.629270353,42.74635218,0.631284905,1.77369908934651,0.320243362892125,5.53321597368114,0.00339552076813887,5.30389127229749,0.0180094729670366,0.000809939988226977,0.001915617762714,0.00116109654700445,0.00323943236717916,0.00440052891418361
"56",2016-01-17,2,105.01855561582,165.738461461339,58.87154145,0.629270353,42.74635218,0.631284905,1.57818264105293,0.325958609071901,10.7336996557079,0.00397207194182307,7.10994956620263,0.0282412311796906,0.00100401329444755,0.0015816660350575,0.00111448293596252,0.00308273591535162,0.00419721885131414
"57",2016-01-17,3,111.83607274774,167.974737655915,57.71166846,0.628845159,32.6727706,0.624974015,1.50197278506732,0.34936342607564,10.8420605334351,0.00670425765463244,6.72643834148875,0.0450957757393391,0.000870631853631978,0.00186227295068583,0.00196190775809904,0.00434623316118437,0.00630814091928341
"58",2016-01-17,4,107.62350232901,154.350555289773,57.71166846,0.628845159,32.6727706,0.624974015,1.43417145836712,0.380275270498569,10.0188261906921,0.00684950319547173,6.79621255207327,0.046550679592531,0.00116823165783179,0.00139251766491757,0.00199423851159175,0.00416886794345437,0.00616310645504612
"59",2016-01-17,5,68.3976212834753,96.5941919446741,82.5470574,0.632541885,50.99755384,0.63093792,1.41224490168068,0.315709808735061,18.2460284549853,0.0061426940263703,5.57790420516936,0.0342633588407596,0.00175503999536975,0.00165301044647453,0.00215572465854575,0.00305314532268602,0.00520886998123177
"60",2016-01-17,6,57.8073562092407,82.9357778457717,82.5470574,0.632541885,50.99755384,0.63093792,1.43469245584551,0.271919432971347,29.0421246533807,0.00663291719635285,4.76711167821207,0.0316198570273473,0.00236965635176728,0.00234943895909718,0.00396545023538909,0.00284674767820921,0.00681219791359829
"61",2016-01-18,1,91.4062671982145,162.127212890037,58.87154145,0.629270353,42.74635218,0.631284905,1.77369908934651,0.320243362892125,5.53321597368114,0.00346973705561024,6.44850988345269,0.0223746336960847,0.000865884398684516,0.00208044687906644,0.0011885529788042,0.00326311500686443,0.00445166798566863
"62",2016-01-18,2,105.01855561582,165.738461461339,58.87154145,0.629270353,42.74635218,0.631284905,1.57818264105293,0.325958609071901,10.7336996557079,0.00411034947081491,8.61139098843752,0.0353958263923044,0.00106655558291022,0.00167748709641273,0.00114743425647757,0.00316782985162094,0.00431526410809851
"63",2016-01-18,3,111.83607274774,167.974737655915,57.71166846,0.628845159,32.6727706,0.624974015,1.50197278506732,0.34936342607564,10.8420605334351,0.00714611137393643,8.12846818176483,0.05808693892639,0.000946857841968644,0.0020367289115399,0.00212727551749893,0.00457364334592378,0.0067009188634227
"64",2016-01-18,4,107.62350232901,154.350555289773,57.71166846,0.628845159,32.6727706,0.624974015,1.43417145836712,0.380275270498569,10.0188261906921,0.00730749530820231,8.0685963431742,0.0589612299215238,0.00133130638009206,0.00155934339598438,0.0024518142453498,0.00432441840726416,0.00677623265261396
"65",2016-01-18,5,68.3976212834753,96.5941919446741,82.5470574,0.632541885,50.99755384,0.63093792,1.41224490168068,0.315709808735061,18.2460284549853,0.0065221517869785,6.53244236430604,0.0426055806396927,0.00202402925306707,0.00182388462866051,0.00241592856398822,0.00313258427011074,0.00554851283409897
"66",2016-01-18,6,57.8073562092407,82.9357778457717,82.5470574,0.632541885,50.99755384,0.63093792,1.43469245584551,0.271919432971347,29.0421246533807,0.00706684419807022,5.61662187440592,0.0396917917058997,0.00261048936760902,0.0024773968209186,0.00423483507653932,0.00300239801658497,0.00723723309312429
"67",2016-01-19,1,91.4062671982145,162.127212890037,58.87154145,0.629270353,42.74635218,0.631284905,1.77369908934651,0.320243362892125,5.53321597368114,0.00378368446211188,6.46863909160616,0.0244752892219197,0.000935547293105345,0.00223479833383269,0.0012997339793914,0.0035594340087098,0.0048591679881012
"68",2016-01-19,2,105.01855561582,165.738461461339,58.87154145,0.629270353,42.74635218,0.631284905,1.57818264105293,0.325958609071901,10.7336996557079,0.00473059019188498,8.63171819520266,0.0408331214333408,0.00122945638453433,0.00187464780999268,0.00133592430390009,0.00366044203140244,0.00499636633530253
"69",2016-01-19,3,111.83607274774,167.974737655915,57.71166846,0.628845159,32.6727706,0.624974015,1.50197278506732,0.34936342607564,10.8420605334351,0.00827814061574396,8.08964751028721,0.0669672396219605,0.00128149019674591,0.00249969990938957,0.00254700165939017,0.00514446386490718,0.00769146552429736
"70",2016-01-19,4,107.62350232901,154.350555289773,57.71166846,0.628845159,32.6727706,0.624974015,1.43417145836712,0.380275270498569,10.0188261906921,0.00874603747058369,8.08356657642768,0.0706991761733944,0.00181665526554395,0.00188958586421393,0.00295352656364704,0.00513116920356199,0.00808469576720903
"71",2016-01-19,5,68.3976212834753,96.5941919446741,82.5470574,0.632541885,50.99755384,0.63093792,1.41224490168068,0.315709808735061,18.2460284549853,0.00793439752360522,6.31739631021689,0.0501247336394177,0.0027670464593397,0.00233740150882629,0.00311561851696177,0.00371798803560277,0.00683360655256454
"72",2016-01-19,6,57.8073562092407,82.9357778457717,82.5470574,0.632541885,50.99755384,0.63093792,1.43469245584551,0.271919432971347,29.0421246533807,0.00826189723625569,5.56387996211288,0.0459682044818388,0.0033084880932881,0.00295313001998578,0.00496879698601968,0.00349231502599216,0.00846111201201184
"73",2016-01-22,1,91.4062671982145,162.127212890037,58.87154145,0.629270353,42.74635218,0.631284905,1.77369908934651,0.320243362892125,5.53321597368114,0.00472552668161679,1.57194054654256,0.00742824699460216,0.00109716539130255,0.00258659828883228,0.00165231404605742,0.00448424372851541,0.00613655777457283
"74",2016-01-22,2,105.01855561582,165.738461461339,58.87154145,0.629270353,42.74635218,0.631284905,1.57818264105293,0.325958609071901,10.7336996557079,0.00659131235509519,2.21560365269993,0.0146037357300351,0.00162322880250984,0.00233108121041127,0.00180860937043007,0.00515192270330498,0.00696053207373505
"75",2016-01-22,3,111.83607274774,167.974737655915,57.71166846,0.628845159,32.6727706,0.624974015,1.50197278506732,0.34936342607564,10.8420605334351,0.0116742283411665,2.1310147681424,0.0248779530016924,0.00175871033923383,0.00291444111128338,0.00379890016146175,0.00783904900888158,0.0116379491703433
"76",2016-01-22,4,107.62350232901,154.350555289773,57.71166846,0.628845159,32.6727706,0.624974015,1.43417145836712,0.380275270498569,10.0188261906921,0.0130616639577278,2.21114713003942,0.0288812607736692,0.00298893584275978,0.00261353506985714,0.00427133139019875,0.00781784798793533,0.0120891793781341
"77",2016-01-22,5,68.3976212834753,96.5941919446741,82.5470574,0.632541885,50.99755384,0.63093792,1.41224490168068,0.315709808735061,18.2460284549853,0.0121711347334854,1.61022353247243,0.0195982475647508,0.00443534383737219,0.00340220315306456,0.00580822442130898,0.00582221257804391,0.0116304369993529
"78",2016-01-22,6,57.8073562092407,82.9357778457717,82.5470574,0.632541885,50.99755384,0.63093792,1.43469245584551,0.271919432971347,29.0421246533807,0.0118470563508121,1.19428588923737,0.0141487722287749,0.00498265632528553,0.00402910624510491,0.00710977510665205,0.0050763163592157,0.0121860914658678
"79",2016-01-23,1,91.4062671982145,162.127212890037,58.87154145,0.629270353,42.74635218,0.631284905,1.77369908934651,0.320243362892125,5.53321597368114,0.00503947408811843,4.93594142948026,0.024874548934336,0.0011814103091572,0.00277582782384185,0.00171866277279882,0.00484094773064941,0.00655961050344823
"80",2016-01-23,2,105.01855561582,165.738461461339,58.87154145,0.629270353,42.74635218,0.631284905,1.57818264105293,0.325958609071901,10.7336996557079,0.00721155307616526,6.61824386063552,0.0477278168719779,0.0018011340921786,0.00255198916560151,0.00192778692341537,0.00570859171330865,0.00763637863672401
"81",2016-01-23,3,111.83607274774,167.974737655915,57.71166846,0.628845159,32.6727706,0.624974015,1.50197278506732,0.34936342607564,10.8420605334351,0.0128062575829741,6.23823967109529,0.0798885040923737,0.00197019845326635,0.00315964191615726,0.00394564670508891,0.00876581773244428,0.0127114644375332
"82",2016-01-23,4,107.62350232901,154.350555289773,57.71166846,0.628845159,32.6727706,0.624974015,1.43417145836712,0.380275270498569,10.0188261906921,0.0145002061201092,6.22571552816908,0.0902741584036162,0.00374256421343275,0.00317027939787235,0.00506880426641617,0.00845432141326014,0.0135231256796763
"83",2016-01-23,5,68.3976212834753,96.5941919446741,82.5470574,0.632541885,50.99755384,0.63093792,1.41224490168068,0.315709808735061,18.2460284549853,0.0135833804701121,5.08511194125697,0.0690730102312037,0.00511101889739233,0.00385122328549034,0.00629274138369955,0.00657071349528922,0.0128634548789888
"84",2016-01-23,6,57.8073562092407,82.9357778457717,82.5470574,0.632541885,50.99755384,0.63093792,1.43469245584551,0.271919432971347,29.0421246533807,0.0130421093889976,4.30257451612141,0.0561146474935686,0.00575777308880054,0.00456686092519506,0.00766585406916433,0.00562471545393271,0.013290569523097
"85",2016-01-24,1,91.4062671982145,162.127212890037,58.87154145,0.629270353,42.74635218,0.631284905,1.77369908934651,0.320243362892125,5.53321597368114,0.00535342149462007,2.59325428875955,0.0138827832504611,0.00123367791109806,0.00288993723727247,0.00197471054186697,0.00488714433425915,0.00686185487612612
"86",2016-01-24,2,105.01855561582,165.738461461339,58.87154145,0.629270353,42.74635218,0.631284905,1.57818264105293,0.325958609071901,10.7336996557079,0.00783179379723532,3.51746857008404,0.0275480885291544,0.00193008894202728,0.00270362288032352,0.00227345509856281,0.00588879830520141,0.00816225340376422
"87",2016-01-24,3,111.83607274774,167.974737655915,57.71166846,0.628845159,32.6727706,0.624974015,1.50197278506732,0.34936342607564,10.8420605334351,0.0139382868247816,3.33398806543391,0.0464700819264166,0.00209215800904881,0.00326622861004794,0.00438520959315061,0.00918368307658103,0.0135688926697316
"88",2016-01-24,4,107.62350232901,154.350555289773,57.71166846,0.628845159,32.6727706,0.624974015,1.43417145836712,0.380275270498569,10.0188261906921,0.0159387482824906,3.33451041402322,0.0531479221344596,0.00406282885866845,0.00335549873781313,0.00606368461225574,0.00896714011990804,0.0150308247321638
"89",2016-01-24,5,68.3976212834753,96.5941919446741,82.5470574,0.632541885,50.99755384,0.63093792,1.41224490168068,0.315709808735061,18.2460284549853,0.0149956262067388,2.56658587280413,0.0384875623760673,0.00566257391662989,0.00420642204107429,0.00755556657658127,0.00686689522582322,0.0144224618024045
"90",2016-01-24,6,57.8073562092407,82.9357778457717,82.5470574,0.632541885,50.99755384,0.63093792,1.43469245584551,0.271919432971347,29.0421246533807,0.014237162427183,2.02175783815406,0.0287840947302297,0.00629041559069028,0.00491164865249554,0.00911389749386486,0.00584430713159046,0.0149582046254553
"91",2016-01-25,1,91.4062671982145,162.127212890037,58.87154145,0.629270353,42.74635218,0.631284905,1.77369908934651,0.320243362892125,5.53321597368114,0.00566736890112171,2.30400725797245,0.0130576590817917,0.00130438115707527,0.00304734142186778,0.00202643170688249,0.00526591271662038,0.00729234442350287
"92",2016-01-25,2,105.01855561582,165.738461461339,58.87154145,0.629270353,42.74635218,0.631284905,1.57818264105293,0.325958609071901,10.7336996557079,0.00845203451830539,3.1409157550742,0.0265471283809764,0.00208678684113372,0.00289453187377463,0.00237749281749551,0.0064765838253204,0.00885407664281591
"93",2016-01-25,3,111.83607274774,167.974737655915,57.71166846,0.628845159,32.6727706,0.624974015,1.50197278506732,0.34936342607564,10.8420605334351,0.0150703160665891,2.99344404724895,0.0451121479196914,0.00233511000448555,0.0035645543337254,0.00476662652505419,0.0101161623327696,0.0148827888578238
"94",2016-01-25,4,107.62350232901,154.350555289773,57.71166846,0.628845159,32.6727706,0.624974015,1.43417145836712,0.380275270498569,10.0188261906921,0.017377290444872,3.01421726538603,0.0523789288845608,0.00453678247615626,0.00367021810062022,0.00641647943078921,0.00993155234564519,0.0163480317764344
"95",2016-01-25,5,68.3976212834753,96.5941919446741,82.5470574,0.632541885,50.99755384,0.63093792,1.41224490168068,0.315709808735061,18.2460284549853,0.0164078719433655,2.32285192222538,0.0381130568832745,0.00623903043919615,0.00458089092118835,0.0080082776717677,0.00767894243927731,0.015687220111045
"96",2016-01-25,6,57.8073562092407,82.9357778457717,82.5470574,0.632541885,50.99755384,0.63093792,1.43469245584551,0.271919432971347,29.0421246533807,0.0154322154653685,1.82179528729542,0.0281143374073359,0.00691044423579989,0.00532603955004141,0.00950693853228276,0.00645533163728261,0.0159622701695654
"97",2016-01-26,1,91.4062671982145,162.127212890037,58.87154145,0.629270353,42.74635218,0.631284905,1.77369908934651,0.320243362892125,5.53321597368114,0.00598131630762334,4.48906341902522,0.026850508234171,0.00139408345794308,0.00324900602401588,0.00208321505737979,0.00562041821638246,0.00770363327376225
"98",2016-01-26,2,105.01855561582,165.738461461339,58.87154145,0.629270353,42.74635218,0.631284905,1.57818264105293,0.325958609071901,10.7336996557079,0.00907227523937546,6.06731405008824,0.0550443430261304,0.0022730086287871,0.0031260180739184,0.0024895626281769,0.00704248506192979,0.00953204769010669
"99",2016-01-26,3,111.83607274774,167.974737655915,57.71166846,0.628845159,32.6727706,0.624974015,1.50197278506732,0.34936342607564,10.8420605334351,0.0162023453083966,5.7270414939092,0.0927915038798327,0.00265684088908657,0.00397915229379368,0.00522930040368451,0.0108996172274158,0.0161289176311003
"100",2016-01-26,4,107.62350232901,154.350555289773,57.71166846,0.628845159,32.6727706,0.624974015,1.43417145836712,0.380275270498569,10.0188261906921,0.0188158326072533,5.70216413592456,0.10729096588064,0.00514718676704103,0.00409294151445408,0.00683979806354417,0.0108016210108722,0.0176414190744164
"101",2016-01-26,5,68.3976212834753,96.5941919446741,82.5470574,0.632541885,50.99755384,0.63093792,1.41224490168068,0.315709808735061,18.2460284549853,0.0178201176799923,4.57232817522573,0.0814794261540669,0.00710673564748748,0.00516750809213757,0.00852500203727042,0.00833807216640899,0.0168630742036794
"102",2016-01-26,6,57.8073562092407,82.9357778457717,82.5470574,0.632541885,50.99755384,0.63093792,1.43469245584551,0.271919432971347,29.0421246533807,0.016627268503554,3.837625127885,0.0638092234173296,0.00779727388105955,0.00594403715444174,0.00998872240283011,0.0069648501657299,0.01695357256856
"103",2016-01-27,1,91.4062671982145,162.127212890037,58.87154145,0.629270353,42.74635218,0.631284905,1.77369908934651,0.320243362892125,5.53321597368114,0.00629526371412498,2.85079131440862,0.0179464831181393,0.00142411837982806,0.00331170723311204,0.00218871688680569,0.00602893705562892,0.00821765394243461
"104",2016-01-27,2,105.01855561582,165.738461461339,58.87154145,0.629270353,42.74635218,0.631284905,1.57818264105293,0.325958609071901,10.7336996557079,0.00969251596044553,3.7607645662566,0.0364512705819201,0.00240168061210477,0.00327832072286357,0.00265983068106622,0.0075796530963,0.0102394837773662
"105",2016-01-27,3,111.83607274774,167.974737655915,57.71166846,0.628845159,32.6727706,0.624974015,1.50197278506732,0.34936342607564,10.8420605334351,0.0173343745502042,3.62959085544507,0.0629166873522808,0.00286003340221734,0.00421395334037319,0.00526214499577563,0.0115341961758688,0.0167963411716444
"106",2016-01-27,4,107.62350232901,154.350555289773,57.71166846,0.628845159,32.6727706,0.624974015,1.43417145836712,0.380275270498569,10.0188261906921,0.0202543747696347,3.66391845410851,0.0742103774948944,0.005494816007524,0.00430622180784309,0.00735776178514917,0.0117687248711987,0.0191264866563479
"107",2016-01-27,5,68.3976212834753,96.5941919446741,82.5470574,0.632541885,50.99755384,0.63093792,1.41224490168068,0.315709808735061,18.2460284549853,0.019232363416619,2.80741652405014,0.0539932548523535,0.00751641363213804,0.00542062212127969,0.00918104381849361,0.00914396313590256,0.0183250069543962
"108",2016-01-27,6,57.8073562092407,82.9357778457717,82.5470574,0.632541885,50.99755384,0.63093792,1.43469245584551,0.271919432971347,29.0421246533807,0.0178223215417394,2.33352416092122,0.0415888179213557,0.00808667840830392,0.006107225117443,0.0106766793975532,0.00764824368137607,0.0183249230789293
"109",2016-01-28,1,91.4062671982145,162.127212890037,58.87154145,0.629270353,42.74635218,0.631284905,1.77369908934651,0.320243362892125,5.53321597368114,0.00660921112062662,5.50347042089427,0.036373597907814,0.00152914367824554,0.00354881937989418,0.00236763325614484,0.00611196986071086,0.00847960311685571
"110",2016-01-28,2,105.01855561582,165.738461461339,58.87154145,0.629270353,42.74635218,0.631284905,1.57818264105293,0.325958609071901,10.7336996557079,0.0103127566815156,7.48129606557366,0.0771527859866412,0.00262823681642695,0.00356387892313697,0.00290417529712517,0.00776130227812553,0.0106654775752507
"111",2016-01-28,3,111.83607274774,167.974737655915,57.71166846,0.628845159,32.6727706,0.624974015,1.50197278506732,0.34936342607564,10.8420605334351,0.0184664037920117,7.07972757749965,0.130737108183549,0.00318463828515663,0.00462602067355151,0.00569043563728331,0.0117673036747707,0.017457739312054
"112",2016-01-28,4,107.62350232901,154.350555289773,57.71166846,0.628845159,32.6727706,0.624974015,1.43417145836712,0.380275270498569,10.0188261906921,0.0216929169320161,6.98450565343568,0.151514300951177,0.00617491691575027,0.0047792373423269,0.00803665645104685,0.012056437911741,0.0200930943627879
"113",2016-01-28,5,68.3976212834753,96.5941919446741,82.5470574,0.632541885,50.99755384,0.63093792,1.41224490168068,0.315709808735061,18.2460284549853,0.0206446091532457,5.59604934455527,0.11552825152062,0.00851386748109057,0.00609681354913088,0.0100806802161119,0.00933956052343596,0.0194202407395478
"114",2016-01-28,6,57.8073562092407,82.9357778457717,82.5470574,0.632541885,50.99755384,0.63093792,1.43469245584551,0.271919432971347,29.0421246533807,0.0190173745799249,4.69503643470534,0.0892872665451866,0.0093317923088262,0.00699079670368622,0.0117154672211248,0.00768313058295734,0.0193985978040821
"115",2016-01-29,1,91.4062671982145,162.127212890037,58.87154145,0.629270353,42.74635218,0.631284905,1.77369908934651,0.320243362892125,5.53321597368114,0.00741578567783958,4.29051357334296,0.031817529107773,0.00169059363627427,0.00385259591349505,0.00266041735367644,0.00689560397809429,0.00955602133177073
"116",2016-01-29,2,105.01855561582,165.738461461339,58.87154145,0.629270353,42.74635218,0.631284905,1.57818264105293,0.325958609071901,10.7336996557079,0.012722035428538,5.8022433588704,0.0738163455765485,0.00321941405674345,0.0041424893718336,0.00358225435755249,0.00965128478649704,0.0132335391440495
"117",2016-01-29,3,111.83607274774,167.974737655915,57.71166846,0.628845159,32.6727706,0.624974015,1.50197278506732,0.34936342607564,10.8420605334351,0.0219273085128556,5.50516934941814,0.120713546740208,0.00407412898545455,0.00532746529060324,0.00677193711488044,0.0140624285796295,0.0208343656945099
"118",2016-01-29,4,107.62350232901,154.350555289773,57.71166846,0.628845159,32.6727706,0.624974015,1.43417145836712,0.380275270498569,10.0188261906921,0.0259656290971412,5.51426766388772,0.143181428902868,0.00797161704458119,0.00574646915078612,0.00965358574642421,0.0145832695015291,0.0242368552479533
"119",2016-01-29,5,68.3976212834753,96.5941919446741,82.5470574,0.632541885,50.99755384,0.63093792,1.41224490168068,0.315709808735061,18.2460284549853,0.0235854374445916,4.46607879228757,0.105334421978116,0.00983622053257963,0.00682539969223941,0.011526567675018,0.0108498127117687,0.0223763803867867
"120",2016-01-29,6,57.8073562092407,82.9357778457717,82.5470574,0.632541885,50.99755384,0.63093792,1.43469245584551,0.271919432971347,29.0421246533807,0.0207173036775688,3.80204325831266,0.0787680847777165,0.010150976260237,0.00730869461297127,0.0127857471021992,0.00852690871533953,0.0213126558175387
"121",2016-01-30,1,91.4062671982145,162.127212890037,58.87154145,0.629270353,42.74635218,0.631284905,1.77369908934651,0.320243362892125,5.53321597368114,0.00822236023505254,4.67017461093653,0.0383998580117165,0.00187619550448745,0.00421181430669534,0.00285648604748571,0.00779141758579156,0.0106479036332773
"122",2016-01-30,2,105.01855561582,165.738461461339,58.87154145,0.629270353,42.74635218,0.631284905,1.57818264105293,0.325958609071901,10.7336996557079,0.0151313141755604,6.34857339252677,0.0960622585689258,0.00387109001226109,0.00480089520757864,0.00414637607289991,0.0117081078527839,0.0158544839256838
"123",2016-01-30,3,111.83607274774,167.974737655915,57.71166846,0.628845159,32.6727706,0.624974015,1.50197278506732,0.34936342607564,10.8420605334351,0.0253882132336995,6.04693477003399,0.153520869351894,0.00504418906046434,0.00613624909585124,0.00759659788055229,0.0165887565334913,0.0241853544140436
"124",2016-01-30,4,107.62350232901,154.350555289773,57.71166846,0.628845159,32.6727706,0.624974015,1.43417145836712,0.380275270498569,10.0188261906921,0.0302383412622662,5.97248652987051,0.180598085874513,0.00988988701442013,0.00680656687168928,0.0109234234343008,0.017372954570832,0.0282963780051328
"125",2016-01-30,5,68.3976212834753,96.5941919446741,82.5470574,0.632541885,50.99755384,0.63093792,1.41224490168068,0.315709808735061,18.2460284549853,0.0265262657359375,4.76090647074206,0.126289070186849,0.0116145199605046,0.00787334547380437,0.0126879455422731,0.0124168351575051,0.0251047806997783
"126",2016-01-30,6,57.8073562092407,82.9357778457717,82.5470574,0.632541885,50.99755384,0.63093792,1.43469245584551,0.271919432971347,29.0421246533807,0.0224172327752127,3.95367390705897,0.0886304282918257,0.0115857682857548,0.00807320627489889,0.01349591926124,0.0093303552844669,0.0228262745457069
"127",2016-01-31,1,91.4062671982145,162.127212890037,58.87154145,0.629270353,42.74635218,0.631284905,1.77369908934651,0.320243362892125,5.53321597368114,0.00902893479226551,5.66706335024304,0.0511675454529821,0.00206038403738126,0.00456744875162572,0.00314368615124003,0.00853578257168385,0.0116794687229239
"128",2016-01-31,2,105.01855561582,165.738461461339,58.87154145,0.629270353,42.74635218,0.631284905,1.57818264105293,0.325958609071901,10.7336996557079,0.0175405929225828,7.6069239797543,0.133429956921903,0.00449884743257651,0.00542914376585358,0.00479397755421731,0.0135744573547219,0.0183684349089392
"129",2016-01-31,3,111.83607274774,167.974737655915,57.71166846,0.628845159,32.6727706,0.624974015,1.50197278506732,0.34936342607564,10.8420605334351,0.0288491179545433,7.31699239492517,0.211088776673693,0.00592301560877816,0.0068346169309743,0.00837924082127639,0.0188747853280577,0.0272540261493341
"130",2016-01-31,4,107.62350232901,154.350555289773,57.71166846,0.628845159,32.6727706,0.624974015,1.43417145836712,0.380275270498569,10.0188261906921,0.0345110534273913,7.23002546673701,0.249515795163961,0.0119303687432642,0.00794744463003763,0.012451565835959,0.0196631605795673,0.0321147264155264
"131",2016-01-31,5,68.3976212834753,96.5941919446741,82.5470574,0.632541885,50.99755384,0.63093792,1.41224490168068,0.315709808735061,18.2460284549853,0.0294670940272835,5.86218549635024,0.17274157122633,0.0132046148400076,0.00879146193698399,0.0140872456298992,0.0137726684113076,0.0278599140412069
"132",2016-01-31,6,57.8073562092407,82.9357778457717,82.5470574,0.632541885,50.99755384,0.63093792,1.43469245584551,0.271919432971347,29.0421246533807,0.0241171618728567,4.93021491645275,0.118902791208063,0.0127643006919475,0.00865348010151635,0.014434848363706,0.0100149020114903,0.0244497503751963
"133",2016-02-01,1,91.4062671982145,162.127212890037,58.87154145,0.629270353,42.74635218,0.631284905,1.77369908934651,0.320243362892125,5.53321597368114,0.00983550934947847,3.84861865926441,0.0378531248057724,0.00220351292147673,0.00483275482270935,0.00341637592106434,0.00939294548053044,0.0128093214015948
"134",2016-02-01,2,105.01855561582,165.738461461339,58.87154145,0.629270353,42.74635218,0.631284905,1.57818264105293,0.325958609071901,10.7336996557079,0.0199498716696052,5.17839579635501,0.103308331591705,0.00502827207895843,0.00594158838988603,0.00544874944128309,0.015647131716919,0.0210958811582021
"135",2016-02-01,3,111.83607274774,167.974737655915,57.71166846,0.628845159,32.6727706,0.624974015,1.50197278506732,0.34936342607564,10.8420605334351,0.0323100226753872,4.9114506731427,0.158689082618287,0.00672812633481691,0.00745656324274025,0.00966032649998241,0.0215411212674973,0.0312014477674798
"136",2016-02-01,4,107.62350232901,154.350555289773,57.71166846,0.628845159,32.6727706,0.624974015,1.43417145836712,0.380275270498569,10.0188261906921,0.0387837655925164,4.88653687610666,0.189518300762108,0.0135014055937348,0.00877881878685963,0.0140887149531247,0.0224909427901045,0.0365796577432292
"137",2016-02-01,5,68.3976212834753,96.5941919446741,82.5470574,0.632541885,50.99755384,0.63093792,1.41224490168068,0.315709808735061,18.2460284549853,0.0324079223186294,3.92359412982174,0.127155533769093,0.0143424827620098,0.00941328804295531,0.0155200942294846,0.0154523016615055,0.03097239589099
"138",2016-02-01,6,57.8073562092407,82.9357778457717,82.5470574,0.632541885,50.99755384,0.63093792,1.43469245584551,0.271919432971347,29.0421246533807,0.0258170909705006,3.234239388921,0.0834986525241496,0.0134272651271709,0.00889250785349873,0.0155681166061354,0.0110019051273796,0.026570021733515
"139",2016-02-02,1,91.4062671982145,162.127212890037,58.87154145,0.629270353,42.74635218,0.631284905,1.77369908934651,0.320243362892125,5.53321597368114,0.0106420839066914,6.12185369415479,0.0651492806776842,0.00240088249739881,0.0052173673261443,0.00368419113040618,0.0100655703145208,0.013749761444927
"140",2016-02-02,2,105.01855561582,165.738461461339,58.87154145,0.629270353,42.74635218,0.631284905,1.57818264105293,0.325958609071901,10.7336996557079,0.0223591504166276,8.38717370458829,0.187530078431273,0.00583293625428015,0.00677798570670706,0.00612314576467664,0.0171901969682264,0.023313342732903
"141",2016-02-02,3,111.83607274774,167.974737655915,57.71166846,0.628845159,32.6727706,0.624974015,1.50197278506732,0.34936342607564,10.8420605334351,0.0357709273962311,8.00725343800886,0.286426881374237,0.00766189862201132,0.0082251413583362,0.010189652407155,0.0234713500354096,0.0336610024425646
"142",2016-02-02,4,107.62350232901,154.350555289773,57.71166846,0.628845159,32.6727706,0.624974015,1.43417145836712,0.380275270498569,10.0188261906921,0.0430564777576415,7.90414511421531,0.340324648303382,0.0159042967873215,0.0101496652600964,0.0154844653968331,0.024399984017167,0.0398844494140001
"143",2016-02-02,5,68.3976212834753,96.5941919446741,82.5470574,0.632541885,50.99755384,0.63093792,1.41224490168068,0.315709808735061,18.2460284549853,0.0353487506099753,6.44128925261781,0.227691527397501,0.0164894392829066,0.0106969695330361,0.0169825832160962,0.0164558599676869,0.0334384431837831
"144",2016-02-02,6,57.8073562092407,82.9357778457717,82.5470574,0.632541885,50.99755384,0.63093792,1.43469245584551,0.271919432971347,29.0421246533807,0.0275170200681445,5.3828122967762,0.148118953993446,0.0154998254095242,0.0100602227741079,0.0169846978534421,0.0113289065278593,0.0283136043813014
"145",2016-02-03,1,91.4062671982145,162.127212890037,58.87154145,0.629270353,42.74635218,0.631284905,1.77369908934651,0.320243362892125,5.53321597368114,0.0114486584639044,5.42065651078547,0.0620592450421225,0.00259918624663573,0.00560325261784434,0.0042179037063086,0.0104040186151396,0.0146219223214482
"146",2016-02-03,2,105.01855561582,165.738461461339,58.87154145,0.629270353,42.74635218,0.631284905,1.57818264105293,0.325958609071901,10.7336996557079,0.0247684291636499,7.34464379400223,0.181915289543985,0.0064870548142336,0.0074360500547738,0.00721422830797346,0.0182151915754713,0.0254294198834447
"147",2016-02-03,3,111.83607274774,167.974737655915,57.71166846,0.628845159,32.6727706,0.624974015,1.50197278506732,0.34936342607564,10.8420605334351,0.039231832117075,6.99075992081604,0.274260319584231,0.00870227366330922,0.00910399702503941,0.0121134906007094,0.0246586479455063,0.0367721385462157
"148",2016-02-03,4,107.62350232901,154.350555289773,57.71166846,0.628845159,32.6727706,0.624974015,1.43417145836712,0.380275270498569,10.0188261906921,0.0473291899227665,6.88026618470074,0.32563742497489,0.0177627720515738,0.0111683314459183,0.018290160497462,0.0258754936174103,0.0441656541148722
"149",2016-02-03,5,68.3976212834753,96.5941919446741,82.5470574,0.632541885,50.99755384,0.63093792,1.41224490168068,0.315709808735061,18.2460284549853,0.0382895789013212,5.50598472243102,0.210821836458992,0.018334884120043,0.0117796341612255,0.0194709141559599,0.0170579387187698,0.0365288528747297
"150",2016-02-03,6,57.8073562092407,82.9357778457717,82.5470574,0.632541885,50.99755384,0.63093792,1.43469245584551,0.271919432971347,29.0421246533807,0.0292169491657884,4.43517686526718,0.129582337013792,0.0174564843799335,0.0111329473477982,0.0200611814693915,0.0112947322732816,0.0313559137426732
"151",2016-02-04,1,92.619823854503,164.279697226166,58.87154145,0.629270353,42.74635218,0.631284905,1.77369908934651,0.320243362892125,5.53321597368114,0.0122552330211174,3.08916808092448,0.0378584746731274,0.00271078270777867,0.00580289989929192,0.00446899052558164,0.0112765079881219,0.0157454985137036
"152",2016-02-04,2,103.005986414908,162.562259684542,58.87154145,0.629270353,42.74635218,0.631284905,1.57818264105293,0.325958609071901,10.7336996557079,0.0271777079106723,4.05968427577804,0.110332913456645,0.00691826719466818,0.00784114994890886,0.00779598568930594,0.0203290981798982,0.0281250838692042
"153",2016-02-04,3,109.639944646402,164.676213015183,57.71166846,0.628845159,32.6727706,0.624974015,1.50197278506732,0.34936342607564,10.8420605334351,0.0426927368379189,3.83947011004873,0.163917487005366,0.0094817881653646,0.00971011607714884,0.0134429258196191,0.0272182341933347,0.0406611600129538
"154",2016-02-04,4,105.161851756436,150.820126298114,57.71166846,0.628845159,32.6727706,0.624974015,1.43417145836712,0.380275270498569,10.0188261906921,0.0516019020878916,3.87356160090745,0.199883146461443,0.018958956164347,0.0117768724213747,0.0197863095954086,0.0288638414649729,0.0486501510603815
"155",2016-02-04,5,67.1527479281115,94.8361258953236,82.5470574,0.632541885,50.99755384,0.63093792,1.41224490168068,0.315709808735061,18.2460284549853,0.0412304071926671,3.04586792033282,0.125582374610404,0.0189689532613515,0.0120879903429456,0.0207321749221577,0.0188565528641032,0.0395887277862609
"156",2016-02-04,6,57.1174489743048,81.945973140576,82.5470574,0.632541885,50.99755384,0.63093792,1.43469245584551,0.271919432971347,29.0421246533807,0.0309168782634323,2.3666112319003,0.0731682313535332,0.0177222562843891,0.0111292912886678,0.0210522117794291,0.0123530364951203,0.0334052482745494
"157",2016-02-05,1,93.8333805107916,166.432181562296,58.87154145,0.629270353,42.74635218,0.631284905,1.77369908934651,0.320243362892125,5.53321597368114,0.0130618075783303,4.04893813521201,0.0528864508187028,0.00286036992107988,0.0060851577922594,0.00464800003179159,0.0122926898091799,0.0169406898409715
"158",2016-02-05,2,100.993417213996,159.386057907744,58.87154145,0.629270353,42.74635218,0.631284905,1.57818264105293,0.325958609071901,10.7336996557079,0.0295869866576947,5.27463475333276,0.156060548071069,0.00745000857417976,0.00836366160100208,0.00826265488243695,0.0227204546765848,0.0309831095590218
"159",2016-02-05,3,107.443816545064,161.377688374452,57.71166846,0.628845159,32.6727706,0.624974015,1.50197278506732,0.34936342607564,10.8420605334351,0.0461536415587628,5.03846667539737,0.232543584942061,0.0102865944230835,0.0103470522954498,0.013794200021215,0.0299623545520083,0.0437565545732233
"160",2016-02-05,4,102.700201183861,147.289697306455,57.71166846,0.628845159,32.6727706,0.624974015,1.43417145836712,0.380275270498569,10.0188261906921,0.0558746142530167,5.03532881448831,0.281347055146634,0.0208457113432796,0.0128192560135618,0.0207792854992309,0.0317560113522695,0.0525352968515004
"161",2016-02-05,5,65.9078745727478,93.078059845973,82.5470574,0.632541885,50.99755384,0.63093792,1.41224490168068,0.315709808735061,18.2460284549853,0.044171235484013,3.97238218577916,0.17546502896055,0.0209324218364151,0.0132465281404578,0.0217597857219866,0.0203189426434469,0.0420787283654335
"162",2016-02-05,6,56.427541739369,80.9561684353803,82.5470574,0.632541885,50.99755384,0.63093792,1.43469245584551,0.271919432971347,29.0421246533807,0.0326168073610762,3.11704629004434,0.101668098377934,0.0198160367381292,0.0122750837785281,0.0215036403272061,0.0129085843278427,0.0344122246550488
"163",2016-02-06,1,95.0469371670802,168.584665898425,58.87154145,0.629270353,42.74635218,0.631284905,1.77369908934651,0.320243362892125,5.53321597368114,0.0138683821355433,4.18684635105856,0.058064785139285,0.00307236862334044,0.00650004576718642,0.0049306663337374,0.0129951890770952,0.0179258554108325
"164",2016-02-06,2,98.9808480130832,156.209856130946,58.87154145,0.629270353,42.74635218,0.631284905,1.57818264105293,0.325958609071901,10.7336996557079,0.0319962654047171,5.3723299673461,0.171894495476921,0.00825735012265848,0.00919473757921465,0.00898385037582187,0.0242987647284563,0.0332826151042782
"165",2016-02-06,3,105.247688443725,158.07916373372,57.71166846,0.628845159,32.6727706,0.624974015,1.50197278506732,0.34936342607564,10.8420605334351,0.0496145462796066,5.08829867147898,0.252453629920555,0.0113590263856332,0.0112524044521348,0.0149968300626039,0.0321256695959686,0.0471224996585725
"166",2016-02-06,4,100.238550611287,143.759268314796,57.71166846,0.628845159,32.6727706,0.624974015,1.43417145836712,0.380275270498569,10.0188261906921,0.0601473264181418,5.06556879020853,0.304680419518224,0.0229913824915002,0.0140192500084807,0.0224748917614463,0.0340742645425358,0.0565491563039821
"167",2016-02-06,5,64.6630012173841,91.3199937966225,82.5470574,0.632541885,50.99755384,0.63093792,1.41224490168068,0.315709808735061,18.2460284549853,0.047112063775359,4.1020517797008,0.193256125055089,0.0223992089394598,0.0140895532183534,0.0231735081865232,0.0218366927269167,0.0450102009134399
"168",2016-02-06,6,55.7376345044331,79.9663637301846,82.5470574,0.632541885,50.99755384,0.63093792,1.43469245584551,0.271919432971347,29.0421246533807,0.0343167364587202,3.31204022273103,0.113658411464142,0.0206497792984169,0.0126363679368174,0.0229065331153979,0.0138041292680927,0.0367106623834906
"169",2016-02-07,1,96.2604938233688,170.737150234555,58.87154145,0.629270353,42.74635218,0.631284905,1.77369908934651,0.320243362892125,5.53321597368114,0.0146749566927562,5.24607842265531,0.0769859736592697,0.00328087710179984,0.00690677127302515,0.00521460311241394,0.01367103874343,0.0188856418558439
"170",2016-02-07,2,96.9682788121709,153.033654354149,58.87154145,0.629270353,42.74635218,0.631284905,1.57818264105293,0.325958609071901,10.7336996557079,0.0344055441517395,6.56333171668247,0.225814999160831,0.00900280688287778,0.00995439633165424,0.00968656623846662,0.0259448998279388,0.0356314660664054
"171",2016-02-07,3,103.051560342387,154.780639092988,57.71166846,0.628845159,32.6727706,0.624974015,1.50197278506732,0.34936342607564,10.8420605334351,0.0530754510004505,6.22689198691066,0.330495100536375,0.0122508391433135,0.0119767907112014,0.0155130101834675,0.034244106612651,0.0497571167961185
"172",2016-02-07,4,97.7769000387134,140.228839323138,57.71166846,0.628845159,32.6727706,0.624974015,1.43417145836712,0.380275270498569,10.0188261906921,0.0644200385832668,6.08206907260068,0.391807124323029,0.0253043490377119,0.0153180272988104,0.0238350503296699,0.0360518232198878,0.0598868735495577
"173",2016-02-07,5,63.4181278620203,89.5619277472719,82.5470574,0.632541885,50.99755384,0.63093792,1.41224490168068,0.315709808735061,18.2460284549853,0.0500528920667049,4.94718784630948,0.247621059305043,0.0246498320089625,0.0154238393777605,0.024646799735354,0.02282732036471,0.047474120100064
"174",2016-02-07,6,55.0477272694973,78.9765590249889,82.5470574,0.632541885,50.99755384,0.63093792,1.43469245584551,0.271919432971347,29.0421246533807,0.0360166655563641,4.00680232950402,0.144311659452207,0.02237893357467,0.0135452478098073,0.0242710304147178,0.0143074730538824,0.0385785034686002
"175",2016-02-08,1,97.4740504796574,172.889634570684,58.87154145,0.629270353,42.74635218,0.631284905,1.77369908934651,0.320243362892125,5.53321597368114,0.0154815312499692,6.53981216293972,0.10124630636948,0.00350595872677856,0.00734760587838289,0.00550628168736975,0.0142917677402679,0.0197980494276377
"176",2016-02-08,2,94.9557096112586,149.857452577351,58.87154145,0.629270353,42.74635218,0.631284905,1.57818264105293,0.325958609071901,10.7336996557079,0.0368148228987619,7.93525541874486,0.292135022897533,0.00981939621219809,0.0107906668540969,0.0103719702011034,0.0274384183450681,0.0378103885461716
"177",2016-02-08,3,100.855432241049,151.482114452257,57.71166846,0.628845159,32.6727706,0.624974015,1.50197278506732,0.34936342607564,10.8420605334351,0.0565363557212944,7.56140041829033,0.427494023799606,0.0134410459785979,0.0129901263237069,0.0167242694615217,0.0360537934285805,0.0527780628901022
"178",2016-02-08,4,95.3152494661394,136.698410331479,57.71166846,0.628845159,32.6727706,0.624974015,1.43417145836712,0.380275270498569,10.0188261906921,0.0686927507483919,7.32452666696308,0.503141884683644,0.0277667147083545,0.0167034474378171,0.0253822031916253,0.0379381642775074,0.0633203674691327
"179",2016-02-08,5,62.1732545066566,87.8038616979214,82.5470574,0.632541885,50.99755384,0.63093792,1.41224490168068,0.315709808735061,18.2460284549853,0.0529937203580508,6.01540945224425,0.318778926351407,0.0264044055658166,0.0164452895445783,0.0260927618477314,0.0240944888139463,0.0501872506616777
"180",2016-02-08,6,54.3578200345614,77.9867543197932,82.5470574,0.632541885,50.99755384,0.63093792,1.43469245584551,0.271919432971347,29.0421246533807,0.037716594654008,4.81503574486029,0.181606751433455,0.0243245738344299,0.0145779301116541,0.0255408734684655,0.0147795166354735,0.040320390103939
"181",2016-02-09,1,98.6876071359459,175.042118906813,58.87154145,0.629270353,42.74635218,0.631284905,1.77369908934651,0.320243362892125,5.53321597368114,0.0173636431839834,5.07896429870964,0.0881893238269845,0.00392289844064155,0.00777552351108522,0.00618325865570868,0.0161819636090162,0.0223652222647248
"182",2016-02-09,2,92.9431404103463,146.681250800554,58.87154145,0.629270353,42.74635218,0.631284905,1.57818264105293,0.325958609071901,10.7336996557079,0.040521980131594,6.14653975541199,0.249069961846858,0.0108055516434,0.011396311465608,0.0113883432616074,0.0305843966530416,0.041972739914649
"183",2016-02-09,3,98.6593041397108,148.183589811525,57.71166846,0.628845159,32.6727706,0.624974015,1.50197278506732,0.34936342607564,10.8420605334351,0.0613700630144542,5.79730461688456,0.355780949652191,0.0151203801668265,0.0139945080508205,0.0190027593744826,0.0394508430910859,0.0584536024655685
"184",2016-02-09,4,92.8535988935653,133.16798133982,57.71166846,0.628845159,32.6727706,0.624974015,1.43417145836712,0.380275270498569,10.0188261906921,0.0749791188414688,5.68281190445557,0.426092229137888,0.0306949629142621,0.0182557725039877,0.0277947270980758,0.0418996089025206,0.0696943360005964
"185",2016-02-09,5,60.9283811512929,86.0457956485708,82.5470574,0.632541885,50.99755384,0.63093792,1.41224490168068,0.315709808735061,18.2460284549853,0.0563854993175004,4.72742280643218,0.266558095425617,0.027465235045551,0.016964310028961,0.027713950289541,0.0262777047083786,0.0539916549979196
"186",2016-02-09,6,53.6679127996256,76.9969496145976,82.5470574,0.632541885,50.99755384,0.63093792,1.43469245584551,0.271919432971347,29.0421246533807,0.0400361869736338,3.90101561096286,0.156181790387573,0.0252293118819227,0.0145749848066568,0.0269948428208138,0.0161042507231001,0.043099093543914
"187",2016-02-10,1,99.9011637922345,177.194603242943,58.87154145,0.629270353,42.74635218,0.631284905,1.77369908934651,0.320243362892125,5.53321597368114,0.0192457551179975,6.60951466126028,0.127205100619429,0.00446237468308155,0.00844565136063189,0.00686350148259505,0.0177542330137676,0.0246177344963626
"188",2016-02-10,2,90.930571209434,143.505049023756,58.87154145,0.629270353,42.74635218,0.631284905,1.57818264105293,0.325958609071901,10.7336996557079,0.0442291373644262,7.65182068699564,0.338433428253088,0.0122402509001017,0.012475479904633,0.0124705425719963,0.0329785994399523,0.0454491420119486
"189",2016-02-10,3,96.4631760383725,144.885065170794,57.71166846,0.628845159,32.6727706,0.624974015,1.50197278506732,0.34936342607564,10.8420605334351,0.0662037703076139,7.28973206606866,0.482607747306057,0.0170707767239321,0.0152426190312821,0.0201152416751066,0.0419340213851134,0.0620492630602201
"190",2016-02-10,4,90.3919483209913,129.637552348161,57.71166846,0.628845159,32.6727706,0.624974015,1.43417145836712,0.380275270498569,10.0188261906921,0.0812654869345457,7.02681006589712,0.571037141601697,0.0346395897341358,0.0204128480335592,0.0301463940628442,0.0449345363408633,0.0750809304037075
"191",2016-02-10,5,59.6835077959292,84.2877295992203,82.5470574,0.632541885,50.99755384,0.63093792,1.41224490168068,0.315709808735061,18.2460284549853,0.0597772782769501,5.84515700343494,0.349407576766794,0.0306593258933243,0.0188018767710289,0.0293134418276192,0.0272604705704148,0.056573912398034
"192",2016-02-10,6,52.9780055646898,76.0071449094019,82.5470574,0.632541885,50.99755384,0.63093792,1.43469245584551,0.271919432971347,29.0421246533807,0.0423557792932596,4.75963079934229,0.201597871654343,0.0283502279745089,0.0158573130351302,0.0283874614145208,0.0166599206076331,0.0450473820221538
"193",2016-02-11,1,101.114720448523,179.347087579072,58.87154145,0.629270353,42.74635218,0.631284905,1.77369908934651,0.320243362892125,5.53321597368114,0.0211278670520117,5.23452177068238,0.110594280051838,0.00469769182490906,0.00855170539490973,0.00741466450317166,0.0191239282522444,0.0265385927554161
"194",2016-02-11,2,88.9180020085217,140.328847246959,58.87154145,0.629270353,42.74635218,0.631284905,1.57818264105293,0.325958609071901,10.7336996557079,0.0479362945972583,6.02152722761914,0.288649703108563,0.0131883703619239,0.0130587191965283,0.0140152970125174,0.0346196652495505,0.0486349622620679
"195",2016-02-11,3,94.2670479370343,141.586540530062,57.71166846,0.628845159,32.6727706,0.624974015,1.50197278506732,0.34936342607564,10.8420605334351,0.0710374776007737,5.6907936116666,0.404259623719392,0.0187530418250333,0.0162452440113569,0.022947693435993,0.0433201886408036,0.0662678820767966
"196",2016-02-11,4,87.9302977484173,126.107123356503,57.71166846,0.628845159,32.6727706,0.624974015,1.43417145836712,0.380275270498569,10.0188261906921,0.0875518550276226,5.49468086292766,0.481069502334095,0.0369094917732156,0.0215856481667425,0.0330289704876897,0.0471090278821813,0.080137998369871
"197",2016-02-11,5,58.4386344405654,82.5296635498697,82.5470574,0.632541885,50.99755384,0.63093792,1.41224490168068,0.315709808735061,18.2460284549853,0.0631690572363997,4.53302495751465,0.286346912995272,0.0321379262147946,0.0195859093318091,0.0319862295926324,0.0279753402553117,0.0599615698479441
"198",2016-02-11,6,52.2880983297539,75.0173402042062,82.5470574,0.632541885,50.99755384,0.63093792,1.43469245584551,0.271919432971347,29.0421246533807,0.0446753716128854,3.75778651846867,0.167880509154479,0.0295759456903107,0.0160756167012616,0.0316200305317224,0.0171292826907439,0.0487493132224664
"199",2016-02-12,1,102.328277104812,181.499571915202,58.87154145,0.629270353,42.74635218,0.631284905,1.77369908934651,0.320243362892125,5.53321597368114,0.0230099789860258,6.26307334187367,0.144113185984452,0.00527136153145326,0.00928212740666523,0.00775797506470516,0.0207650445580347,0.0285230196227399
"200",2016-02-12,2,86.9054328076094,137.152645470161,58.87154145,0.629270353,42.74635218,0.631284905,1.57818264105293,0.325958609071901,10.7336996557079,0.0516434518300905,6.96706798832788,0.359803440052176,0.0145542004426761,0.0140584040201953,0.0144917290719783,0.0376241782093565,0.0521159072813348
"201",2016-02-12,3,92.0709198356961,138.28801588933,57.71166846,0.628845159,32.6727706,0.624974015,1.50197278506732,0.34936342607564,10.8420605334351,0.0758711848939334,6.57252849837712,0.498665524921018,0.0213180140618676,0.0179949841686247,0.0252597722180968,0.046507666751913,0.0717674389700098
"202",2016-02-12,4,85.4686471758432,122.576694364844,57.71166846,0.628845159,32.6727706,0.624974015,1.43417145836712,0.380275270498569,10.0188261906921,0.0938382231206995,6.3351370546881,0.594478004438033,0.0410675018569229,0.0238644631977314,0.0342329208204275,0.0506932179246136,0.0849261387450411
"203",2016-02-12,5,57.1937610852017,80.7715975005191,82.5470574,0.632541885,50.99755384,0.63093792,1.41224490168068,0.315709808735061,18.2460284549853,0.0665608361958494,5.30875263301329,0.353355014410282,0.0346296231577212,0.0209888916874266,0.0324749225964554,0.0297437119976278,0.0622186345940832
"204",2016-02-12,6,51.5981910948181,74.0275354990105,82.5470574,0.632541885,50.99755384,0.63093792,1.43469245584551,0.271919432971347,29.0421246533807,0.0469949639325112,4.35674250051577,0.204744956674977,0.0323173363739173,0.017121718796632,0.0321343889252239,0.0181884077998746,0.0503227967250985
"205",2016-02-13,1,103.5418337611,183.652056251331,58.87154145,0.629270353,42.74635218,0.631284905,1.77369908934651,0.320243362892125,5.53321597368114,0.02489209092004,6.31933408133019,0.157301438506578,0.00579221928246895,0.00991005863161557,0.00860115083190872,0.0224319702986265,0.0310331211305352
"206",2016-02-13,2,84.8928636066971,133.976443693363,58.87154145,0.629270353,42.74635218,0.631284905,1.57818264105293,0.325958609071901,10.7336996557079,0.0553506090629226,6.86482963638743,0.379972501487246,0.0159774574774022,0.0151052213019849,0.0159778657648359,0.0402122473386911,0.056190113103527
"207",2016-02-13,3,89.8747917343578,134.989491248599,57.71166846,0.628845159,32.6727706,0.624974015,1.50197278506732,0.34936342607564,10.8420605334351,0.0807048921870932,6.47385536778357,0.522471799491808,0.0233425673305047,0.0192671597874105,0.0275011168146508,0.0494079059198877,0.0769090227345385
"208",2016-02-13,4,83.0069966032692,119.046265373185,57.71166846,0.628845159,32.6727706,0.624974015,1.43417145836712,0.380275270498569,10.0188261906921,0.100124591213776,6.21259039267595,0.622033073445315,0.0449495305415999,0.0259786691784522,0.0376606281860546,0.0540711146775246,0.0917317428635792
"209",2016-02-13,5,55.948887729838,79.0135314511686,82.5470574,0.632541885,50.99755384,0.63093792,1.41224490168068,0.315709808735061,18.2460284549853,0.069952615155299,5.22460216351258,0.365474584483738,0.0371501149408611,0.0224073242795813,0.0350720625808929,0.0312565899938379,0.0663286525747308
"210",2016-02-13,6,50.9082838598822,73.0377307938148,82.5470574,0.632541885,50.99755384,0.63093792,1.43469245584551,0.271919432971347,29.0421246533807,0.049314556252137,4.28679722817486,0.211401503050334,0.0346268211999429,0.0179279019240862,0.033714067626856,0.0189946932632088,0.0527087608900647
"211",2016-02-14,1,104.755390417389,185.804540587461,58.87154145,0.629270353,42.74635218,0.631284905,1.77369908934651,0.320243362892125,5.53321597368114,0.0267742028540541,5.72362992583557,0.153245628695856,0.00625718808799206,0.0104398134312544,0.00925408477546783,0.0241433073493477,0.0333973921248155
"212",2016-02-14,2,82.8802944057848,130.800241916566,58.87154145,0.629270353,42.74635218,0.631284905,1.57818264105293,0.325958609071901,10.7336996557079,0.0590577662957547,6.12157647874557,0.361526633043345,0.0172932441251145,0.0160446723203414,0.0170448297979442,0.0427920067802723,0.0598368365782164
"213",2016-02-14,3,87.6786636330196,131.690966607867,57.71166846,0.628845159,32.6727706,0.624974015,1.50197278506732,0.34936342607564,10.8420605334351,0.085538599480253,5.76054650980953,0.492749080689966,0.0254659221632497,0.0206119247395854,0.0292393728743043,0.0519905043419263,0.0812298772162306
"214",2016-02-14,4,80.5453460306952,115.515836381526,57.71166846,0.628845159,32.6727706,0.624974015,1.43417145836712,0.380275270498569,10.0188261906921,0.106410959306853,5.51690762645181,0.587059432938033,0.0482717427315665,0.0277683191147947,0.0397177523973995,0.0575325190857595,0.097250271483159
"215",2016-02-14,5,54.7040143744742,77.255465401818,82.5470574,0.632541885,50.99755384,0.63093792,1.41224490168068,0.315709808735061,18.2460284549853,0.0733443941147486,4.64987634890012,0.341042363518579,0.0391446893658304,0.023508174036334,0.0367379136860583,0.0328635583576015,0.0696014720436598
"216",2016-02-14,6,50.2183766249464,72.0479260886191,82.5470574,0.632541885,50.99755384,0.63093792,1.43469245584551,0.271919432971347,29.0421246533807,0.0516341485717629,3.80071065995891,0.196246458894601,0.0362892363729849,0.0184016981333963,0.0351473678506223,0.0200267181588656,0.0551740860094879
"217",2016-02-15,1,105.968947073677,187.95702492359,58.87154145,0.629270353,42.74635218,0.631284905,1.77369908934651,0.320243362892125,5.53321597368114,0.0286563147880683,6.22209656616742,0.178302357841852,0.00671783253771464,0.0109626983222775,0.00994369708335106,0.025870647462651,0.0358143445460021
"218",2016-02-15,2,80.8677252048725,127.624040139768,58.87154145,0.629270353,42.74635218,0.631284905,1.57818264105293,0.325958609071901,10.7336996557079,0.0627649235285869,6.38098484903926,0.40050202608702,0.0183722815021693,0.0167652340334399,0.0181203121955999,0.0456795180516458,0.0637998302472457
"219",2016-02-15,3,85.4825355316813,128.392441967136,57.71166846,0.628845159,32.6727706,0.624974015,1.50197278506732,0.34936342607564,10.8420605334351,0.0903723067734127,6.03551732685022,0.545443623398356,0.0278548119336369,0.0221592985698692,0.0332537989738939,0.0549360624372855,0.0881898614111794
"220",2016-02-15,4,78.0836954581211,111.985407389868,57.71166846,0.628845159,32.6727706,0.624974015,1.43417145836712,0.380275270498569,10.0188261906921,0.11269732739993,5.74840803473337,0.647830222318736,0.0512584812912585,0.0293663780324007,0.0418357123750462,0.0611632915567248,0.102999003931771
"221",2016-02-15,5,53.4591410191105,75.4973993524675,82.5470574,0.632541885,50.99755384,0.63093792,1.41224490168068,0.315709808735061,18.2460284549853,0.0767361730741983,4.86610247694358,0.373406081867527,0.0412783083367822,0.0246931888390724,0.0380709831267287,0.034419514080336,0.0724904972070647
"222",2016-02-15,6,49.5284693900106,71.0581213834234,82.5470574,0.632541885,50.99755384,0.63093792,1.43469245584551,0.271919432971347,29.0421246533807,0.0539537408913887,4.05368770412938,0.218711616043205,0.0385476236586737,0.0191807643487627,0.0366951060876015,0.0208501547175844,0.0575452608051859
"223",2016-02-16,1,107.182503729966,190.10950925972,58.87154145,0.629270353,42.74635218,0.631284905,1.77369908934651,0.320243362892125,5.53321597368114,0.0305384267220824,5.58894240348558,0.170677508042783,0.00710277429804475,0.0113648798792976,0.0111793399756674,0.0266675102363533,0.0378468502120207
"224",2016-02-16,2,78.8551560039601,124.447838362971,58.87154145,0.629270353,42.74635218,0.631284905,1.57818264105293,0.325958609071901,10.7336996557079,0.066472080761419,5.57932909359799,0.370869614104181,0.0193336464555068,0.0173840036677836,0.0203248744214113,0.0468754728607308,0.0672003472821421
"225",2016-02-16,3,83.2864074303431,125.093917326404,57.71166846,0.628845159,32.6727706,0.624974015,1.50197278506732,0.34936342607564,10.8420605334351,0.0952060140665725,5.31587531183741,0.506103299714938,0.0284012623821616,0.0222498491999996,0.0341872324703285,0.0565396306843503,0.0907268631546789
"226",2016-02-16,4,75.6220448855471,108.454978398209,57.71166846,0.628845159,32.6727706,0.624974015,1.43417145836712,0.380275270498569,10.0188261906921,0.118983695493007,5.00290405680101,0.595264012875142,0.0547461065148897,0.03125223863517,0.0478959879262478,0.0623489658557459,0.110244953781994
"227",2016-02-16,5,52.2142676637468,73.739333303117,82.5470574,0.632541885,50.99755384,0.63093792,1.41224490168068,0.315709808735061,18.2460284549853,0.0801279520336479,4.22774395983713,0.338760465224375,0.0431011249708193,0.0256931841937044,0.0427612075117537,0.0347820059340478,0.0775432134458015
"228",2016-02-16,6,48.8385621550747,70.0683166782277,82.5470574,0.632541885,50.99755384,0.63093792,1.43469245584551,0.271919432971347,29.0421246533807,0.0562733332110145,3.50754576122462,0.197381291374274,0.0397673069980938,0.0194490492072779,0.0405438803718035,0.0212293124660107,0.0617731928378142
"229",2016-02-17,1,108.396060386255,192.261993595849,58.87154145,0.629270353,42.74635218,0.631284905,1.77369908934651,0.320243362892125,5.53321597368114,0.0324205386560966,5.87064372383937,0.190329431784905,0.00754161810305699,0.0118563795940379,0.0114105804974161,0.0288410120116479,0.040251592509064
"230",2016-02-17,2,76.8425868030478,121.271636586173,58.87154145,0.629270353,42.74635218,0.631284905,1.57818264105293,0.325958609071901,10.7336996557079,0.0701792379942512,5.85451677908285,0.410865526380592,0.0213881626863089,0.0189788720414843,0.0204168130488915,0.0486904890864774,0.0691073021353689
"231",2016-02-17,3,81.0902793290049,121.795392685672,57.71166846,0.628845159,32.6727706,0.624974015,1.50197278506732,0.34936342607564,10.8420605334351,0.100039721359732,5.51319384659688,0.551538376215742,0.029705426797109,0.0229542210464344,0.0337904477097764,0.0606582104144125,0.0944486581241888
"232",2016-02-17,4,73.160394312973,104.92454940655,57.71166846,0.628845159,32.6727706,0.624974015,1.43417145836712,0.380275270498569,10.0188261906921,0.125270063586084,5.20494134541387,0.652023333301833,0.0578818909926243,0.032937610132812,0.048116714655125,0.0668388030539815,0.114955517709107
"233",2016-02-17,5,50.969394308383,71.9812672537664,82.5470574,0.632541885,50.99755384,0.63093792,1.41224490168068,0.315709808735061,18.2460284549853,0.0835197309930976,4.43525106910327,0.370430976178354,0.0454716197687896,0.0270200159879269,0.04299833126107,0.0368105562604891,0.079808887521559
"234",2016-02-17,6,48.1486549201389,69.0785119730321,82.5470574,0.632541885,50.99755384,0.63093792,1.43469245584551,0.271919432971347,29.0421246533807,0.0585929255306403,3.87149026997778,0.226841941081407,0.040926915961947,0.0197019919997099,0.0407192976949415,0.0228008289444432,0.0635201266393847
"235",2016-02-18,1,109.609617042543,194.414477931978,58.87154145,0.629270353,42.74635218,0.631284905,1.77369908934651,0.320243362892125,5.53321597368114,0.0343026505901107,6.23204530478362,0.213775672551733,0.00809017959152394,0.0125187793871219,0.0118788257968187,0.0310427262353585,0.0429215520321772
"236",2016-02-18,2,74.8300176021355,118.095434809376,58.87154145,0.629270353,42.74635218,0.631284905,1.57818264105293,0.325958609071901,10.7336996557079,0.0738863952270833,5.91612440833759,0.437121106247026,0.0220918320459914,0.0193713668531857,0.0211240684786649,0.0532998405596728,0.0744239090383377
"237",2016-02-18,3,78.8941512276666,118.496868044941,57.71166846,0.628845159,32.6727706,0.624974015,1.50197278506732,0.34936342607564,10.8420605334351,0.104873428652892,5.66194768676128,0.593787866763966,0.0317686889952098,0.024247153415379,0.0353395950706154,0.0650694612555996,0.100409056326215
"238",2016-02-18,4,70.698743740399,101.394120414891,57.71166846,0.628845159,32.6727706,0.624974015,1.43417145836712,0.380275270498569,10.0188261906921,0.131556431679161,5.30436604449482,0.697823469133845,0.0611480240627075,0.0346978495456633,0.0490211953239244,0.0717825154064755,0.1208037107304
"239",2016-02-18,5,49.7245209530193,70.2232012044158,82.5470574,0.632541885,50.99755384,0.63093792,1.41224490168068,0.315709808735061,18.2460284549853,0.0869115099525472,4.54555509007115,0.39506105645057,0.0479673138041282,0.0284203449408057,0.0436292552597396,0.0390474216775931,0.0826766769373327
"240",2016-02-18,6,47.4587476852031,68.0887072678364,82.5470574,0.632541885,50.99755384,0.63093792,1.43469245584551,0.271919432971347,29.0421246533807,0.0609125178502661,3.98519928002344,0.242748522281296,0.0431744551385426,0.0204835928258235,0.0410190567816599,0.0241732559398093,0.0651923127214692
"241",2016-02-19,1,110.823173698832,196.566962268108,58.87154145,0.629270353,42.74635218,0.631284905,1.77369908934651,0.320243362892125,5.53321597368114,0.0360916248754343,6.46202230875382,0.233224885104231,0.00876920633806473,0.0129187172805429,0.0126547485615412,0.0324162591860867,0.0450710077476279
"242",2016-02-19,2,72.8174484012232,114.919233032578,58.87154145,0.629270353,42.74635218,0.631284905,1.57818264105293,0.325958609071901,10.7336996557079,0.0800064134004712,5.9474064552677,0.475830659520779,0.0252740334655908,0.0204172114106281,0.0231177419496725,0.0580684808920142,0.0811862228416868
"243",2016-02-19,3,76.6980231263284,115.198343404209,57.71166846,0.628845159,32.6727706,0.624974015,1.50197278506732,0.34936342607564,10.8420605334351,0.108594106544413,5.6803733806972,0.616855072115479,0.0342893035212916,0.0259087240715613,0.0377297008459023,0.0660350421726001,0.103764743018502
"244",2016-02-19,4,68.237093167825,97.8636914232326,57.71166846,0.628845159,32.6727706,0.624974015,1.43417145836712,0.380275270498569,10.0188261906921,0.133450368106303,5.27002926304488,0.703287345084329,0.0641507540472583,0.0349704510420126,0.0501566107699796,0.0722255003127771,0.122382111082757
"245",2016-02-19,5,48.4796475976556,68.4651351550653,82.5470574,0.632541885,50.99755384,0.63093792,1.41224490168068,0.315709808735061,18.2460284549853,0.091224648327908,4.57840117615761,0.417663037199058,0.0510379763654909,0.0298033217929633,0.0457164092189041,0.0407039377648223,0.0864203469837264
"246",2016-02-19,6,46.7688404502672,67.0989025626407,82.5470574,0.632541885,50.99755384,0.63093792,1.43469245584551,0.271919432971347,29.0421246533807,0.06184536596172,3.95393460169515,0.244532532430544,0.0454360803070995,0.0217678214414696,0.0419932619639925,0.0240043165640666,0.0659975785280592
"247",2016-02-20,1,112.03673035512,198.719446604237,58.87154145,0.629270353,42.74635218,0.631284905,1.77369908934651,0.320243362892125,5.53321597368114,0.0378805991607579,3.67989687825951,0.139396698598273,0.00910200567484912,0.0128149693774585,0.0139886963526691,0.0331236885800118,0.047112384932681
"248",2016-02-20,2,70.8048792003109,111.74303125578,58.87154145,0.629270353,42.74635218,0.631284905,1.57818264105293,0.325958609071901,10.7336996557079,0.0861264315738592,3.68912507537328,0.317731178371545,0.0277903358576571,0.020970506173625,0.0261505014677757,0.0610934249448283,0.0872439264126041
"249",2016-02-20,3,74.5018950249901,111.899818763478,57.71166846,0.628845159,32.6727706,0.624974015,1.50197278506732,0.34936342607564,10.8420605334351,0.112314784435934,3.40339844913397,0.382251963164073,0.0344717549828724,0.0258031680617529,0.0420971484659807,0.0673106392445931,0.109407787710574
"250",2016-02-20,4,65.7754425952509,94.3332624315738,57.71166846,0.628845159,32.6727706,0.624974015,1.43417145836712,0.380275270498569,10.0188261906921,0.135344304533445,3.25813040359951,0.440969393554448,0.0639456539503073,0.0335249293903005,0.0540587105328233,0.0720169627998592,0.126075673332682
"251",2016-02-20,5,47.2347742422919,66.7070691057147,82.5470574,0.632541885,50.99755384,0.63093792,1.41224490168068,0.315709808735061,18.2460284549853,0.0955377867032687,2.76937767265322,0.264580213390739,0.0513234955907229,0.0295758877069192,0.0502915095373556,0.0420396795282734,0.0923311890656289
"252",2016-02-20,6,46.0789332153314,66.109097857445,82.5470574,0.632541885,50.99755384,0.63093792,1.43469245584551,0.271919432971347,29.0421246533807,0.0627782140731739,2.35421029733256,0.147793118019214,0.043118258888739,0.0208509881491187,0.0448629061639453,0.0244196001535406,0.0692825063174858
"253",2016-02-21,1,113.250287011409,200.871930940367,58.87154145,0.629270353,42.74635218,0.631284905,1.77369908934651,0.320243362892125,5.53321597368114,0.0396695734460815,4.97285628438311,0.197271087610144,0.00971286981218246,0.0131132302711605,0.0146285898455233,0.0345482741464513,0.0491768639919747
"254",2016-02-21,2,68.7923099993986,108.566829478983,58.87154145,0.629270353,42.74635218,0.631284905,1.57818264105293,0.325958609071901,10.7336996557079,0.0922464497472471,4.51234830980629,0.416248111602622,0.0311970258036958,0.0222212376891423,0.0279543148042791,0.0651390412526927,0.0930933560569718
"255",2016-02-21,3,72.3057669236519,108.601294122746,57.71166846,0.628845159,32.6727706,0.624974015,1.50197278506732,0.34936342607564,10.8420605334351,0.116035462327455,4.25024805464549,0.493179498027156,0.0358653547155857,0.0266117921981875,0.0424094509777811,0.069115244584267,0.111524695562048
"256",2016-02-21,4,63.3137920226769,90.802833439915,57.71166846,0.628845159,32.6727706,0.624974015,1.43417145836712,0.380275270498569,10.0188261906921,0.137238240960587,3.93463972215004,0.539983034281524,0.0672868793266343,0.0339618103252747,0.0544540689114761,0.0721671402527668,0.126621209164243
"257",2016-02-21,5,45.9899008869281,64.9490030563642,82.5470574,0.632541885,50.99755384,0.63093792,1.41224490168068,0.315709808735061,18.2460284549853,0.0998509250786295,3.38556507972947,0.338051805124892,0.0548134916119825,0.0312068447424043,0.0527106926306883,0.0436538976649128,0.0963645902956011
"258",2016-02-21,6,45.3890259803955,65.1192931522493,82.5470574,0.632541885,50.99755384,0.63093792,1.43469245584551,0.271919432971347,29.0421246533807,0.0637110621846278,2.9482935043497,0.187838910794158,0.0444343198366908,0.0216802158158495,0.0452420948627999,0.0245692007409425,0.0698112956037424
"259",2016-02-22,1,114.463843667697,203.024415276496,58.87154145,0.629270353,42.74635218,0.631284905,1.77369908934651,0.320243362892125,5.53321597368114,0.0414585477314051,6.55344579921971,0.271696345472127,0.0104323501352704,0.0135461248781215,0.0149544454370188,0.036547276787995,0.0515017222250138
"260",2016-02-22,2,66.7797407984863,105.390627702185,58.87154145,0.629270353,42.74635218,0.631284905,1.57818264105293,0.325958609071901,10.7336996557079,0.0983664679206351,5.64797895889614,0.555571741076679,0.0364644171060322,0.0247175027026298,0.0292303857535799,0.0684262543478622,0.0976566401014421
"261",2016-02-22,3,70.1096388223137,105.302769482014,57.71166846,0.628845159,32.6727706,0.624974015,1.50197278506732,0.34936342607564,10.8420605334351,0.119756140218976,5.30686804322181,0.635530033507674,0.0380894059655098,0.0280307094118243,0.0419545940695261,0.0714454636737389,0.113400057743265
"262",2016-02-22,4,60.8521414501028,87.2724044482563,57.71166846,0.628845159,32.6727706,0.624974015,1.43417145836712,0.380275270498569,10.0188261906921,0.139132177387729,4.81365357549937,0.669734103149454,0.0703206711034795,0.034203019021734,0.0536623933624355,0.0739873627407295,0.127649756103165
"263",2016-02-22,5,44.7450275315644,63.1909370070136,82.5470574,0.632541885,50.99755384,0.63093792,1.41224490168068,0.315709808735061,18.2460284549853,0.10416406345399,4.28492705760886,0.446335413924489,0.0588520970236819,0.0331356218842834,0.0542069063290574,0.0458294549601828,0.10003636128924
"264",2016-02-22,6,44.6991187454597,64.1294884470536,82.5470574,0.632541885,50.99755384,0.63093792,1.43469245584551,0.271919432971347,29.0421246533807,0.0646439102960817,3.73424299973181,0.241396069498434,0.0477131368908052,0.0234802018243776,0.0445645023144887,0.024526473169662,0.0690909754841507
"265",2016-02-23,1,115.677400323986,205.176899612626,58.87154145,0.629270353,42.74635218,0.631284905,1.77369908934651,0.320243362892125,5.53321597368114,0.0432475220167287,6.75125158523712,0.291974901573017,0.0110215985233729,0.0138004640570729,0.0155789789655439,0.0380549304565843,0.0536339094221283
"266",2016-02-23,2,64.767171597574,102.214425925388,58.87154145,0.629270353,42.74635218,0.631284905,1.57818264105293,0.325958609071901,10.7336996557079,0.104486486094023,5.38112466329686,0.562254807301772,0.0367704529186524,0.0238744003854962,0.0310624737876366,0.0762247428382107,0.107287216625847
"267",2016-02-23,3,67.9135107209754,102.004244841283,57.71166846,0.628845159,32.6727706,0.624974015,1.50197278506732,0.34936342607564,10.8420605334351,0.123476818110497,5.30215305000155,0.654692987749059,0.0393817735835916,0.0287590958178818,0.042920926402435,0.0737112923549738,0.116632218757409
"268",2016-02-23,4,58.3904908775288,83.7419754565975,57.71166846,0.628845159,32.6727706,0.624974015,1.43417145836712,0.380275270498569,10.0188261906921,0.141026113814871,4.76635006040358,0.672179826099993,0.0725029668249457,0.0340133433229594,0.0542896336162073,0.0749584293901631,0.12924806300637
"269",2016-02-23,5,43.5001541762007,61.4328709576631,82.5470574,0.632541885,50.99755384,0.63093792,1.41224490168068,0.315709808735061,18.2460284549853,0.108477201829351,4.29223224960059,0.465609344038373,0.061696940756976,0.0343832275747999,0.0564556674992735,0.0476176577960311,0.104073325295305
"270",2016-02-23,6,44.0092115105238,63.139683741858,82.5470574,0.632541885,50.99755384,0.63093792,1.43469245584551,0.271919432971347,29.0421246533807,0.0655767584075356,3.85633726525666,0.252886097181713,0.048043103933294,0.0238376141301828,0.0446956369333465,0.0249962201287098,0.0696918570620563
"271",2016-02-24,1,116.890956980275,207.329383948755,58.87154145,0.629270353,42.74635218,0.631284905,1.77369908934651,0.320243362892125,5.53321597368114,0.0473549912531204,6.60049116264352,0.312566201273282,0.011698961713225,0.014298929769524,0.0170733000737858,0.0424929616570889,0.0595662617308748
"272",2016-02-24,2,62.7546023966617,99.0382241485901,58.87154145,0.629270353,42.74635218,0.631284905,1.57818264105293,0.325958609071901,10.7336996557079,0.109122135092912,5.38992711760952,0.588160355068734,0.0395561808960272,0.0258400603925845,0.0324298496331391,0.0777769241344139,0.110206773767553
"273",2016-02-24,3,65.7173826196372,98.7057202005511,57.71166846,0.628845159,32.6727706,0.624974015,1.50197278506732,0.34936342607564,10.8420605334351,0.12756556318067,5.18518687591211,0.661451284022745,0.0416418128519059,0.0297721396268658,0.0441394539741666,0.0759811134258363,0.120120567400003
"274",2016-02-24,4,55.9288403049548,80.2115464649387,57.71166846,0.628845159,32.6727706,0.624974015,1.43417145836712,0.380275270498569,10.0188261906921,0.14676326468743,4.60194758633434,0.675396851690864,0.0762043390553992,0.0360775531716608,0.056630767069302,0.0779050654452505,0.134535832514552
"275",2016-02-24,5,42.2552808208369,59.6748049083125,82.5470574,0.632541885,50.99755384,0.63093792,1.41224490168068,0.315709808735061,18.2460284549853,0.114565675374935,4.20005318155596,0.481181929355604,0.0664408955832492,0.0368983792219322,0.0596858331024799,0.0501737236400822,0.109859556742562
"276",2016-02-24,6,43.319304275588,62.1498790366623,82.5470574,0.632541885,50.99755384,0.63093792,1.43469245584551,0.271919432971347,29.0421246533807,0.0685856502786964,3.71908997098681,0.255076204105108,0.0522166753988082,0.0253749999998908,0.0481321528443758,0.0259269442505762,0.074059097094952
