"Date","Room","GPP","R_leaf","R_stem","R_root","R_leaf_se","R_stem_se","R_root_se","LA","LA_SE","Leafmass","Leafmass_SE","Stemmass","Stemmass_SE","Rootmass","Rootmass_SE"
2016-01-08,1,0.0119410019329703,0.00357220651360561,0.000507947267227084,0.000911179441319321,5.79751934517947e-07,0.000392250230004098,0.000470989076927551,0.00272757418089654,0.000125564425757868,0.0585865920432668,0.00274645504616432,0.0142818185100073,0.000832076284603703,0.0267260426015818,0.00110067253555644
2016-01-08,2,0.0160507620405316,0.00288348159561873,0.00053845433452222,0.000871768626223667,3.5103330897966e-07,0.000331535313675162,0.000257058984990967,0.00272757418089654,0.000125564425757868,0.0585865920432668,0.00274645504616432,0.0142818185100073,0.000832076284603703,0.0267260426015818,0.00110067253555644
2016-01-08,3,0.0156288465154237,0.00257937394453694,0.000393705580808226,0.000748078290786077,2.73398487031583e-07,0.00035937586970053,9.36758869617123e-05,0.00272757418089654,0.000125564425757868,0.0585865920432668,0.00274645504616432,0.0142818185100073,0.000832076284603703,0.0267260426015818,0.00110067253555644
2016-01-08,4,0.0157732517469016,0.00240067381025761,0.0005184911717077,0.000839836006057411,2.81341780369021e-07,0.000512057176086038,0.000196272472708418,0.00272757418089654,0.000125564425757868,0.0585865920432668,0.00274645504616432,0.0142818185100073,0.000832076284603703,0.0267260426015818,0.00110067253555644
2016-01-08,5,0.0124758967008326,0.00252427706930139,0.000558441153428008,0.00128152859141172,2.31182294650472e-07,8.58257529090913e-05,0.00014648763197226,0.00272757418089654,0.000125564425757868,0.0585865920432668,0.00274645504616432,0.0142818185100073,0.000832076284603703,0.0267260426015818,0.00110067253555644
2016-01-08,6,0.0105789841403894,0.00272316088672782,0.000586897865014005,0.00157030535819522,1.8052030048137e-07,0.000112490220144091,0.000228413796250156,0.00272757418089654,0.000125564425757868,0.0585865920432668,0.00274645504616432,0.0142818185100073,0.000832076284603703,0.0267260426015818,0.00110067253555644
2016-01-09,1,0.00922911949612781,0.00364229538044201,0.000540921190673033,0.00102240750180624,5.79751934517947e-07,0.000392250230004098,0.000470989076927551,0.00280179046836791,0.000136555062091532,0.064050986006329,0.00312924587498873,0.015267982824173,0.000922588318835015,0.0301049255210452,0.0012936163489841
2016-01-09,2,0.0125069553215361,0.00304196238623536,0.000606293033121006,0.000976687664322812,3.5103330897966e-07,0.000331535313675162,0.000257058984990967,0.00286585170988838,0.000133474715800993,0.06069126960273,0.00286706319763493,0.0155869041403198,0.00089433724699215,0.0290222967087812,0.0012048082930665
2016-01-09,3,0.0130095765066733,0.00307386061092994,0.000465141390693781,0.000906765199101173,2.73398487031583e-07,0.00035937586970053,9.36758869617123e-05,0.00316942790020053,0.00014871237818527,0.065133693541395,0.00314877209580768,0.0159997320716342,0.000962892263866947,0.0307183746432303,0.00130037250253987
2016-01-09,4,0.0131862083108546,0.00289384920800396,0.000630385049349154,0.000963608950131286,2.81341780369021e-07,0.000512057176086038,0.000196272472708418,0.00318556629362712,0.00015499237548346,0.066003249574127,0.00327553640862264,0.0161331100293572,0.0009978289274192,0.0284912195132987,0.00126873165208517
2016-01-09,5,0.0100353467786899,0.00288927809670897,0.000698486264681099,0.00131988254652061,2.31182294650472e-07,8.58257529090913e-05,0.00014648763197226,0.00310703194150474,0.000144160824645301,0.0689823558394824,0.00322021949624594,0.0181224204893131,0.001051807712987,0.0279250449341316,0.00118561839683097
2016-01-09,6,0.00814113348669568,0.00320134649702829,0.000785048043545963,0.00165486273631293,1.8052030048137e-07,0.000112490220144091,0.000228413796250156,0.00316150118261391,0.00014817024371817,0.0665666450461878,0.00318179922484746,0.0191489860916532,0.00114432863422669,0.028231963795598,0.00120565174562198
2016-01-10,1,0.0138051442000644,0.0038052523945348,0.000541771267174483,0.00106984477028987,5.79751934517947e-07,0.000392250230004098,0.000470989076927551,0.00287600675583928,0.000147545698425196,0.0695153799693912,0.00351203670381314,0.0162541471383388,0.00101310035306633,0.0334838084405086,0.00148656016241177
2016-01-10,2,0.0200064618976008,0.00317631529217633,0.000657474588098043,0.00105463221047747,3.5103330897966e-07,0.000331535313675162,0.000257058984990967,0.00300412923888021,0.000141385005844119,0.0627959471621931,0.00298767134910554,0.0168919897706322,0.000956598209380596,0.0313185508159806,0.00130894405057656
2016-01-10,3,0.0232164018064708,0.00343666785577318,0.000517805826982981,0.00103002724446897,2.73398487031583e-07,0.00035937586970053,9.36758869617123e-05,0.00361128161950452,0.000171860330612673,0.0716807950395232,0.00355108914545104,0.0177176456332611,0.00109370824313019,0.0347107066848788,0.0015000724695233
2016-01-10,4,0.023265426012796,0.00329183355256744,0.000724035849976335,0.00105434625292387,2.81341780369021e-07,0.000512057176086038,0.000196272472708418,0.00364355840635769,0.000184420325209053,0.0734199071049872,0.00380461777108095,0.017984401548707,0.0011635815702347,0.0302563964250157,0.0014367907686139
2016-01-10,5,0.0179311878197599,0.00323626379068937,0.000851589970827926,0.00138480906397711,2.31182294650472e-07,8.58257529090913e-05,0.00014648763197226,0.00348648970211293,0.000162757223532733,0.079378119635698,0.00369398394632757,0.0219630224686188,0.0012715391413703,0.0291240472666813,0.0012705642581055
2016-01-10,6,0.0157392373484223,0.00361526805377064,0.000998162607898531,0.00176717010841402,1.8052030048137e-07,0.000112490220144091,0.000228413796250156,0.00359542818433128,0.000170776061678473,0.0745466980491088,0.0036171434035306,0.0240161536732991,0.00145658098384968,0.0297378849896141,0.00131063095568751
2016-01-11,1,0.0171372256664971,0.00381729192323094,0.000599091089638995,0.0012279167703757,5.79751934517947e-07,0.000392250230004098,0.000470989076927551,0.00295022304331065,0.00015853633475886,0.0749797739324535,0.00389482753263755,0.0172403114525045,0.00110361238729764,0.036862691359972,0.00167950397583943
2016-01-11,2,0.024967378141435,0.00332997629300615,0.000703822290557166,0.00112484641684764,3.5103330897966e-07,0.000331535313675162,0.000257058984990967,0.00314240676787205,0.000149295295887244,0.0649006247216563,0.00310827950057615,0.0181970754009447,0.00101885917176904,0.03361480492318,0.00141307980808662
2016-01-11,3,0.0310543458337201,0.00383736079362369,0.000572042912540525,0.00115664735054244,2.73398487031583e-07,0.00035937586970053,9.36758869617123e-05,0.00405313533880851,0.000195008283040075,0.0782278965376515,0.0039534061950944,0.0194355591948879,0.00122452422239343,0.0387030387265273,0.00169977243650673
2016-01-11,4,0.0309361356449112,0.00374624214213045,0.000813173922991597,0.00113626782112359,2.81341780369021e-07,0.000512057176086038,0.000196272472708418,0.00410155051908827,0.000213848274934645,0.0808365646358475,0.00433369913353927,0.0198356930680568,0.00132933421305019,0.0320215733367326,0.00160484988514263
2016-01-11,5,0.0236158716341002,0.00359985448745808,0.00103401643094331,0.00149011347415085,2.31182294650472e-07,8.58257529090913e-05,0.00014648763197226,0.00386594746272113,0.000181353622420166,0.0897738834319137,0.0041677483964092,0.0258036244479246,0.0014912705697536,0.0303230495992311,0.00135551011938002
2016-01-11,6,0.0206847382419702,0.00406282862157846,0.00123677345551008,0.00191283450085261,1.8052030048137e-07,0.000112490220144091,0.000228413796250156,0.00402935518604864,0.000193381879638775,0.0825267510520299,0.00405248758221373,0.0288833212549451,0.00176883333347267,0.0312438061836303,0.00141561016575305
2016-01-12,1,0.0132699970945527,0.00399521466340692,0.000627270589650981,0.00132758190117868,5.79751934517947e-07,0.000392250230004098,0.000470989076927551,0.00302443933078202,0.000169526971092524,0.0804441678955157,0.00427761836146196,0.0182264757666703,0.00119412442152895,0.0402415742794354,0.0018724477892671
2016-01-12,2,0.0194198160718112,0.00349899856249256,0.00072773576758375,0.00115936559116405,3.5103330897966e-07,0.000331535313675162,0.000257058984990967,0.00328068429686389,0.00015720558593037,0.0670053022811195,0.00322888765204676,0.0195021610312571,0.00108112013415749,0.0359110590303794,0.00151721556559668
2016-01-12,3,0.0252794143496868,0.00436079195428562,0.000577489156332092,0.00118349732826626,2.73398487031583e-07,0.00035937586970053,9.36758869617123e-05,0.0044949890581125,0.000218156235467478,0.0847749980357797,0.00435572324473776,0.0211534727565148,0.00135534020165668,0.0426953707681758,0.00189947240349016
2016-01-12,4,0.0257018236313703,0.0042866957693119,0.000839371106566764,0.00113188744766981,2.81341780369021e-07,0.000512057176086038,0.000196272472708418,0.00455954263181885,0.000243276224660238,0.0882532221667077,0.00486278049599759,0.0216869845874067,0.00149508685586569,0.0337867502484495,0.00177290900167136
2016-01-12,5,0.0189093689359391,0.00399149835154181,0.00116062137989849,0.00151343809980636,2.31182294650472e-07,8.58257529090913e-05,0.00014648763197226,0.00424540522332932,0.000199950021307598,0.100169647228129,0.00464151284649082,0.0296442264272303,0.0017110019981369,0.0315220519317809,0.00144045598065455
2016-01-12,6,0.0165087951524027,0.00462061470925731,0.00139513043504968,0.00193558777784157,1.8052030048137e-07,0.000112490220144091,0.000228413796250156,0.00446328218776601,0.000215987697599077,0.0905068040549509,0.00448783176089687,0.033750488836591,0.00208108568309566,0.0327497273776464,0.00152058937581858
2016-01-13,1,0.0174424437458815,0.00405630080803273,0.000675167180891493,0.00146942907059962,5.79751934517947e-07,0.000392250230004098,0.000470989076927551,0.00309865561825339,0.000180517607426187,0.0859085618585779,0.00466040919028637,0.019212640080836,0.00128463645576026,0.0436204571988987,0.00206539160269476
2016-01-13,2,0.0258705952979768,0.00363982606899492,0.000782311140416179,0.00124283251984822,3.5103330897966e-07,0.000331535313675162,0.000257058984990967,0.00341896182585572,0.000165115875973495,0.0691099798405826,0.00334949580351738,0.0208072466615696,0.00114338109654594,0.0382073131375788,0.00162135132310673
2016-01-13,3,0.0358698961225542,0.00468903537356743,0.000644750145886881,0.00133636717462841,2.73398487031583e-07,0.00035937586970053,9.36758869617123e-05,0.00493684277741648,0.00024130418789488,0.0913220995339079,0.00475804029438113,0.0228713863181417,0.00148615618091992,0.0466877028098242,0.0020991723704736
2016-01-13,4,0.0360822941668621,0.00469363225345144,0.000925110320603705,0.00120943908131417,2.81341780369021e-07,0.000512057176086038,0.000196272472708418,0.00501753474454942,0.00027270417438583,0.0956698796975679,0.0053918618584559,0.0235382761067566,0.00166083949868119,0.0355519271601665,0.00194096811820009
2016-01-13,5,0.0266712403434303,0.00433690217183966,0.00132219682622575,0.00158443730336137,2.31182294650472e-07,8.58257529090913e-05,0.00014648763197226,0.00462486298393752,0.000218546420195031,0.110565411024345,0.00511527729657245,0.0334848284065361,0.0019307334265202,0.0327210542643306,0.00152540184192908
2016-01-13,6,0.0234295977747181,0.00500814238834771,0.00162292923044709,0.00205833613839657,1.8052030048137e-07,0.000112490220144091,0.000228413796250156,0.00489720918948338,0.000238593515559379,0.0984868570578719,0.00492317593958001,0.0386176564182369,0.00239333803271865,0.0342556485716626,0.00162556858588412
2016-01-14,1,0.0141220579643945,0.00408700117544914,0.000710506126715855,0.00158477664296959,5.79751934517947e-07,0.000392250230004098,0.000470989076927551,0.00317287190572476,0.000191508243759851,0.0913729558216401,0.00504320001911078,0.0201988043950017,0.00137514848999157,0.0469993401183621,0.00225833541612242
2016-01-14,2,0.021336713742095,0.00372446709543613,0.000848184903466212,0.00134415846669919,3.5103330897966e-07,0.000331535313675162,0.000257058984990967,0.00355723935484756,0.00017302616601662,0.0712146574000458,0.00347010395498799,0.0221123322918821,0.00120564205893438,0.0405035672447782,0.00172548708061679
2016-01-14,3,0.0309936762989403,0.00511324620149175,0.000695656904430603,0.00145582836074945,2.73398487031583e-07,0.00035937586970053,9.36758869617123e-05,0.00537869649672047,0.000264452140322282,0.0978692010320361,0.00516035734402449,0.0245892998797686,0.00161697216018317,0.0506800348514727,0.00229887233745703
2016-01-14,4,0.0302621064934056,0.00499838212175631,0.00108012975260098,0.00137413858716863,2.81341780369021e-07,0.000512057176086038,0.000196272472708418,0.00547552685728,0.000302132124111423,0.103086537228428,0.00592094322091422,0.0253895676261064,0.00182659214149668,0.0373171040718834,0.00210902723472882
2016-01-14,5,0.022478353931943,0.00472039432858292,0.00147762661966812,0.00164670645716889,2.31182294650472e-07,8.58257529090913e-05,0.00014648763197226,0.00500432074454572,0.000237142819082464,0.120961174820561,0.00558904174665407,0.0373254303858419,0.0021504648549035,0.0339200565968804,0.00161034770320361
2016-01-14,6,0.0196775506135641,0.00549809393621776,0.00182788484948756,0.00214930538609704,1.8052030048137e-07,0.000112490220144091,0.000228413796250156,0.00533113619120075,0.000261199333519682,0.106466910060793,0.00535852011826315,0.0434848239998828,0.00270559038234164,0.0357615697656788,0.00173054779594966
2016-01-15,1,0.011814374387337,0.00420725348620223,0.000724951191446618,0.00165256261443997,5.79751934517947e-07,0.000392250230004098,0.000470989076927551,0.00324708819319613,0.000202498880093515,0.0968373497847023,0.00542599084793519,0.0211849687091675,0.00146566052422288,0.0503782230378255,0.00245127922955009
2016-01-15,2,0.018127258806612,0.00390572735664472,0.000890078674077347,0.00140744864297808,3.5103330897966e-07,0.000331535313675162,0.000257058984990967,0.0036955168838394,0.000180936456059746,0.073319334959509,0.0035907121064586,0.0234174179221945,0.00126790302132283,0.0427998213519776,0.00182962283812685
2016-01-15,3,0.0270525302707778,0.00558663091226943,0.000735590623242893,0.00155222096981649,2.73398487031583e-07,0.00035937586970053,9.36758869617123e-05,0.00582055021602446,0.000287600092749685,0.104416302530164,0.00556267439366785,0.0263072134413955,0.00174778813944641,0.0546723668931212,0.00249857230444046
2016-01-15,4,0.0276719697095969,0.00548651427579228,0.00104714717034337,0.00130037557392947,2.81341780369021e-07,0.000512057176086038,0.000196272472708418,0.00593351897001058,0.000331560073837015,0.110503194759288,0.00645002458337254,0.0272408591454563,0.00199234478431218,0.0390822809836003,0.00227708635125755
2016-01-15,5,0.0191382155695157,0.00513773487356774,0.00167403431365258,0.00175132985978012,2.31182294650472e-07,8.58257529090913e-05,0.00014648763197226,0.00538377850515391,0.000255739217969896,0.131356938616776,0.0060628061967357,0.0411660323651476,0.00237019628328679,0.0351190589294302,0.00169529356447814
2016-01-15,6,0.0173891258706618,0.0059569102548402,0.00193538498775668,0.0021328169926755,1.8052030048137e-07,0.000112490220144091,0.000228413796250156,0.00576506319291812,0.000283805151479984,0.114446963063714,0.00579386429694629,0.0483519915815287,0.00301784273196462,0.0372674909596949,0.00183552700601519
2016-01-16,1,0.0132759458045729,0.00433163930538479,0.000764536460078956,0.00177697096470329,5.79751934517947e-07,0.000392250230004098,0.000470989076927551,0.0033213044806675,0.000213489516427179,0.102301743747765,0.0058087816767596,0.0221711330233332,0.0015561725584542,0.0537571059572889,0.00264422304297775
2016-01-16,2,0.0205271879810628,0.00404168992342412,0.000955905394319066,0.00150855943153247,3.5103330897966e-07,0.000331535313675162,0.000257058984990967,0.00383379441283124,0.000188846746102871,0.0754240125189722,0.00371132025792921,0.024722503552507,0.00133016398371128,0.045096075459177,0.00193375859563691
2016-01-16,3,0.0318244566279489,0.00595734514219627,0.000804172567527916,0.00170923920278274,2.73398487031583e-07,0.00035937586970053,9.36758869617123e-05,0.00626240393532845,0.000310748045177087,0.110963404028293,0.00596499144331121,0.0280251270030223,0.00187860411870965,0.0586646989347697,0.00269827227142389
2016-01-16,4,0.0329006066926658,0.00591500072971905,0.00111205513140518,0.00135150451735009,2.81341780369021e-07,0.000512057176086038,0.000196272472708418,0.00639151108274116,0.000360988023562608,0.117919852290149,0.00697910594583086,0.0290921506648061,0.00215809742712768,0.0408474578953172,0.00244514546778628
2016-01-16,5,0.0239240438003116,0.00543409556673729,0.00164227294683622,0.00162514155967062,2.31182294650472e-07,8.58257529090913e-05,0.00014648763197226,0.00576323626576211,0.000274335616857329,0.141752702412992,0.00653657064681732,0.0450066343444534,0.00258992771167009,0.03631806126198,0.00178023942575266
2016-01-16,6,0.021290604526917,0.00637194094677869,0.00212462855772206,0.00221319389785994,1.8052030048137e-07,0.000112490220144091,0.000228413796250156,0.00619899019463548,0.000306410969440286,0.122427016066635,0.00622920847562942,0.0532191591631747,0.00333009508158761,0.0387734121537111,0.00194050621608073
2016-01-17,1,0.0165095986170793,0.00440052891418361,0.000809939988226977,0.001915617762714,5.79751934517947e-07,0.000392250230004098,0.000470989076927551,0.00339552076813887,0.000224480152760843,0.107766137710827,0.00619157250558401,0.023157297337499,0.00164668459268551,0.0571359888767523,0.00283716685640542
2016-01-17,2,0.0260890778826633,0.00419721885131414,0.00100401329444755,0.0015816660350575,3.5103330897966e-07,0.000331535313675162,0.000257058984990967,0.00397207194182307,0.000196757036145997,0.0775286900784353,0.00383192840939982,0.0260275891828194,0.00139242494609972,0.0473923295663764,0.00203789435314697
2016-01-17,3,0.0416502796749904,0.00630814091928341,0.000870631853631978,0.00186227295068583,2.73398487031583e-07,0.00035937586970053,9.36758869617123e-05,0.00670425765463244,0.00033389599760449,0.117510505526421,0.00636730849295457,0.0297430405646492,0.0020094200979729,0.0626570309764182,0.00289797223840732
2016-01-17,4,0.0430020415139884,0.00616310645504612,0.00116823165783179,0.00139251766491757,2.81341780369021e-07,0.000512057176086038,0.000196272472708418,0.00684950319547173,0.0003904159732882,0.125336509821009,0.00750818730828917,0.0309434421841559,0.00232385006994317,0.0426126348070342,0.00261320458431501
2016-01-17,5,0.031404106769038,0.00520886998123177,0.00175503999536975,0.00165301044647453,2.31182294650472e-07,8.58257529090913e-05,0.00014648763197226,0.0061426940263703,0.000292932015744761,0.152148466209207,0.00701033509689895,0.0488472363237591,0.00280965914005339,0.0375170635945297,0.00186518528702719
2016-01-17,6,0.0287303459453011,0.00681219791359829,0.00236965635176728,0.00234943895909718,1.8052030048137e-07,0.000112490220144091,0.000228413796250156,0.00663291719635285,0.000329016787400589,0.130407069069556,0.00666455265431256,0.0580863267448206,0.0036423474312106,0.0402793333477272,0.00204548542614626
2016-01-18,1,0.0205111923601252,0.00445166798566863,0.000865884398684516,0.00208044687906644,5.79751934517947e-07,0.000392250230004098,0.000470989076927551,0.00346973705561024,0.000235470789094507,0.113230531673889,0.00657436333440842,0.0241434616516647,0.00173719662691682,0.0605148717962157,0.00303011066983308
2016-01-18,2,0.0326983777323673,0.00431526410809851,0.00106655558291022,0.00167748709641273,3.5103330897966e-07,0.000331535313675162,0.000257058984990967,0.00411034947081491,0.000204667326189122,0.0796333676378985,0.00395253656087043,0.0273326748131319,0.00145468590848817,0.0496885836735758,0.00214203011065703
2016-01-18,3,0.053648459295261,0.0067009188634227,0.000946857841968644,0.0020367289115399,2.73398487031583e-07,0.00035937586970053,9.36758869617123e-05,0.00714611137393643,0.000357043950031892,0.124057607024549,0.00676962554259793,0.0314609541262761,0.00214023607723614,0.0666493630180667,0.00309767220539075
2016-01-18,4,0.0544660805273274,0.00677623265261396,0.00133130638009206,0.00155934339598438,2.81341780369021e-07,0.000512057176086038,0.000196272472708418,0.00730749530820231,0.000419843923013793,0.132753167351869,0.00803726867074749,0.0327947337035058,0.00248960271275867,0.0443778117187511,0.00278126370084374
2016-01-18,5,0.0390498774399027,0.00554851283409897,0.00202402925306707,0.00182388462866051,2.31182294650472e-07,8.58257529090913e-05,0.00014648763197226,0.0065221517869785,0.000311528414632194,0.162544230005423,0.00748409954698057,0.0526878383030649,0.00302939056843669,0.0387160659270795,0.00195013114830172
2016-01-18,6,0.0360642665197057,0.00723723309312429,0.00261048936760902,0.0024773968209186,1.8052030048137e-07,0.000112490220144091,0.000228413796250156,0.00706684419807022,0.000351622605360891,0.138387122072477,0.0070998968329957,0.0629534943264665,0.00395459978083359,0.0417852545417434,0.0021504646362118
2016-01-19,1,0.0224367801391331,0.0048591679881012,0.000935547293105345,0.00223479833383269,5.79751934517947e-07,0.000392250230004098,0.000470989076927551,0.00378368446211188,0.0002519593469611,0.11978150861381,0.00683688069865442,0.0261802998317418,0.00184753504115584,0.0652398675566746,0.00322150678053596
2016-01-19,2,0.0377209355036398,0.00499636633530253,0.00122945638453433,0.00187464780999268,3.5103330897966e-07,0.000331535313675162,0.000257058984990967,0.00473059019188498,0.000235791289174934,0.0915734246145559,0.00452691875351997,0.031599651144073,0.00172573749723408,0.0556913363124084,0.00238882515125354
2016-01-19,3,0.0618490048457476,0.00769146552429736,0.00128149019674591,0.00249969990938957,2.73398487031583e-07,0.00035937586970053,9.36758869617123e-05,0.00827814061574396,0.000405939144003117,0.145956037306075,0.00777108443041159,0.039709838923426,0.00263763559795279,0.0762862694266355,0.00349633926487385
2016-01-19,4,0.0653075028638966,0.00808469576720903,0.00181665526554395,0.00188958586421393,2.81341780369021e-07,0.000512057176086038,0.000196272472708418,0.00874603747058369,0.00049891039403543,0.160955880088519,0.00968007439455526,0.0440575265429256,0.00331946530716411,0.0529434506376029,0.00330855607721581
2016-01-19,5,0.0459402013327195,0.00683360655256454,0.0027670464593397,0.00233740150882629,2.31182294650472e-07,8.58257529090913e-05,0.00014648763197226,0.00793439752360522,0.000380430675175995,0.191326782051761,0.00888863646781625,0.0682071956688075,0.0039231492539619,0.0469837119093005,0.0023819040999053
2016-01-19,6,0.0417658573385387,0.00846111201201184,0.0033084880932881,0.00295313001998578,1.8052030048137e-07,0.000112490220144091,0.000228413796250156,0.00826189723625569,0.000408272954944489,0.162072291805025,0.00829841007631832,0.0789432281782511,0.00491967523961738,0.0492830341571595,0.00250478879884152
2016-01-20,1,0.0224366626682578,0.0048591679881012,0.000935547293105345,0.00223479833383269,5.79751934517947e-07,0.000392250230004098,0.000470989076927551,0.00409763186861352,0.000268447904827693,0.126332485553731,0.00709939806290042,0.028217138011819,0.00195787345539486,0.0699648633171336,0.00341290289123884
2016-01-20,2,0.0377205641554275,0.00499636633530253,0.00122945638453433,0.00187464780999268,3.5103330897966e-07,0.000331535313675162,0.000257058984990967,0.00535083091295505,0.000266915252160746,0.103513481591213,0.0051013009461695,0.035866627475014,0.00199678908597999,0.061694088951241,0.00263562019185005
2016-01-20,3,0.061847802134035,0.00769146552429736,0.00128149019674591,0.00249969990938957,2.73398487031583e-07,0.00035937586970053,9.36758869617123e-05,0.00941016985755148,0.000454834337974341,0.167854467587601,0.00877254331822524,0.0479587237205759,0.00313503511866943,0.0859231758352044,0.00389500632435696
2016-01-20,4,0.0653058690662782,0.00808469576720903,0.00181665526554395,0.00188958586421393,2.81341780369021e-07,0.000512057176086038,0.000196272472708418,0.0101845796329651,0.000577976865057066,0.189158592825168,0.011322880118363,0.0553203193823454,0.00414932790156956,0.0615090895564547,0.00383584845358788
2016-01-20,5,0.0459388927519822,0.00683360655256454,0.0027670464593397,0.00233740150882629,2.31182294650472e-07,8.58257529090913e-05,0.00014648763197226,0.00934664326023194,0.000449332935719795,0.220109334098098,0.0102931733886519,0.0837265530345501,0.00481690793948711,0.0552513578915214,0.00281367705150887
2016-01-20,6,0.0417646513469796,0.00846111201201184,0.0033084880932881,0.00295313001998578,1.8052030048137e-07,0.000112490220144091,0.000228413796250156,0.00945695027444116,0.000464923304528087,0.185757461537573,0.00949692331964094,0.0949329620300356,0.00588475069840117,0.0567808137725755,0.00285911296147124
2016-01-21,1,0.0224365451973825,0.0048591679881012,0.000935547293105345,0.00223479833383269,5.79751934517947e-07,0.000392250230004098,0.000470989076927551,0.00441157927511515,0.000284936462694286,0.132883462493653,0.00736191542714643,0.0302539761918962,0.00206821186963388,0.0746898590775925,0.00360429900194172
2016-01-21,2,0.0377201928072152,0.00499636633530253,0.00122945638453433,0.00187464780999268,3.5103330897966e-07,0.000331535313675162,0.000257058984990967,0.00597107163402512,0.000298039215146558,0.115453538567871,0.00567568313881904,0.0401336038059551,0.0022678406747259,0.0676968415900737,0.00288241523244657
2016-01-21,3,0.0618465994223223,0.00769146552429736,0.00128149019674591,0.00249969990938957,2.73398487031583e-07,0.00035937586970053,9.36758869617123e-05,0.010542199099359,0.000503729531945566,0.189752897869127,0.0097740022060389,0.0562076085177258,0.00363243463938608,0.0955600822437732,0.00429367338384006
2016-01-21,4,0.0653042352686598,0.00808469576720903,0.00181665526554395,0.00188958586421393,2.81341780369021e-07,0.000512057176086038,0.000196272472708418,0.0116231217953464,0.000657043336078703,0.217361305561818,0.0129656858421708,0.0665831122217653,0.004979190495975,0.0700747284753065,0.00436314082995994
2016-01-21,5,0.0459375841712448,0.00683360655256454,0.0027670464593397,0.00233740150882629,2.31182294650472e-07,8.58257529090913e-05,0.00014648763197226,0.0107588889968587,0.000518235196263596,0.248891886144436,0.0116977103094876,0.0992459104002927,0.00571066662501232,0.0635190038737423,0.00324545000311245
2016-01-21,6,0.0417634453554205,0.00846111201201184,0.0033084880932881,0.00295313001998578,1.8052030048137e-07,0.000112490220144091,0.000228413796250156,0.0106520033126266,0.000521573654111686,0.209442631270122,0.0106954365629636,0.11092269588182,0.00684982615718496,0.0642785933879916,0.00321343712410096
2016-01-22,1,0.00680945280433192,0.00613655777457283,0.00109716539130255,0.00258659828883228,5.79751934517947e-07,0.000392250230004098,0.000470989076927551,0.00472552668161679,0.000301425020560879,0.139434439433574,0.00762443279139243,0.0322908143719733,0.0021785502838729,0.0794148548380514,0.0037956951126446
2016-01-22,2,0.0134902815419251,0.00696053207373505,0.00162322880250984,0.00233108121041127,3.5103330897966e-07,0.000331535313675162,0.000257058984990967,0.00659131235509519,0.00032916317813237,0.127393595544528,0.00625006533146857,0.0444005801368962,0.00253889226347181,0.0736995942289063,0.00312921027304308
2016-01-22,3,0.0229752171572714,0.0116379491703433,0.00175871033923383,0.00291444111128338,2.73398487031583e-07,0.00035937586970053,9.36758869617123e-05,0.0116742283411665,0.00055262472591679,0.211651328150653,0.0107754610938526,0.0644564933148757,0.00412983416010273,0.105196988652342,0.00469234044332316
2016-01-22,4,0.0266767105978512,0.0120891793781341,0.00298893584275978,0.00261353506985714,2.81341780369021e-07,0.000512057176086038,0.000196272472708418,0.0130616639577278,0.00073610980710034,0.245564018298468,0.0146084915659786,0.0778459050611851,0.00580905309038044,0.0786403673941583,0.00489043320633201
2016-01-22,5,0.0179606041939626,0.0116304369993529,0.00443534383737219,0.00340220315306456,2.31182294650472e-07,8.58257529090913e-05,0.00014648763197226,0.0121711347334854,0.000587137456807396,0.277674438190773,0.0131022472303233,0.114765267766035,0.00660442531053753,0.0717866498559633,0.00367722295471603
2016-01-22,6,0.0128541982264349,0.0121860914658678,0.00498265632528553,0.00402910624510491,1.8052030048137e-07,0.000112490220144091,0.000228413796250156,0.0118470563508121,0.000578224003695284,0.23312780100267,0.0118939498062862,0.126912429733605,0.00781490161596875,0.0717763730034076,0.00356776128673068
2016-01-23,1,0.0228023085774137,0.00655961050344823,0.0011814103091572,0.00277582782384185,5.79751934517947e-07,0.000392250230004098,0.000470989076927551,0.00503947408811843,0.000317913578427472,0.145985416373495,0.00788695015563843,0.0343276525520504,0.00228888869811193,0.0841398505985104,0.00398709122334749
2016-01-23,2,0.0440884004015814,0.00763637863672401,0.0018011340921786,0.00255198916560151,3.5103330897966e-07,0.000331535313675162,0.000257058984990967,0.00721155307616526,0.000360287141118182,0.139333652521186,0.00682444752411811,0.0486675564678373,0.00280994385221771,0.0797023468677389,0.00337600531363959
2016-01-23,3,0.0737769717441103,0.0127114644375332,0.00197019845326635,0.00315964191615726,2.73398487031583e-07,0.00035937586970053,9.36758869617123e-05,0.0128062575829741,0.000601519919888015,0.233549758432179,0.0117769199816662,0.0727053781120255,0.00462723368081937,0.114833895060911,0.00509100750280627
2016-01-23,4,0.083381309637925,0.0135231256796763,0.00374256421343275,0.00317027939787235,2.81341780369021e-07,0.000512057176086038,0.000196272472708418,0.0145002061201092,0.000815176278121977,0.273766731035118,0.0162512972897863,0.0891086979006049,0.00663891568478588,0.0872060063130101,0.00541772558270408
2016-01-23,5,0.0632994175901365,0.0128634548789888,0.00511101889739233,0.00385122328549034,2.31182294650472e-07,8.58257529090913e-05,0.00014648763197226,0.0135833804701121,0.000656039717351197,0.306456990237111,0.014506784151159,0.130284625131778,0.00749818399606274,0.0800542958381842,0.00410899590631961
2016-01-23,6,0.0509788383746798,0.013290569523097,0.00575777308880054,0.00456686092519506,1.8052030048137e-07,0.000112490220144091,0.000228413796250156,0.0130421093889976,0.000634874353278882,0.256812970735218,0.0130924630496088,0.142902163585389,0.00877997707475255,0.0792741526188237,0.00392208544936041
2016-01-24,1,0.0127261744926545,0.00686185487612612,0.00123367791109806,0.00288993723727247,5.79751934517947e-07,0.000392250230004098,0.000470989076927551,0.00535342149462007,0.000334402136294064,0.152536393313416,0.00814946751988443,0.0363644907321276,0.00239922711235095,0.0888648463589693,0.00417848733405037
2016-01-24,2,0.0254471978755273,0.00816225340376422,0.00193008894202728,0.00270362288032352,3.5103330897966e-07,0.000331535313675162,0.000257058984990967,0.00783179379723532,0.000391411104103993,0.151273709497843,0.00739882971676764,0.0529345327987783,0.00308099544096362,0.0857050995065715,0.0036228003542361
2016-01-24,3,0.0429142501305625,0.0135688926697316,0.00209215800904881,0.00326622861004794,2.73398487031583e-07,0.00035937586970053,9.36758869617123e-05,0.0139382868247816,0.00065041511385924,0.255448188713704,0.0127783788694799,0.0809542629091754,0.00512463320153602,0.12447080146948,0.00548967456228937
2016-01-24,4,0.0490886047066751,0.0150308247321638,0.00406282885866845,0.00335549873781313,2.81341780369021e-07,0.000512057176086038,0.000196272472708418,0.0159387482824906,0.000894242749143613,0.301969443771767,0.0178941030135941,0.100371490740025,0.00746877827919133,0.0957716452318618,0.00594501795907615
2016-01-24,5,0.0352695050045738,0.0144224618024045,0.00566257391662989,0.00420642204107429,2.31182294650472e-07,8.58257529090913e-05,0.00014648763197226,0.0149956262067388,0.000724941977894998,0.335239542283449,0.0159113210719947,0.145803982497521,0.00839194268158796,0.0883219418204052,0.00454076885792318
2016-01-24,6,0.0261489183837982,0.0149582046254553,0.00629041559069028,0.00491164865249554,1.8052030048137e-07,0.000112490220144091,0.000228413796250156,0.014237162427183,0.00069152470286248,0.280498140467766,0.0142909762929314,0.158891897437174,0.00974505253353634,0.0867719322342397,0.00427640961199013
2016-01-25,1,0.0119697307731789,0.00729234442350287,0.00130438115707527,0.00304734142186778,5.79751934517947e-07,0.000392250230004098,0.000470989076927551,0.00566736890112171,0.000350890694160657,0.159087370253337,0.00841198488413043,0.0384013289122047,0.00250956552658997,0.0935898421194282,0.00436988344475325
2016-01-25,2,0.0245223321887919,0.00885407664281591,0.00208678684113372,0.00289453187377463,3.5103330897966e-07,0.000331535313675162,0.000257058984990967,0.00845203451830539,0.000422535067089805,0.163213766474501,0.00797321190941717,0.0572015091297194,0.00335204702970953,0.0917078521454041,0.00386959539483261
2016-01-25,3,0.0416594133128955,0.0148827888578238,0.00233511000448555,0.0035645543337254,2.73398487031583e-07,0.00035937586970053,9.36758869617123e-05,0.0150703160665891,0.000699310307830464,0.27734661899523,0.0137798377572935,0.0892031477063253,0.00562203272225267,0.134107707878048,0.00588834162177247
2016-01-25,4,0.0483771349800791,0.0163480317764344,0.00453678247615626,0.00367021810062022,2.81341780369021e-07,0.000512057176086038,0.000196272472708418,0.017377290444872,0.00097330922016525,0.330172156508417,0.0195369087374019,0.111634283579445,0.00829864087359677,0.104337284150714,0.00647231033544822
2016-01-25,5,0.0349253180105455,0.015687220111045,0.00623903043919615,0.00458089092118835,2.31182294650472e-07,8.58257529090913e-05,0.00014648763197226,0.0164078719433655,0.000793844238438798,0.364022094329786,0.0173158579928303,0.161323339863263,0.00928570136711317,0.0965895878026261,0.00497254180952676
2016-01-25,6,0.0255397395794422,0.0159622701695654,0.00691044423579989,0.00532603955004141,1.8052030048137e-07,0.000112490220144091,0.000228413796250156,0.0154322154653685,0.000748175052446078,0.304183310200314,0.015489489536254,0.174881631288958,0.0107101279923201,0.0942697118496558,0.00463073377461985
2016-01-26,1,0.0246132687276125,0.00770363327376225,0.00139408345794308,0.00324900602401588,5.79751934517947e-07,0.000392250230004098,0.000470989076927551,0.00598131630762334,0.00036737925202725,0.165638347193259,0.00867450224837644,0.0404381670922819,0.00261990394082899,0.0983148378798872,0.00456127955545613
2016-01-26,2,0.0508455135419799,0.00953204769010669,0.0022730086287871,0.0031260180739184,3.5103330897966e-07,0.000331535313675162,0.000257058984990967,0.00907227523937546,0.000453659030075617,0.175153823451158,0.00854759410206671,0.0614684854606605,0.00362309861845544,0.0977106047842368,0.00411639043542913
2016-01-26,3,0.0856878825452794,0.0161289176311003,0.00265684088908657,0.00397915229379368,2.73398487031583e-07,0.00035937586970053,9.36758869617123e-05,0.0162023453083966,0.000748205501801689,0.299245049276756,0.0147812966451072,0.0974520325034752,0.00611943224296932,0.143744614286617,0.00628700868125557
2016-01-26,4,0.099091367094102,0.0176414190744164,0.00514718676704103,0.00409294151445408,2.81341780369021e-07,0.000512057176086038,0.000196272472708418,0.0188158326072533,0.00105237569118689,0.358374869245067,0.0211797144612097,0.122897076418864,0.00912850346800221,0.112902923069565,0.00699960271182029
2016-01-26,5,0.0746624393470369,0.0168630742036794,0.00710673564748748,0.00516750809213757,2.31182294650472e-07,8.58257529090913e-05,0.00014648763197226,0.0178201176799923,0.000862746498982599,0.392804646376124,0.018720394913666,0.176842697229006,0.0101794600526384,0.104857233784847,0.00540431476113034
2016-01-26,6,0.0579641575839661,0.01695357256856,0.00779727388105955,0.00594403715444174,1.8052030048137e-07,0.000112490220144091,0.000228413796250156,0.016627268503554,0.000804825402029677,0.327868479932863,0.0166880027795767,0.190871365140743,0.0116752034511039,0.101767491465072,0.00498505793724957
2016-01-27,1,0.0164510591408706,0.00821765394243461,0.00142411837982806,0.00331170723311204,5.79751934517947e-07,0.000392250230004098,0.000470989076927551,0.00629526371412498,0.000383867809893843,0.17218932413318,0.00893701961262244,0.042475005272359,0.00273024235506801,0.103039833640346,0.00475267566615901
2016-01-27,2,0.0336704050406101,0.0102394837773662,0.00240168061210477,0.00327832072286357,3.5103330897966e-07,0.000331535313675162,0.000257058984990967,0.00969251596044553,0.000484782993061429,0.187093880427816,0.00912197629471624,0.0657354617916015,0.00389415020720135,0.103713357423069,0.00436318547602564
2016-01-27,3,0.0580989922505231,0.0167963411716444,0.00286003340221734,0.00421395334037319,2.73398487031583e-07,0.00035937586970053,9.36758869617123e-05,0.0173343745502042,0.000797100695772913,0.321143479558282,0.0157827555329208,0.105700917300625,0.00661683176368596,0.153381520695186,0.00668567574073868
2016-01-27,4,0.0685372128098156,0.0191264866563479,0.005494816007524,0.00430622180784309,2.81341780369021e-07,0.000512057176086038,0.000196272472708418,0.0202543747696347,0.00113144216220852,0.386577581981716,0.0228225201850174,0.134159869258284,0.00995836606240766,0.121468561988417,0.00752689508819235
2016-01-27,5,0.0494744925748556,0.0183250069543962,0.00751641363213804,0.00542062212127969,2.31182294650472e-07,8.58257529090913e-05,0.00014648763197226,0.019232363416619,0.000931648759526399,0.421587198422461,0.0201249318345017,0.192362054594748,0.0110732187381636,0.113124879767068,0.00583608771273391
2016-01-27,6,0.0377780992242358,0.0183249230789293,0.00808667840830392,0.006107225117443,1.8052030048137e-07,0.000112490220144091,0.000228413796250156,0.0178223215417394,0.000861475751613275,0.351553649665411,0.0178865160228993,0.206861098992527,0.0126402789098877,0.109265271080488,0.00533938209987929
2016-01-28,1,0.0333425258505443,0.00847960311685571,0.00152914367824554,0.00354881937989418,5.79751934517947e-07,0.000392250230004098,0.000470989076927551,0.00660921112062662,0.000400356367760436,0.178740301073101,0.00919953697686844,0.0445118434524362,0.00284058076930703,0.107764829400805,0.00494407177686189
2016-01-28,2,0.0712661022972839,0.0106654775752507,0.00262823681642695,0.00356387892313697,3.5103330897966e-07,0.000331535313675162,0.000257058984990967,0.0103127566815156,0.000515906956047241,0.199033937404473,0.00969635848736578,0.0700024381225426,0.00416520179594726,0.109716110061902,0.00460998051662215
2016-01-28,3,0.120723878298406,0.017457739312054,0.00318463828515663,0.00462602067355151,2.73398487031583e-07,0.00035937586970053,9.36758869617123e-05,0.0184664037920117,0.000845995889744138,0.343041909839808,0.0167842144207345,0.113949802097775,0.00711423128440261,0.163018427103755,0.00708434280022178
2016-01-28,4,0.139927977741793,0.0200930943627879,0.00617491691575027,0.0047792373423269,2.81341780369021e-07,0.000512057176086038,0.000196272472708418,0.0216929169320161,0.00121050863323016,0.414780294718366,0.0244653259088252,0.145422662097704,0.0107882286568131,0.130034200907269,0.00805418746456442
2016-01-28,5,0.105856533228552,0.0194202407395478,0.00851386748109057,0.00609681354913088,2.31182294650472e-07,8.58257529090913e-05,0.00014648763197226,0.0206446091532457,0.0010005510200702,0.450369750468799,0.0215294687553374,0.207881411960491,0.0119669774236888,0.121392525749289,0.00626786066433749
2016-01-28,6,0.0811036707108967,0.0193985978040821,0.0093317923088262,0.00699079670368622,1.8052030048137e-07,0.000112490220144091,0.000228413796250156,0.0190173745799249,0.000918126101196873,0.375238819397959,0.0190850292662219,0.222850832844312,0.0136053543686715,0.116763050695904,0.00569370626250901
2016-01-29,1,0.0291657294626068,0.00955602133177073,0.00169059363627427,0.00385259591349505,5.79751934517947e-07,0.000392250230004098,0.000470989076927551,0.00741578567783958,0.000440007617976289,0.192824147535943,0.00985295003489329,0.0497358643581624,0.0031372583571933,0.118236009030778,0.00524071295146117
2016-01-29,2,0.0681816214528828,0.0132335391440495,0.00321941405674345,0.0041424893718336,3.5103330897966e-07,0.000331535313675162,0.000257058984990967,0.012722035428538,0.000610432553117289,0.24503564056928,0.0113767103053011,0.0871122102828529,0.00505283359875373,0.129557449140914,0.00522709689489725
2016-01-29,3,0.111461399087565,0.0208343656945099,0.00407412898545455,0.00532746529060324,2.73398487031583e-07,0.00035937586970053,9.36758869617123e-05,0.0219273085128556,0.000980437094740074,0.417261253432803,0.0199068498649314,0.147607653081554,0.00892947844547787,0.19009486928823,0.00806689466435816
2016-01-29,4,0.132222494078493,0.0242368552479533,0.00797161704458119,0.00574646915078612,2.81341780369021e-07,0.000512057176086038,0.000196272472708418,0.0259656290971412,0.00132317485632066,0.503698827390531,0.0269858490239446,0.191054863784708,0.0125595561082727,0.159114871801704,0.00892875969633605
2016-01-29,5,0.0965103776597467,0.0223763803867867,0.00983622053257963,0.00682539969223941,2.31182294650472e-07,8.58257529090913e-05,0.00014648763197226,0.0235854374445916,0.00109731101758743,0.511381930897887,0.0234679870076328,0.24800406709297,0.0136229348185109,0.140332704905862,0.00693775629591325
2016-01-29,6,0.0715456816325543,0.0213126558175387,0.010150976260237,0.00730869461297127,1.8052030048137e-07,0.000112490220144091,0.000228413796250156,0.0207173036775688,0.000974467904925791,0.41290384740386,0.0205272100116801,0.251503624124065,0.0148889453882627,0.126650180962792,0.00601479820751295
2016-01-30,1,0.0351989873503904,0.0106479036332773,0.00187619550448745,0.00421181430669534,5.79751934517947e-07,0.000392250230004098,0.000470989076927551,0.00822236023505254,0.000479658868192142,0.206907993998784,0.0105063630929181,0.0549598852638885,0.00343393594507956,0.128707188660751,0.00553735412606044
2016-01-30,2,0.0887260132218728,0.0158544839256838,0.00387109001226109,0.00480089520757864,3.5103330897966e-07,0.000331535313675162,0.000257058984990967,0.0151313141755604,0.000704958150187337,0.291037343734088,0.0130570621232364,0.104221982443163,0.00594046540156019,0.149398788219926,0.00584421327317234
2016-01-30,3,0.141745759294989,0.0241853544140436,0.00504418906046434,0.00613624909585124,2.73398487031583e-07,0.00035937586970053,9.36758869617123e-05,0.0253882132336995,0.00111487829973601,0.491480597025797,0.0230294853091283,0.181265504065332,0.0107447256065531,0.217171311472706,0.00904944652849455
2016-01-30,4,0.166762929105461,0.0282963780051328,0.00988988701442013,0.00680656687168928,2.81341780369021e-07,0.000512057176086038,0.000196272472708418,0.0302383412622662,0.00143584107941115,0.592617360062696,0.0295063721390641,0.236687065471711,0.0143308835597323,0.188195542696139,0.00980333192810767
2016-01-30,5,0.115702753699067,0.0251047806997783,0.0116145199605046,0.00787334547380437,2.31182294650472e-07,8.58257529090913e-05,0.00014648763197226,0.0265262657359375,0.00119407101510467,0.572394111326976,0.0254065052599281,0.288126722225448,0.015278892213333,0.159272884062436,0.007607651927489
2016-01-30,6,0.0805004195540462,0.0228262745457069,0.0115857682857548,0.00807320627489889,1.8052030048137e-07,0.000112490220144091,0.000228413796250156,0.0224172327752127,0.00103080970865471,0.45056887540976,0.0219693907571384,0.280156415403818,0.0161725364078538,0.13653731122968,0.0063358901525169
2016-01-31,1,0.0469017764802309,0.0116794687229239,0.00206038403738126,0.00456744875162572,5.79751934517947e-07,0.000392250230004098,0.000470989076927551,0.00902893479226551,0.000519310118407995,0.220991840461626,0.011159776150943,0.0601839061696147,0.00373061353296583,0.139178368290725,0.00583399530065972
2016-01-31,2,0.123235238306446,0.0183684349089392,0.00449884743257651,0.00542914376585358,3.5103330897966e-07,0.000331535313675162,0.000257058984990967,0.0175405929225828,0.000799483747257385,0.337039046898895,0.0147374139411718,0.121331754603474,0.00682809720436666,0.169240127298938,0.00646132965144744
2016-01-31,3,0.194886595516668,0.0272540261493341,0.00592301560877816,0.0068346169309743,2.73398487031583e-07,0.00035937586970053,9.36758869617123e-05,0.0288491179545433,0.00124931950473194,0.565699940618792,0.0261521207533252,0.214923355049111,0.0125599727676284,0.244247753657181,0.0100319983926309
2016-01-31,4,0.230383902936254,0.0321147264155264,0.0119303687432642,0.00794744463003763,2.81341780369021e-07,0.000512057176086038,0.000196272472708418,0.0345110534273913,0.00154850730250165,0.681535892734861,0.0320268952541835,0.282319267158715,0.0161022110111919,0.217276213590573,0.0106779041598793
2016-01-31,5,0.158251933270592,0.0278599140412069,0.0132046148400076,0.00879146193698399,2.31182294650472e-07,8.58257529090913e-05,0.00014648763197226,0.0294670940272835,0.0012908310126219,0.633406291756064,0.0273450235122235,0.328249377357927,0.016934849608155,0.178213063219009,0.00827754755906476
2016-01-31,6,0.107991481930002,0.0244497503751963,0.0127643006919475,0.00865348010151635,1.8052030048137e-07,0.000112490220144091,0.000228413796250156,0.0241171618728567,0.00108715151238363,0.488233903415661,0.0234115715025966,0.308809206683571,0.017456127427445,0.146424441496568,0.00665698209752084
2016-02-01,1,0.0346968942938873,0.0128093214015948,0.00220351292147673,0.00483275482270935,5.79751934517947e-07,0.000392250230004098,0.000470989076927551,0.00983550934947847,0.000558961368623848,0.235075686924468,0.0118131892089678,0.0654079270753408,0.0040272911208521,0.149649547920698,0.006130636475259
2016-02-01,2,0.0954114069028717,0.0210958811582021,0.00502827207895843,0.00594158838988603,3.5103330897966e-07,0.000331535313675162,0.000257058984990967,0.0199498716696052,0.000894009344327433,0.383040750063702,0.0164177657591071,0.138441526763784,0.00771572900717313,0.18908146637795,0.00707844602972253
2016-02-01,3,0.146500142184577,0.0312014477674798,0.00672812633481691,0.00745656324274025,2.73398487031583e-07,0.00035937586970053,9.36758869617123e-05,0.0323100226753872,0.00138376070972788,0.639919284211787,0.0292747561975221,0.248581206032889,0.0143752199287037,0.271324195841656,0.0110145502567673
2016-02-01,4,0.174973772845197,0.0365796577432292,0.0135014055937348,0.00877881878685963,2.81341780369021e-07,0.000512057176086038,0.000196272472708418,0.0387837655925164,0.00166117352559215,0.770454425407026,0.0345474183693029,0.327951468845719,0.0178735384626515,0.246356884485008,0.0115524763916509
2016-02-01,5,0.116482759790624,0.03097239589099,0.0143424827620098,0.00941328804295531,2.31182294650472e-07,8.58257529090913e-05,0.00014648763197226,0.0324079223186294,0.00138759101013913,0.694418472185152,0.0292835417645189,0.368372032490405,0.0185908070029771,0.197153242375582,0.00894744319064051
2016-02-01,6,0.0758331458999142,0.026570021733515,0.0134272651271709,0.00889250785349873,1.8052030048137e-07,0.000112490220144091,0.000228413796250156,0.0258170909705006,0.00114349331611254,0.525898931421562,0.0248537522480548,0.337461997963324,0.0187397184470361,0.156311571763456,0.00697807404252478
2016-02-02,1,0.0597162666926441,0.013749761444927,0.00240088249739881,0.0052173673261443,5.79751934517947e-07,0.000392250230004098,0.000470989076927551,0.0106420839066914,0.000598612618839701,0.249159533387309,0.0124666022669927,0.070631947981067,0.00432396870873836,0.160120727550671,0.00642727764985827
2016-02-02,2,0.173188589506478,0.023313342732903,0.00583293625428015,0.00677798570670706,3.5103330897966e-07,0.000331535313675162,0.000257058984990967,0.0223591504166276,0.000988534941397481,0.429042453228509,0.0180981175770424,0.155551298924094,0.0086033608099796,0.208922805456962,0.00769556240799763
2016-02-02,3,0.264410647896442,0.0336610024425646,0.00766189862201132,0.0082251413583362,2.73398487031583e-07,0.00035937586970053,9.36758869617123e-05,0.0357709273962311,0.00151820191472382,0.714138627804782,0.032397391641719,0.282239057016668,0.0161904670897789,0.298400638026131,0.0119971021209037
2016-02-02,4,0.314183171053045,0.0398844494140001,0.0159042967873215,0.0101496652600964,2.81341780369021e-07,0.000512057176086038,0.000196272472708418,0.0430564777576415,0.00177383974868264,0.85937295807919,0.0370679414844224,0.373583670532722,0.0196448659141111,0.275437555379443,0.0124270486234225
2016-02-02,5,0.208567907031292,0.0334384431837831,0.0164894392829066,0.0106969695330361,2.31182294650472e-07,8.58257529090913e-05,0.00014648763197226,0.0353487506099753,0.00148435100765636,0.75543065261424,0.0312220600168142,0.408494687622884,0.0202467643977992,0.216093421532155,0.00961733882221627
2016-02-02,6,0.134515520399195,0.0283136043813014,0.0154998254095242,0.0100602227741079,1.8052030048137e-07,0.000112490220144091,0.000228413796250156,0.0275170200681445,0.00119983511984146,0.563563959427463,0.026295932993513,0.366114789243077,0.0200233094666273,0.166198702030344,0.00729916598752872
2016-02-03,1,0.056883154110546,0.0146219223214482,0.00259918624663573,0.00560325261784434,5.79751934517947e-07,0.000392250230004098,0.000470989076927551,0.0114486584639044,0.000638263869055554,0.263243379850151,0.0131200153250175,0.0758559688867932,0.00462064629662463,0.170591907180644,0.00672391882445755
2016-02-03,2,0.167996769021873,0.0254294198834447,0.0064870548142336,0.0074360500547738,3.5103330897966e-07,0.000331535313675162,0.000257058984990967,0.0247684291636499,0.00108306053846753,0.475044156393317,0.0197784693949778,0.172661071084404,0.00949099261278606,0.228764144535975,0.00831267878627272
2016-02-03,3,0.25316421127532,0.0367721385462157,0.00870227366330922,0.00910399702503941,2.73398487031583e-07,0.00035937586970053,9.36758869617123e-05,0.039231832117075,0.00165264311971975,0.788357971397776,0.0355200270859159,0.315896908000446,0.0180057142508542,0.325477080210607,0.0129796539850401
2016-02-03,4,0.300601771472193,0.0441656541148722,0.0177627720515738,0.0111683314459183,2.81341780369021e-07,0.000512057176086038,0.000196272472708418,0.0473291899227665,0.00188650597177314,0.948291490751355,0.0395884645995418,0.419215872219726,0.0214161933655708,0.304518226273878,0.0133016208551942
2016-02-03,5,0.193103626257736,0.0365288528747297,0.018334884120043,0.0117796341612255,2.31182294650472e-07,8.58257529090913e-05,0.00014648763197226,0.0382895789013212,0.0015811110051736,0.816442833043329,0.0331605782691096,0.448617342755362,0.0219027217926213,0.235033600688729,0.010287234453792
2016-02-03,6,0.117676494070907,0.0313559137426732,0.0174564843799335,0.0111329473477982,1.8052030048137e-07,0.000112490220144091,0.000228413796250156,0.0292169491657884,0.00125617692357038,0.601228987433363,0.0277381137389713,0.394767580522831,0.0213069004862184,0.176085832297232,0.00762025793253267
2016-02-04,1,0.0347003976123118,0.0157454985137036,0.00271078270777867,0.00580289989929192,5.79751934517947e-07,0.000392250230004098,0.000470989076927551,0.0122552330211174,0.000677915119271407,0.277327226312992,0.0137734283830424,0.0810799897925193,0.00491732388451089,0.181063086810617,0.00702055999905682
2016-02-04,2,0.101887334404081,0.0281250838692042,0.00691826719466818,0.00784114994890886,3.5103330897966e-07,0.000331535313675162,0.000257058984990967,0.0271777079106723,0.00117758613553758,0.521045859558124,0.0214588212129131,0.189770843244715,0.0103786244155925,0.248605483614987,0.00892979516454782
2016-02-04,3,0.15129995091112,0.0406611600129538,0.0094817881653646,0.00971011607714884,2.73398487031583e-07,0.00035937586970053,9.36758869617123e-05,0.0426927368379189,0.00178708432471569,0.862577314990771,0.0386426625301128,0.349554758984225,0.0198209614119294,0.352553522395082,0.0139622058491765
2016-02-04,4,0.18450201264951,0.0486501510603815,0.018958956164347,0.0117768724213747,2.81341780369021e-07,0.000512057176086038,0.000196272472708418,0.0516019020878916,0.00199917219486363,1.03721002342352,0.0421089877146613,0.464848073906729,0.0231875208170304,0.333598897168313,0.0141761930869658
2016-02-04,5,0.115021162114761,0.0395887277862609,0.0189689532613515,0.0120879903429456,2.31182294650472e-07,8.58257529090913e-05,0.00014648763197226,0.0412304071926671,0.00167787100269083,0.877455013472417,0.0350990965214049,0.488739997887841,0.0235586791874434,0.253973779845302,0.0109571300853678
2016-02-04,6,0.0664429065577209,0.0334052482745494,0.0177222562843891,0.0111292912886678,1.8052030048137e-07,0.000112490220144091,0.000228413796250156,0.0309168782634323,0.0013125187272993,0.638894015439264,0.0291802944844295,0.423420371802584,0.0225904915058096,0.18597296256412,0.00794134987753661
2016-02-05,1,0.0484741183816155,0.0169406898409715,0.00286036992107988,0.0060851577922594,5.79751934517947e-07,0.000392250230004098,0.000470989076927551,0.0130618075783303,0.00071756636948726,0.291411072775834,0.0144268414410672,0.0863040106982455,0.00521400147239716,0.19153426644059,0.0073172011736561
2016-02-05,2,0.144109173628992,0.0309831095590218,0.00745000857417976,0.00836366160100208,3.5103330897966e-07,0.000331535313675162,0.000257058984990967,0.0295869866576947,0.00127211173260763,0.567047562722931,0.0231391730308484,0.206880615405025,0.011266256218399,0.268446822693999,0.00954691154282291
2016-02-05,3,0.214630791807703,0.0437565545732233,0.0102865944230835,0.0103470522954498,2.73398487031583e-07,0.00035937586970053,9.36758869617123e-05,0.0461536415587628,0.00192152552971162,0.936796658583766,0.0417652979743097,0.383212609968003,0.0216362085730047,0.379629964579557,0.0149447577133128
2016-02-05,4,0.259677911221036,0.0525352968515004,0.0208457113432796,0.0128192560135618,2.81341780369021e-07,0.000512057176086038,0.000196272472708418,0.0558746142530167,0.00211183841795413,1.12612855609569,0.0446295108297807,0.510480275593733,0.02495884826849,0.362679568062748,0.0150507653187374
2016-02-05,5,0.160699251675357,0.0420787283654335,0.0209324218364151,0.0132465281404578,2.31182294650472e-07,8.58257529090913e-05,0.00014648763197226,0.044171235484013,0.00177463100020806,0.938467193901505,0.0370376147737003,0.528862653020319,0.0252146365822655,0.272913959001875,0.0116270257169435
2016-02-05,6,0.0923193881260561,0.0344122246550488,0.0198160367381292,0.0122750837785281,1.8052030048137e-07,0.000112490220144091,0.000228413796250156,0.0326168073610762,0.00136886053102822,0.676559043445165,0.0306224752298877,0.452073163082337,0.0238740825254007,0.195860092831008,0.00826244182254055
2016-02-06,1,0.0532197067351829,0.0179258554108325,0.00307236862334044,0.00650004576718642,5.79751934517947e-07,0.000392250230004098,0.000470989076927551,0.0138683821355433,0.000757217619703113,0.305494919238676,0.0150802544990921,0.0915280316039717,0.00551067906028343,0.202005446070564,0.00761384234825538
2016-02-06,2,0.158724458839294,0.0332826151042782,0.00825735012265848,0.00919473757921465,3.5103330897966e-07,0.000331535313675162,0.000257058984990967,0.0319962654047171,0.00136663732967767,0.613049265887738,0.0248195248487837,0.223990387565335,0.0121538880212055,0.288288161773011,0.010164027921098
2016-02-06,3,0.232993307798149,0.0471224996585725,0.0113590263856332,0.0112524044521348,2.73398487031583e-07,0.00035937586970053,9.36758869617123e-05,0.0496145462796066,0.00205596673470756,1.01101600217676,0.0448879334185066,0.416870460951782,0.02345145573408,0.406706406764032,0.0159273095774492
2016-02-06,4,0.28119324430455,0.0565491563039821,0.0229913824915002,0.0140192500084807,2.81341780369021e-07,0.000512057176086038,0.000196272472708418,0.0601473264181418,0.00222450464104463,1.21504708876785,0.0471500339449001,0.556112477280737,0.0267301757199496,0.391760238957182,0.015925337550509
2016-02-06,5,0.176982680883183,0.0450102009134399,0.0223992089394598,0.0140895532183534,2.31182294650472e-07,8.58257529090913e-05,0.00014648763197226,0.047112063775359,0.00187139099772529,0.999479374330594,0.0389761330259957,0.568985308152798,0.0268705939770875,0.291854138158448,0.0122969213485193
2016-02-06,6,0.103202911547812,0.0367106623834906,0.0206497792984169,0.0126363679368174,1.8052030048137e-07,0.000112490220144091,0.000228413796250156,0.0343167364587202,0.00142520233475713,0.714224071451066,0.0320646559753459,0.48072595436209,0.0251576735449919,0.205747223097896,0.00858353376754449
2016-02-07,1,0.070561112219381,0.0188856418558439,0.00328087710179984,0.00690677127302515,5.79751934517947e-07,0.000392250230004098,0.000470989076927551,0.0146749566927562,0.000796868869918966,0.319578765701517,0.0157336675571169,0.0967520525096978,0.00580735664816969,0.212476625700537,0.00791048352285465
2016-02-07,2,0.208505759362577,0.0356314660664054,0.00900280688287778,0.00995439633165424,3.5103330897966e-07,0.000331535313675162,0.000257058984990967,0.0344055441517395,0.00146116292674772,0.659050969052546,0.0264998766667191,0.241100159725646,0.0130415198240119,0.308129500852023,0.0107811442993731
2016-02-07,3,0.305000825398114,0.0497571167961185,0.0122508391433135,0.0119767907112014,2.73398487031583e-07,0.00035937586970053,9.36758869617123e-05,0.0530754510004505,0.00219040793970349,1.08523534576976,0.0480105688627035,0.45052831193556,0.0252667028951552,0.433782848948508,0.0169098614415856
2016-02-07,4,0.361576641094898,0.0598868735495577,0.0253043490377119,0.0153180272988104,2.81341780369021e-07,0.000512057176086038,0.000196272472708418,0.0644200385832668,0.00233717086413512,1.30396562144002,0.0496705570600196,0.60174467896774,0.0285015031714092,0.420840909851617,0.0167999097822807
2016-02-07,5,0.226756266469519,0.047474120100064,0.0246498320089625,0.0154238393777605,2.31182294650472e-07,8.58257529090913e-05,0.00014648763197226,0.0500528920667049,0.00196815099524253,1.06049155475968,0.040914651278291,0.609107963285276,0.0285265513719096,0.310794317315022,0.012966816980095
2016-02-07,6,0.131030964786885,0.0385785034686002,0.02237893357467,0.0135452478098073,1.8052030048137e-07,0.000112490220144091,0.000228413796250156,0.0360166655563641,0.00148154413848605,0.751889099456966,0.0335068367208042,0.509378745641843,0.026441264564583,0.215634353364784,0.00890462571254844
2016-02-08,1,0.092795551361747,0.0197980494276377,0.00350595872677856,0.00734760587838289,5.79751934517947e-07,0.000392250230004098,0.000470989076927551,0.0154815312499692,0.000836520120134819,0.333662612164359,0.0163870806151418,0.101976073415424,0.00610403423605596,0.22294780533051,0.00820712469745393
2016-02-08,2,0.269731880539879,0.0378103885461716,0.00981939621219809,0.0107906668540969,3.5103330897966e-07,0.000331535313675162,0.000257058984990967,0.0368148228987619,0.00155568852381777,0.705052672217353,0.0281802284846544,0.258209931885956,0.0139291516268184,0.327970839931035,0.0113982606776482
2016-02-08,3,0.394493813436022,0.0527780628901022,0.0134410459785979,0.0129901263237069,2.73398487031583e-07,0.00035937586970053,9.36758869617123e-05,0.0565363557212944,0.00232484914469943,1.15945468936275,0.0511332043069004,0.484186162919339,0.0270819500562305,0.460859291132983,0.017892413305722
2016-02-08,4,0.46428666155377,0.0633203674691327,0.0277667147083545,0.0167034474378171,2.81341780369021e-07,0.000512057176086038,0.000196272472708418,0.0686927507483919,0.00244983708722562,1.39288415411218,0.052191080175139,0.647376880654744,0.0302728306228688,0.449921580746052,0.0176744820140523
2016-02-08,5,0.291900972031859,0.0501872506616777,0.0264044055658166,0.0164452895445783,2.31182294650472e-07,8.58257529090913e-05,0.00014648763197226,0.0529937203580508,0.00206491099275976,1.12150373518877,0.0428531695305864,0.649230618417755,0.0301825087667317,0.329734496471595,0.0136367126116708
2016-02-08,6,0.164887091496021,0.040320390103939,0.0243245738344299,0.0145779301116541,1.8052030048137e-07,0.000112490220144091,0.000228413796250156,0.037716594654008,0.00153788594221497,0.789554127462867,0.0349490174662624,0.538031536921596,0.0277248555841742,0.225521483631672,0.00922571765755238
2016-02-09,1,0.0808258622873265,0.0223652222647248,0.00392289844064155,0.00777552351108522,5.79751934517947e-07,0.000392250230004098,0.000470989076927551,0.0173636431839834,0.00114559864395315,0.366454323548208,0.0221029074721012,0.115776901927703,0.00869833358415706,0.239392400937976,0.010116671447961
2016-02-09,2,0.229955838420097,0.041972739914649,0.0108055516434,0.011396311465608,3.5103330897966e-07,0.000331535313675162,0.000257058984990967,0.040521980131594,0.00185582014490445,0.772280273926489,0.0341497503997491,0.290208791676851,0.0161222341646929,0.353774658444317,0.0135003826634564
2016-02-09,3,0.328289314259919,0.0584536024655685,0.0151203801668265,0.0139945080508205,2.73398487031583e-07,0.00035937586970053,9.36758869617123e-05,0.0613700630144542,0.00238438495461599,1.26793871305229,0.053135103489834,0.545616696404554,0.0280733525284833,0.497345557657732,0.01816542695753
2016-02-09,4,0.39314415026144,0.0696943360005964,0.0306949629142621,0.0182557725039877,2.81341780369021e-07,0.000512057176086038,0.000196272472708418,0.0749791188414688,0.0028689902916346,1.53025005266337,0.0618245008103641,0.728054946309232,0.036143110748816,0.500259427034575,0.0222383570866814
2016-02-09,5,0.244066445222754,0.0539916549979196,0.027465235045551,0.016964310028961,2.31182294650472e-07,8.58257529090913e-05,0.00014648763197226,0.0563854993175004,0.00279183898124557,1.19841594959849,0.0600419523104274,0.704063516484673,0.0433255948180091,0.354621435208482,0.0193781287100177
2016-02-09,6,0.141794931105618,0.043099093543914,0.0252293118819227,0.0145749848066568,1.8052030048137e-07,0.000112490220144091,0.000228413796250156,0.0400361869736338,0.0018971611944142,0.852116542341734,0.0439423909620478,0.585555963730697,0.0357906391776489,0.236592338712531,0.011295254844549
2016-02-10,1,0.116580315112551,0.0246177344963626,0.00446237468308155,0.00844565136063189,5.79751934517947e-07,0.000392250230004098,0.000470989076927551,0.0192457551179975,0.00145467716777149,0.399246034932057,0.0278187343290607,0.129577730439982,0.0112926329322582,0.255836996545442,0.0120262181984681
2016-02-10,2,0.312442979001697,0.0454491420119486,0.0122402509001017,0.012475479904633,3.5103330897966e-07,0.000331535313675162,0.000257058984990967,0.0442291373644262,0.00215595176599114,0.839507875635624,0.0401192723148438,0.322207651467746,0.0183153167025675,0.379578476957598,0.0156025046492646
2016-02-10,3,0.445279038158202,0.0620492630602201,0.0170707767239321,0.0152426190312821,2.73398487031583e-07,0.00035937586970053,9.36758869617123e-05,0.0662037703076139,0.00244392076453254,1.37642273674183,0.0551370026727675,0.607047229889769,0.0290647550007361,0.533831824182482,0.0184384406093379
2016-02-10,4,0.526823361465548,0.0750809304037075,0.0346395897341358,0.0204128480335592,2.81341780369021e-07,0.000512057176086038,0.000196272472708418,0.0812654869345457,0.00328814349604357,1.66761595121456,0.0714579214455892,0.808733011963719,0.0420133908747632,0.550597273323099,0.0268022321593105
2016-02-10,5,0.31990334177488,0.056573912398034,0.0306593258933243,0.0188018767710289,2.31182294650472e-07,8.58257529090913e-05,0.00014648763197226,0.0597772782769501,0.00351876696973138,1.27532816400821,0.0772307350902683,0.758896414551592,0.0564686808692866,0.379508373945368,0.0251195448083646
2016-02-10,6,0.183017193644914,0.0450473820221538,0.0283502279745089,0.0158573130351302,1.8052030048137e-07,0.000112490220144091,0.000228413796250156,0.0423557792932596,0.00225643644661343,0.914678957220602,0.0529357644578331,0.633080390539799,0.0438564227711236,0.247663193793391,0.0133647920315456
2016-02-11,1,0.101353728481461,0.0265385927554161,0.00469769182490906,0.00855170539490973,5.79751934517947e-07,0.000392250230004098,0.000470989076927551,0.0211278670520117,0.00176375569158982,0.432037746315906,0.0335345611860201,0.143378558952261,0.0138869322803593,0.272281592152908,0.0139357649489752
2016-02-11,2,0.266466771916768,0.0486349622620679,0.0131883703619239,0.0130587191965283,3.5103330897966e-07,0.000331535313675162,0.000257058984990967,0.0479362945972583,0.00245608338707782,0.90673547734476,0.0460887942299385,0.354206511258641,0.020508399240442,0.40538229547088,0.0177046266350729
2016-02-11,3,0.372959978105765,0.0662678820767966,0.0187530418250333,0.0162452440113569,2.73398487031583e-07,0.00035937586970053,9.36758869617123e-05,0.0710374776007737,0.0025034565744491,1.48490676043137,0.0571389018557011,0.668477763374984,0.0300561574729888,0.570318090707231,0.0187114542611459
2016-02-11,4,0.443773079090461,0.080137998369871,0.0369094917732156,0.0215856481667425,2.81341780369021e-07,0.000512057176086038,0.000196272472708418,0.0875518550276226,0.00370729670045255,1.80498184976575,0.0810913420808143,0.889411077618207,0.0478836710007103,0.600935119611622,0.0313661072319396
2016-02-11,5,0.262149613358137,0.0599615698479441,0.0321379262147946,0.0195859093318091,2.31182294650472e-07,8.58257529090913e-05,0.00014648763197226,0.0631690572363997,0.0042456949582172,1.35224037841793,0.0944195178701093,0.813729312618511,0.069611766920564,0.404395312682255,0.0308609609067115
2016-02-11,6,0.15239891153615,0.0487493132224664,0.0295759456903107,0.0160756167012616,1.8052030048137e-07,0.000112490220144091,0.000228413796250156,0.0446753716128854,0.00261571169881265,0.977241372099469,0.0619291379536185,0.6806048173489,0.0519222063645982,0.25873404887425,0.0154343292185422
2016-02-12,1,0.132067862127606,0.0285230196227399,0.00527136153145326,0.00928212740666523,5.79751934517947e-07,0.000392250230004098,0.000470989076927551,0.0230099789860258,0.00207283421540815,0.464829457699755,0.0392503880429796,0.15717938746454,0.0164812316284604,0.288726187760374,0.0158453116994822
2016-02-12,2,0.332132736937709,0.0521159072813348,0.0145542004426761,0.0140584040201953,3.5103330897966e-07,0.000331535313675162,0.000257058984990967,0.0516434518300905,0.0027562150081645,0.973963079053896,0.0520583161450332,0.386205371049536,0.0227014817783165,0.431186113984161,0.0198067486208811
2016-02-12,3,0.460018297607859,0.0717674389700098,0.0213180140618676,0.0179949841686247,2.73398487031583e-07,0.00035937586970053,9.36758869617123e-05,0.0758711848939334,0.00256299238436566,1.59339078412091,0.0591408010386346,0.729908296860199,0.0310475599452416,0.606804357231981,0.0189844679129539
2016-02-12,4,0.548329197131531,0.0849261387450411,0.0410675018569229,0.0238644631977314,2.81341780369021e-07,0.000512057176086038,0.000196272472708418,0.0938382231206995,0.00412644990486152,1.94234774831694,0.0907247627160394,0.970089143272694,0.0537539511266575,0.651272965900146,0.0359299823045687
2016-02-12,5,0.323473144322839,0.0622186345940832,0.0346296231577212,0.0209888916874266,2.31182294650472e-07,8.58257529090913e-05,0.00014648763197226,0.0665608361958494,0.00497262294670301,1.42915259282765,0.11160830064995,0.868562210685429,0.0827548529718414,0.429282251419142,0.0366023770050584
2016-02-12,6,0.18585336884983,0.0503227967250985,0.0323173363739173,0.017121718796632,1.8052030048137e-07,0.000112490220144091,0.000228413796250156,0.0469949639325112,0.00297498695101188,1.03980378697834,0.0709225114494038,0.728129244158002,0.0599879899580729,0.26980490395511,0.0175038664055389
2016-02-13,1,0.144149282949771,0.0310331211305352,0.00579221928246895,0.00991005863161557,5.79751934517947e-07,0.000392250230004098,0.000470989076927551,0.02489209092004,0.00238191273922648,0.497621169083604,0.044966214899939,0.170980215976819,0.0190755309765615,0.30517078336784,0.0177548584499893
2016-02-13,2,0.350730041726521,0.056190113103527,0.0159774574774022,0.0151052213019849,3.5103330897966e-07,0.000331535313675162,0.000257058984990967,0.0553506090629226,0.00305634662925119,1.04119068076303,0.0580278380601279,0.418204230840431,0.024894564316191,0.456989932497443,0.0219088706066893
2016-02-13,3,0.481939488106071,0.0769090227345385,0.0233425673305047,0.0192671597874105,2.73398487031583e-07,0.00035937586970053,9.36758869617123e-05,0.0807048921870932,0.00262252819428222,1.70187480781044,0.0611427002215682,0.791338830345415,0.0320389624174944,0.64329062375673,0.0192574815647618
2016-02-13,4,0.573682373618616,0.0917317428635792,0.0449495305415999,0.0259786691784522,2.81341780369021e-07,0.000512057176086038,0.000196272472708418,0.100124591213776,0.0045456031092705,2.07971364686813,0.100358183351265,1.05076720892718,0.0596242312526047,0.701610812188669,0.0404938573771978
2016-02-13,5,0.334544893960542,0.0663286525747308,0.0371501149408611,0.0224073242795813,2.31182294650472e-07,8.58257529090913e-05,0.00014648763197226,0.069952615155299,0.00569955093518882,1.50606480723737,0.128797083429791,0.923395108752348,0.0958979390231189,0.454169190156029,0.0423437931034052
2016-02-13,6,0.191884958016849,0.0527087608900647,0.0346268211999429,0.0179279019240862,1.8052030048137e-07,0.000112490220144091,0.000228413796250156,0.049314556252137,0.00333426220321111,1.1023662018572,0.0799158849451892,0.775653670967103,0.0680537735515476,0.280875759035969,0.0195734035925355
2016-02-14,1,0.140428174702147,0.0333973921248155,0.00625718808799206,0.0104398134312544,5.79751934517947e-07,0.000392250230004098,0.000470989076927551,0.0267742028540541,0.00269099126304482,0.530412880467454,0.0506820417568984,0.184781044489098,0.0216698303246626,0.321615378975306,0.0196644052004964
2016-02-14,2,0.333684105214109,0.0598368365782164,0.0172932441251145,0.0160446723203414,3.5103330897966e-07,0.000331535313675162,0.000257058984990967,0.0590577662957547,0.00335647825033787,1.10841828247217,0.0639973599752227,0.450203090631326,0.0270876468540656,0.482793751010725,0.0240109925924975
2016-02-14,3,0.454484810592034,0.0812298772162306,0.0254659221632497,0.0206119247395854,2.73398487031583e-07,0.00035937586970053,9.36758869617123e-05,0.085538599480253,0.00268206400419877,1.81035883149998,0.0631445994045018,0.85276936383063,0.0330303648897472,0.679776890281479,0.0195304952165698
2016-02-14,4,0.541367953292364,0.097250271483159,0.0482717427315665,0.0277683191147947,2.81341780369021e-07,0.000512057176086038,0.000196272472708418,0.106410959306853,0.00496475631367948,2.21707954541932,0.10999160398649,1.13144527458167,0.0654945113785519,0.751948658477192,0.0450577324498269
2016-02-14,5,0.312158960274004,0.0696014720436598,0.0391446893658304,0.023508174036334,2.31182294650472e-07,8.58257529090913e-05,0.00014648763197226,0.0733443941147486,0.00642647892367463,1.58297702164709,0.145985866209632,0.978228006819266,0.109041025074396,0.479056128892915,0.0480852092017521
2016-02-14,6,0.178119031151502,0.0551740860094879,0.0362892363729849,0.0184016981333963,1.8052030048137e-07,0.000112490220144091,0.000228413796250156,0.0516341485717629,0.00369353745541034,1.16492861673607,0.0889092584409746,0.823178097776204,0.0761195571450223,0.291946614116828,0.0216429407795321
2016-02-15,1,0.163384030359312,0.0358143445460021,0.00671783253771464,0.0109626983222775,5.79751934517947e-07,0.000392250230004098,0.000470989076927551,0.0286563147880683,0.00300006978686315,0.563204591851303,0.0563978686138579,0.198581873001377,0.0242641296727637,0.338059974582772,0.0215739519510035
2016-02-15,2,0.369636086636551,0.0637998302472457,0.0183722815021693,0.0167652340334399,3.5103330897966e-07,0.000331535313675162,0.000257058984990967,0.0627649235285869,0.00365660987142455,1.1756458841813,0.0699668818903174,0.482201950422221,0.0292807293919401,0.508597569524006,0.0261131145783057
2016-02-15,3,0.503045547226983,0.0881898614111794,0.0278548119336369,0.0221592985698692,2.73398487031583e-07,0.00035937586970053,9.36758869617123e-05,0.0903723067734127,0.00274159981411533,1.91884285518952,0.0651464985874353,0.914199897315845,0.034021767362,0.716263156806229,0.0198035088683778
2016-02-15,4,0.597343463697647,0.102999003931771,0.0512584812912585,0.0293663780324007,2.81341780369021e-07,0.000512057176086038,0.000196272472708418,0.11269732739993,0.00538390951808845,2.35444544397051,0.119625024621715,1.21212334023616,0.0713647915044991,0.802286504765716,0.049621607522456
2016-02-15,5,0.341758332987066,0.0724904972070647,0.0412783083367822,0.0246931888390724,2.31182294650472e-07,8.58257529090913e-05,0.00014648763197226,0.0767361730741983,0.00715340691216044,1.65988923605681,0.163174648989473,1.03306090488618,0.122184111125674,0.503943067629802,0.053826625300099
2016-02-15,6,0.19849792806006,0.0575452608051859,0.0385476236586737,0.0191807643487627,1.8052030048137e-07,0.000112490220144091,0.000228413796250156,0.0539537408913887,0.00405281270760957,1.22749103161494,0.0979026319367599,0.870702524585306,0.084185340738497,0.303017469197688,0.0237124779665287
2016-02-16,1,0.156392230903932,0.0378468502120207,0.00710277429804475,0.0113648798792976,5.79751934517947e-07,0.000392250230004098,0.000470989076927551,0.0305384267220824,0.00330914831068148,0.595996303235152,0.0621136954708173,0.212382701513656,0.0268584290208648,0.354504570190238,0.0234834987015105
2016-02-16,2,0.342267229946843,0.0672003472821421,0.0193336464555068,0.0173840036677836,3.5103330897966e-07,0.000331535313675162,0.000257058984990967,0.066472080761419,0.00395674149251123,1.24287348589044,0.0759364038054121,0.514200810213116,0.0314738119298146,0.534401388037288,0.028215236564114
2016-02-16,3,0.466724388963649,0.0907268631546789,0.0284012623821616,0.0222498491999996,2.73398487031583e-07,0.00035937586970053,9.36758869617123e-05,0.0952060140665725,0.00280113562403189,2.02732687887906,0.0671483977703689,0.97563043080106,0.0350131698342527,0.752749423330978,0.0200765225201858
2016-02-16,4,0.548813735124323,0.110244953781994,0.0547461065148897,0.03125223863517,2.81341780369021e-07,0.000512057176086038,0.000196272472708418,0.118983695493007,0.00580306272249743,2.4918113425217,0.12925844525694,1.29280140589064,0.0772350716304462,0.852624351054239,0.0541854825950851
2016-02-16,5,0.310027839078571,0.0775432134458015,0.0431011249708193,0.0256931841937044,2.31182294650472e-07,8.58257529090913e-05,0.00014648763197226,0.0801279520336479,0.00788033490064626,1.73680145046653,0.180363431769314,1.0878938029531,0.135327197176951,0.528830006366689,0.0595680413984459
2016-02-16,6,0.179128935965245,0.0617731928378142,0.0397673069980938,0.0194490492072779,1.8052030048137e-07,0.000112490220144091,0.000228413796250156,0.0562733332110145,0.00441208795980879,1.29005344649381,0.106896005432545,0.918226951394407,0.0922511243319716,0.314088324278547,0.0257820151535254
2016-02-17,1,0.174393861750502,0.040251592509064,0.00754161810305699,0.0118563795940379,5.79751934517947e-07,0.000392250230004098,0.000470989076927551,0.0324205386560966,0.00361822683449982,0.628788014619001,0.0678295223277768,0.226183530025935,0.0294527283689659,0.370949165797704,0.0253930454520176
2016-02-17,2,0.37915622519513,0.0691073021353689,0.0213881626863089,0.0189788720414843,3.5103330897966e-07,0.000331535313675162,0.000257058984990967,0.0701792379942512,0.00425687311359792,1.31010108759957,0.0819059257205068,0.546199670004011,0.0336668944676892,0.560205206550569,0.0303173585499222
2016-02-17,3,0.50858195493625,0.0944486581241888,0.029705426797109,0.0229542210464344,2.73398487031583e-07,0.00035937586970053,9.36758869617123e-05,0.100039721359732,0.00286067143394844,2.1358109025686,0.0691502969533024,1.03706096428627,0.0360045723065055,0.789235689855728,0.0203495361719937
2016-02-17,4,0.601078106367179,0.114955517709107,0.0578818909926243,0.032937610132812,2.81341780369021e-07,0.000512057176086038,0.000196272472708418,0.125270063586084,0.0062222159269064,2.62917724107289,0.138891865892165,1.37347947154513,0.0831053517563934,0.902962197342763,0.0587493576677142
2016-02-17,5,0.338988928272006,0.079808887521559,0.0454716197687896,0.0270200159879269,2.31182294650472e-07,8.58257529090913e-05,0.00014648763197226,0.0835197309930976,0.00860726288913207,1.81371366487625,0.197552214549155,1.14272670102002,0.148470283228229,0.553716945103575,0.0653094574967928
2016-02-17,6,0.20585373226288,0.0635201266393847,0.040926915961947,0.0197019919997099,1.8052030048137e-07,0.000112490220144091,0.000228413796250156,0.0585929255306403,0.00477136321200802,1.35261586137267,0.115889378928331,0.965751378203509,0.100316907925446,0.325159179359407,0.027851552340522
2016-02-18,1,0.19587088559711,0.0429215520321772,0.00809017959152394,0.0125187793871219,5.79751934517947e-07,0.000392250230004098,0.000470989076927551,0.0343026505901107,0.00392730535831815,0.66157972600285,0.0735453491847362,0.239984358538214,0.032047027717067,0.38739376140517,0.0273025922025247
2016-02-18,2,0.403361722226338,0.0744239090383377,0.0220918320459914,0.0193713668531857,3.5103330897966e-07,0.000331535313675162,0.000257058984990967,0.0738863952270833,0.0045570047346846,1.37732868930871,0.0878754476356015,0.578198529794906,0.0358599770055637,0.586009025063851,0.0324194805357304
2016-02-18,3,0.547495319211925,0.100409056326215,0.0317686889952098,0.024247153415379,2.73398487031583e-07,0.00035937586970053,9.36758869617123e-05,0.104873428652892,0.002920207243865,2.24429492625814,0.071152196136236,1.09849149777149,0.0369959747787583,0.825721956380477,0.0206225498238017
2016-02-18,4,0.643229221478389,0.1208037107304,0.0611480240627075,0.0346978495456633,2.81341780369021e-07,0.000512057176086038,0.000196272472708418,0.131556431679161,0.00664136913131538,2.76654313962408,0.14852528652739,1.45415753719962,0.0889756318823406,0.953300043631286,0.0633132327403433
2016-02-18,5,0.36150364597323,0.0826766769373327,0.0479673138041282,0.0284203449408057,2.31182294650472e-07,8.58257529090913e-05,0.00014648763197226,0.0869115099525472,0.00933419087761788,1.89062587928597,0.214740997328996,1.19755959908694,0.161613369279506,0.578603883840462,0.0710508735951397
2016-02-18,6,0.220276219599397,0.0651923127214692,0.0431744551385426,0.0204835928258235,1.8052030048137e-07,0.000112490220144091,0.000228413796250156,0.0609125178502661,0.00513063846420725,1.41517827625154,0.124882752424116,1.01327580501261,0.108382691518921,0.336230034440266,0.0299210895275186
2016-02-19,1,0.21368475026525,0.0450710077476279,0.00876920633806473,0.0129187172805429,5.79751934517947e-07,0.000392250230004098,0.000470989076927551,0.0360916248754343,0.0042238151249243,0.6984868232246,0.0780064588238349,0.256440017009752,0.0345703652461448,0.394103928737977,0.0288537875166106
2016-02-19,2,0.439038991966592,0.0811862228416868,0.0252740334655908,0.0204172114106281,3.5103330897966e-07,0.000331535313675162,0.000257058984990967,0.0800064134004712,0.00532287912288688,1.47182252443214,0.100850999385491,0.663927027658119,0.0436428370993558,0.619927649261765,0.0367662276877357
2016-02-19,3,0.568727760207698,0.103764743018502,0.0342893035212916,0.0259087240715613,2.73398487031583e-07,0.00035937586970053,9.36758869617123e-05,0.108594106544413,0.00344205619701393,2.33663904323084,0.0846145687777984,1.14417340069854,0.0444773650287889,0.851441618908917,0.0242637091588636
2016-02-19,4,0.648244233544026,0.122382111082757,0.0641507540472583,0.0349704510420126,2.81341780369021e-07,0.000512057176086038,0.000196272472708418,0.133450368106303,0.00687052377995974,2.80476961708834,0.153017331690278,1.50484406924327,0.0974227188200173,0.947739522143057,0.0614965936601503
2016-02-19,5,0.382152460568629,0.0864203469837264,0.0510379763654909,0.0298033217929633,2.31182294650472e-07,8.58257529090913e-05,0.00014648763197226,0.091224648327908,0.00863452033339545,1.95657004347829,0.19678553819139,1.26539164324286,0.149470590197828,0.602554660042526,0.0652479742180672
2016-02-19,6,0.221890068249192,0.0659975785280592,0.0454360803070995,0.0217678214414696,1.8052030048137e-07,0.000112490220144091,0.000228413796250156,0.06184536596172,0.00577658006637157,1.42081089250757,0.142256070518294,1.03119809998847,0.121623394770033,0.345530012245086,0.0327519779203584
2016-02-20,1,0.127713899657588,0.047112384932681,0.00910200567484912,0.0128149693774585,5.79751934517947e-07,0.000392250230004098,0.000470989076927551,0.0378805991607579,0.00452032489153046,0.73539392044635,0.0824675684629336,0.27289567548129,0.0370937027752226,0.400814096070784,0.0304049828306965
2016-02-20,2,0.293135397650143,0.0872439264126041,0.0277903358576571,0.020970506173625,3.5103330897966e-07,0.000331535313675162,0.000257058984990967,0.0861264315738592,0.00608875351108917,1.56631635955557,0.11382655113538,0.749655525521332,0.0514256971931479,0.653846273459678,0.041112974839741
2016-02-20,3,0.352405928140529,0.109407787710574,0.0344717549828724,0.0258031680617529,2.73398487031583e-07,0.00035937586970053,9.36758869617123e-05,0.112314784435934,0.00396390515016286,2.42898316020354,0.0980769414193608,1.18985530362559,0.0519587552788195,0.877161281437356,0.0279048684939255
2016-02-20,4,0.406443302261873,0.126075673332682,0.0639456539503073,0.0335249293903005,2.81341780369021e-07,0.000512057176086038,0.000196272472708418,0.135344304533445,0.00709967842860411,2.84299609455261,0.157509376853166,1.55553060128692,0.105869805757694,0.942179000654828,0.0596799545799573
2016-02-20,5,0.242063960101995,0.0923311890656289,0.0513234955907229,0.0295758877069192,2.31182294650472e-07,8.58257529090913e-05,0.00014648763197226,0.0955377867032687,0.00793484978917302,2.02251420767061,0.178830079053784,1.33322368739878,0.137327811116151,0.626505436244591,0.0594450748409948
2016-02-20,6,0.134105203096935,0.0692825063174858,0.043118258888739,0.0208509881491187,1.8052030048137e-07,0.000112490220144091,0.000228413796250156,0.0627782140731739,0.00642252166853589,1.4264435087636,0.159629388612472,1.04912039496432,0.134864098021146,0.354829990049906,0.0355828663131982
2016-02-21,1,0.180732456788415,0.0491768639919747,0.00971286981218246,0.0131132302711605,5.79751934517947e-07,0.000392250230004098,0.000470989076927551,0.0396695734460815,0.00481683465813661,0.772301017668099,0.0869286781020322,0.289351333952828,0.0396170403043005,0.40752426340359,0.0319561781447825
2016-02-21,2,0.383988717936929,0.0930933560569718,0.0311970258036958,0.0222212376891423,3.5103330897966e-07,0.000331535313675162,0.000257058984990967,0.0922464497472471,0.00685462789929145,1.66081019467899,0.126802102885269,0.835384023384544,0.0592085572869401,0.687764897657592,0.0454597219917463
2016-02-21,3,0.454643186847374,0.111524695562048,0.0358653547155857,0.0266117921981875,2.73398487031583e-07,0.00035937586970053,9.36758869617123e-05,0.116035462327455,0.0044857541033118,2.52132727717625,0.111539314060923,1.23553720655264,0.0594401455288502,0.902880943965796,0.0315460278289875
2016-02-21,4,0.497688152992764,0.126621209164243,0.0672868793266343,0.0339618103252747,2.81341780369021e-07,0.000512057176086038,0.000196272472708418,0.137238240960587,0.00732883307724847,2.88122257201687,0.162001422016053,1.60621713333058,0.114316892695371,0.936618479166599,0.0578633154997643
2016-02-21,5,0.30925603340635,0.0963645902956011,0.0548134916119825,0.0312068447424043,2.31182294650472e-07,8.58257529090913e-05,0.00014648763197226,0.0998509250786295,0.00723517924495058,2.08845837186293,0.160874619916179,1.40105573155469,0.125185032034473,0.650456212446655,0.0536421754639223
2016-02-21,6,0.170438293022411,0.0698112956037424,0.0444343198366908,0.0216802158158495,1.8052030048137e-07,0.000112490220144091,0.000228413796250156,0.0637110621846278,0.0070684632707002,1.43207612501964,0.177002706706651,1.06704268994018,0.148104801272258,0.364129967854727,0.0384137547060381
2016-02-22,1,0.248910688017779,0.0515017222250138,0.0104323501352704,0.0135461248781215,5.79751934517947e-07,0.000392250230004098,0.000470989076927551,0.0414585477314051,0.00511334442474277,0.809208114889849,0.0913897877411309,0.305806992424366,0.0421403778333783,0.414234430736397,0.0335073734588684
2016-02-22,2,0.512464856740775,0.0976566401014421,0.0364644171060322,0.0247175027026298,3.5103330897966e-07,0.000331535313675162,0.000257058984990967,0.0983664679206351,0.00762050228749374,1.75530402980242,0.139777654635158,0.921112521247757,0.0669914173807322,0.721683521855505,0.0498064691437516
2016-02-22,3,0.58583314903369,0.113400057743265,0.0380894059655098,0.0280307094118243,2.73398487031583e-07,0.00035937586970053,9.36758869617123e-05,0.119756140218976,0.00500760305646073,2.61367139414895,0.125001686702486,1.28121910947969,0.0669215357788808,0.928600606494235,0.0351871871640494
2016-02-22,4,0.617255922278643,0.127649756103165,0.0703206711034795,0.034203019021734,2.81341780369021e-07,0.000512057176086038,0.000196272472708418,0.139132177387729,0.00755798772589284,2.91944904948114,0.166493467178941,1.65690366537423,0.122763979633047,0.93105795767837,0.0560466764195713
2016-02-22,5,0.40828029105192,0.10003636128924,0.0588520970236819,0.0331356218842834,2.31182294650472e-07,8.58257529090913e-05,0.00014648763197226,0.10416406345399,0.00653550870072815,2.15440253605525,0.142919160778573,1.46888777571061,0.113042252952796,0.67440698864872,0.0478392760868499
2016-02-22,6,0.219029195063499,0.0690909754841507,0.0477131368908052,0.0234802018243776,1.8052030048137e-07,0.000112490220144091,0.000228413796250156,0.0646439102960817,0.00771440487286452,1.43770874127567,0.194376024800829,1.08496498491603,0.161345504523371,0.373429945659547,0.0412446430988779
2016-02-23,1,0.267480609325441,0.0536339094221283,0.0110215985233729,0.0138004640570729,5.79751934517947e-07,0.000392250230004098,0.000470989076927551,0.0432475220167287,0.00540985419134892,0.846115212111599,0.0958508973802296,0.322262650895904,0.0446637153624561,0.420944598069204,0.0350585687729543
2016-02-23,2,0.518578929123151,0.107287216625847,0.0367704529186524,0.0238744003854962,3.5103330897966e-07,0.000331535313675162,0.000257058984990967,0.104486486094023,0.00838637667569602,1.84979786492585,0.152753206385047,1.00684101911097,0.0747742774745243,0.755602146053419,0.0541532162957569
2016-02-23,3,0.603458961709353,0.116632218757409,0.0393817735835916,0.0287590958178818,2.73398487031583e-07,0.00035937586970053,9.36758869617123e-05,0.123476818110497,0.00552945200960966,2.70601551112165,0.138464059344048,1.32690101240674,0.0744029260289114,0.954320269022675,0.0388283464991113
2016-02-23,4,0.619489555463744,0.12924806300637,0.0725029668249457,0.0340133433229594,2.81341780369021e-07,0.000512057176086038,0.000196272472708418,0.141026113814871,0.0077871423745372,2.9576755269454,0.170985512341829,1.70759019741788,0.131211066570724,0.925497436190141,0.0542300373393783
2016-02-23,5,0.425873777594595,0.104073325295305,0.061696940756976,0.0343832275747999,2.31182294650472e-07,8.58257529090913e-05,0.00014648763197226,0.108477201829351,0.00583583815650572,2.22034670024757,0.124963701640967,1.53671981986653,0.100899473871118,0.698357764850784,0.0420363767097774
2016-02-23,6,0.229449420048341,0.0696918570620563,0.048043103933294,0.0238376141301828,1.8052030048137e-07,0.000112490220144091,0.000228413796250156,0.0655767584075356,0.00836034647502884,1.4433413575317,0.211749342895007,1.10288727989189,0.174586207774483,0.382729923464367,0.0440755314917177
2016-02-24,1,0.286324841023312,0.0595662617308748,0.011698961713225,0.014298929769524,5.79751934517947e-07,0.000392250230004098,0.000470989076927551,0.0473549912531204,0.00511843958068151,0.907165176501967,0.0901704999432228,0.353577978743598,0.042240036750441,0.450824266265535,0.0334721557715321
2016-02-24,2,0.542432159985799,0.110206773767553,0.0395561808960272,0.0258400603925845,3.5103330897966e-07,0.000331535313675162,0.000257058984990967,0.109122135092912,0.00776358579680494,1.93699585845669,0.140752847705055,1.04091034469709,0.0708365499947195,0.785943421559615,0.0497386857814374
2016-02-24,3,0.609645469791044,0.120120567400003,0.0416418128519059,0.0297721396268658,2.73398487031583e-07,0.00035937586970053,9.36758869617123e-05,0.12756556318067,0.00536427450303378,2.79653907218381,0.134277375731259,1.39976513791891,0.073401516432104,0.985623972159771,0.0376218997033719
2016-02-24,4,0.622392160800026,0.134535832514552,0.0762043390553992,0.0360775531716608,2.81341780369021e-07,0.000512057176086038,0.000196272472708418,0.14676326468743,0.00745582968091901,3.08740627875082,0.164045059393318,1.78843606822239,0.125664368369509,0.978202609812586,0.0525329880446327
2016-02-24,5,0.44006322576492,0.109859556742562,0.0664408955832492,0.0368983792219322,2.31182294650472e-07,8.58257529090913e-05,0.00014648763197226,0.114565675374935,0.00599010793741346,2.36803779752078,0.125475276031479,1.65179844367892,0.104254193606648,0.748047415405436,0.0426059362086578
2016-02-24,6,0.231419705770059,0.074059097094952,0.0522166753988082,0.0253749999998908,1.8052030048137e-07,0.000112490220144091,0.000228413796250156,0.0685856502786964,0.00767530389878427,1.52164612171496,0.19480538446095,1.17155138806356,0.161764430778245,0.398187608047068,0.0405785084566631
