"Date","Room","R_leaf.sum","R_stem.sum","R_root.sum","Rdtair_leaf.sum","Rdtair_stem.sum","Rdtair_root.sum"
2016-01-08,1,0.057517049,0.035566008,0.034093317,0.0658869770980062,0.0740446488025494,0.0710347037292751
2016-01-08,2,0.049115141,0.037702092,0.032618691,0.0654370150596033,0.0784990118926099,0.0679200434930199
2016-01-08,3,0.041975004,0.027566905,0.027990612,0.0593040524669435,0.0575062237551189,0.0582912916562127
2016-01-08,4,0.039667002,0.036304279,0.031423883,0.064353099023153,0.0755979553238441,0.0655331387866459
2016-01-08,5,0.04046201,0.039101542,0.047950555,0.0987149366293429,0.0814918040186833,0.0998192780148531
2016-01-08,6,0.039934206,0.041094059,0.058755625,0.109701897989697,0.0856597032173762,0.122371004596252
2016-01-09,1,0.054320594,0.035428462,0.03396147,0.0658324468393047,0.0737582988903712,0.0707599940574293
2016-01-09,2,0.049818865,0.038897594,0.033653012,0.0680502587939318,0.0809881606947672,0.0700737406011365
2016-01-09,3,0.044105861,0.029071824,0.029518659,0.0633712300427714,0.0606455676739598,0.0614734935125122
2016-01-09,4,0.041697335,0.039073991,0.033821264,0.0702996009382443,0.0813654446299204,0.070532767090434
2016-01-09,5,0.039870555,0.038542659,0.047265191,0.0977157739444054,0.0803270270733238,0.0983925432022641
2016-01-09,6,0.040753912,0.040996845,0.058616638,0.109928888937361,0.0854570698120876,0.122081528302982
2016-01-10,1,0.053086062,0.033331265,0.031951112,0.0621281509736039,0.0693921495824631,0.0665713304937451
2016-01-10,2,0.050105442,0.038922266,0.033674367,0.0680132742234434,0.0810395432298692,0.0701181985367813
2016-01-10,3,0.044458244,0.029225433,0.029674628,0.0633744775399148,0.0609660012794245,0.061798301638188
2016-01-10,4,0.042211469,0.040259097,0.034847055,0.0723698003395929,0.0838332441903838,0.0726720134549777
2016-01-10,5,0.039248758,0.038773801,0.047548648,0.0982589792584742,0.080808762998625,0.0989826213436973
2016-01-10,6,0.040752727,0.041562137,0.05942488,0.111225588386413,0.0866354007152492,0.123764858164642
2016-01-11,1,0.04995024,0.034749437,0.033310555,0.0643814268396175,0.0723446320909422,0.0694037933880583
2016-01-11,2,0.050670967,0.038677768,0.03346283,0.0676042646538534,0.0805304721050305,0.069677732700251
2016-01-11,3,0.04516537,0.029432797,0.029885187,0.0637199143309387,0.0613985842783276,0.062236790207042
2016-01-11,4,0.043257182,0.040995485,0.035484449,0.0738498136908615,0.0853666535166284,0.0740012706519885
2016-01-11,5,0.038931572,0.040072528,0.049141275,0.101447138441135,0.0835154362409341,0.102298024311184
2016-01-11,6,0.041013789,0.042819644,0.06122284,0.114403368450854,0.0892566474547619,0.127509496363946
2016-01-12,1,0.049272154,0.034415348,0.032990304,0.0642221151614525,0.0716491070750682,0.0687365417468134
2016-01-12,2,0.051449755,0.037315647,0.032284362,0.0652905082219094,0.0776944157326881,0.0672238792374625
2016-01-12,3,0.047260382,0.027299967,0.027719567,0.0595073868822338,0.0569493730055169,0.0577268388485956
2016-01-12,4,0.045135755,0.038703915,0.033500933,0.0703134110786058,0.0805948029714166,0.0698647256527368
2016-01-12,5,0.038987309,0.039151679,0.048012038,0.0994117986412394,0.0815963009640227,0.0999472762812326
2016-01-12,6,0.042335158,0.041336602,0.059102413,0.111210285313493,0.0861652775232495,0.123093253604642
2016-01-13,1,0.047362761,0.035141821,0.033686696,0.0654132750163445,0.0731615395578227,0.070187493234334
2016-01-13,2,0.051753531,0.037598015,0.032528652,0.0657545285638687,0.0782823260870611,0.0677325594854845
2016-01-13,3,0.046955724,0.028190254,0.028623535,0.0610673082979656,0.0588065563359242,0.0596093762176433
2016-01-13,4,0.045355389,0.039302381,0.034018936,0.0712896585525598,0.0818410262015028,0.0709450315888767
2016-01-13,5,0.038615009,0.039486446,0.048422564,0.100198984310565,0.0822939785653511,0.100801861294908
2016-01-13,6,0.041982624,0.042025581,0.060087499,0.112697096571605,0.0876014336335519,0.125144905190788
2016-01-14,1,0.045355453,0.035175656,0.033719123,0.0655468854582584,0.0732319709827042,0.0702550615931634
2016-01-14,2,0.051219468,0.038358005,0.033186176,0.0671789087268763,0.0798646897430604,0.0691016749144058
2016-01-14,3,0.047365418,0.028291045,0.028725872,0.0616083655204208,0.0590168091871612,0.0598224994149723
2016-01-14,4,0.044443542,0.042542271,0.036823297,0.0767125237303491,0.0885875757610371,0.0767933718875263
2016-01-14,5,0.038611172,0.039587665,0.048546691,0.100792143960971,0.0825049316357194,0.101060257626082
2016-01-14,6,0.042289937,0.042035006,0.060100981,0.113115117390474,0.0876210921454217,0.125172988779174
2016-01-15,1,0.044473608,0.034220076,0.032803114,0.0637969626184455,0.0712425573002779,0.0683465183856325
2016-01-15,2,0.052050677,0.038009259,0.032884448,0.0667167840876241,0.0791385723769258,0.0684734132089416
2016-01-15,3,0.04836166,0.027961556,0.028391325,0.0610110246552224,0.0583294826937233,0.0591257896246956
2016-01-15,4,0.045578418,0.038440317,0.033272764,0.0698131594884163,0.0800459044394606,0.0693889053276981
2016-01-15,5,0.038873829,0.040665428,0.049868359,0.103624601807347,0.084751105345202,0.103811594900749
2016-01-15,6,0.042679143,0.040026999,0.057229956,0.10812111485232,0.0834354373107764,0.119193481872538
2016-01-16,1,0.043712634,0.034483419,0.033055548,0.0640748641998913,0.0717908132381617,0.068872487496773
2016-01-16,2,0.052280098,0.038665397,0.033452131,0.0675030125087382,0.080504709470049,0.0696554419828744
2016-01-16,3,0.048470514,0.028694699,0.029135739,0.0622321565717924,0.0598588616372334,0.0606760474616325
2016-01-16,4,0.046066521,0.038225261,0.033086624,0.069182889009269,0.0795980967532098,0.06900071700796
2016-01-16,5,0.038264181,0.03648957,0.044747477,0.0930726105964604,0.0760481805931618,0.0931513858671259
2016-01-16,6,0.042744164,0.039922252,0.057080188,0.107557406491447,0.0832170950993286,0.118881564427612
2016-01-17,1,0.042535486,0.034975588,0.033527342,0.064896286788387,0.0728154484771563,0.0698554708967841
2016-01-17,2,0.052714684,0.038574966,0.033373884,0.067385777963841,0.0803164201292509,0.0694925275727699
2016-01-17,3,0.048336753,0.02927179,0.029721693,0.0632673705459713,0.0610626963924368,0.0618963168210025
2016-01-17,4,0.045284347,0.037753771,0.032678516,0.0677573582609573,0.0786162892101974,0.0681496234869463
2016-01-17,5,0.034278797,0.035929152,0.044060236,0.0895155287547829,0.0748802088834911,0.0917207377890151
2016-01-17,6,0.042731526,0.040795425,0.058328645,0.109719430833091,0.0850372096548107,0.121481728078301
2016-01-18,1,0.041315834,0.035864136,0.034379093,0.0663606568343492,0.0746653207837635,0.0716301451421471
2016-01-18,2,0.052666679,0.03902127,0.033760012,0.0680308092281531,0.0812456619671833,0.0702965395536371
2016-01-18,3,0.048413701,0.030096286,0.030558859,0.0649718663484594,0.0627826553041668,0.0636397564004694
2016-01-18,4,0.046430047,0.040595126,0.035137909,0.0734365171543588,0.0845329641466048,0.0732785754288616
2016-01-18,5,0.034272885,0.038415491,0.047109249,0.0955882876526248,0.0800619992844405,0.0980679107700978
2016-01-18,6,0.042646763,0.04146695,0.059288779,0.111341316522142,0.086436989596468,0.12348141370924
2016-01-19,1,0.042248645,0.035734785,0.034255098,0.0661713776242821,0.0743960178234522,0.0713717894566452
2016-01-19,2,0.053009005,0.038907275,0.03366139,0.0679491154276783,0.0810083266192831,0.0700911888522313
2016-01-19,3,0.047180964,0.032271354,0.032767362,0.0693878488409629,0.0673199758526712,0.0682390198916155
2016-01-19,4,0.045824471,0.04123371,0.035690644,0.0745116991775358,0.0858627123870596,0.0744312861816819
2016-01-19,5,0.035334532,0.040568248,0.049749189,0.100982828008083,0.0845485733170894,0.103563513500852
2016-01-19,6,0.042574419,0.041909712,0.059921833,0.112437506852511,0.0873599224475025,0.124799889210718
2016-01-20,1,0.043045522,0.035734785,0.034255098,0.0661713776242821,0.0743960178234522,0.0713717894566452
2016-01-20,2,0.053034641,0.038907275,0.03366139,0.0679491154276783,0.0810083266192831,0.0700911888522313
2016-01-20,3,0.046773796,0.032271354,0.032767362,0.0693878488409629,0.0673199758526712,0.0682390198916155
2016-01-20,4,0.045533114,0.04123371,0.035690644,0.0745116991775358,0.0858627123870596,0.0744312861816819
2016-01-20,5,0.035799963,0.040568248,0.049749189,0.100982828008083,0.0845485733170894,0.103563513500852
2016-01-20,6,0.042546347,0.041909712,0.059921833,0.112437506852511,0.0873599224475025,0.124799889210718
2016-01-21,1,0.044260592,0.033977637,0.032570712,0.063442594780329,0.0707378183000235,0.0678622972309169
2016-01-21,2,0.053090866,0.036558732,0.031629503,0.0641081142099936,0.0761184468435704,0.0658602967806674
2016-01-21,3,0.04992799,0.027285229,0.027704604,0.0602510687729038,0.0569186290393342,0.057695675169564
2016-01-21,4,0.045509688,0.038395545,0.033234019,0.0697071510065568,0.0799526778283374,0.0693080905434995
2016-01-21,5,0.040003731,0.038647093,0.047393258,0.0988137409563239,0.0805446771610196,0.098659142707273
2016-01-21,6,0.042774116,0.03926059,0.056134157,0.106132789026608,0.0818378704685052,0.116911243526436
2016-01-22,1,0.044917083,0.033977637,0.032570712,0.063442594780329,0.0707378183000235,0.0678622972309169
2016-01-22,2,0.053107554,0.036558732,0.031629503,0.0641081142099936,0.0761184468435704,0.0658602967806674
2016-01-22,3,0.049659615,0.027285229,0.027704604,0.0602510687729038,0.0569186290393342,0.057695675169564
2016-01-22,4,0.045340142,0.038395545,0.033234019,0.0697071510065568,0.0799526778283374,0.0693080905434995
2016-01-22,5,0.040293254,0.038647093,0.047393258,0.0988137409563239,0.0805446771610196,0.098659142707273
2016-01-22,6,0.042756571,0.03926059,0.056134157,0.106132789026608,0.0818378704685052,0.116911243526436
2016-01-23,1,0.045602961,0.034415708,0.032990643,0.0639614595492659,0.0716498374936506,0.0687372424735835
2016-01-23,2,0.053310689,0.03700893,0.032018999,0.0645961959359121,0.0770557989638325,0.0666713260565973
2016-01-23,3,0.049483759,0.027098386,0.02751489,0.0594725472885894,0.0565288597194575,0.0573005847668221
2016-01-23,4,0.045316719,0.041999985,0.036353908,0.0760407925713784,0.0874583654060873,0.0758145001893005
2016-01-23,5,0.040201643,0.039229639,0.048107639,0.0997676406245383,0.0817587693016597,0.100146283682756
2016-01-23,6,0.042451852,0.040291712,0.057608445,0.108306039168169,0.0839872356012956,0.119981765144708
2016-01-24,1,0.045496978,0.033925347,0.032520589,0.0637950289840276,0.0706289643663942,0.0677578682539391
2016-01-24,2,0.052328297,0.036461814,0.031545646,0.0644173456081192,0.0759166544103652,0.0656856990308433
2016-01-24,3,0.048154667,0.025843701,0.026240924,0.0572231980709864,0.0539115163353657,0.0546475097324356
2016-01-24,4,0.045405485,0.040477916,0.03503645,0.0744089768396928,0.0842888924725759,0.0730669985043335
2016-01-24,5,0.040887788,0.038836893,0.047626009,0.0999145650907042,0.0809402467700837,0.0991436757625523
2016-01-24,6,0.043216326,0.039589277,0.05660412,0.107785818826229,0.0825230238718575,0.117890034102654
2016-01-25,1,0.046145988,0.033967086,0.032560599,0.0636054951758779,0.0707158591171517,0.0678412306977552
2016-01-25,2,0.052666665,0.036481331,0.031562526,0.064188055589379,0.0759572836470745,0.0657208528430742
2016-01-25,3,0.04874323,0.026177438,0.026579787,0.0579042356141586,0.054607708629482,0.0553532063582121
2016-01-25,4,0.045327731,0.040639692,0.035176484,0.0743782018789569,0.0846257557864296,0.0733590131521416
2016-01-25,5,0.040860085,0.038674077,0.047426338,0.0991494918017097,0.0806009065264795,0.0987280180344427
2016-01-25,6,0.042760007,0.039514984,0.056497888,0.107083216279204,0.0823681509186666,0.117668787026667
2016-01-26,1,0.046638733,0.03447445,0.033046951,0.0642225140491323,0.0717721358978948,0.0688545693979803
2016-01-26,2,0.052874986,0.036978439,0.031992612,0.0647538953756378,0.0769923178902153,0.0666164000495417
2016-01-26,3,0.048942616,0.027263062,0.027682095,0.0601439873887112,0.0568723840330443,0.0576487988321302
2016-01-26,4,0.045151664,0.041882095,0.036251864,0.076212660891404,0.0872128680135315,0.0756016873608424
2016-01-26,5,0.040600252,0.040186768,0.049281372,0.102298591880755,0.0837535178247769,0.102589650347618
2016-01-26,6,0.042245999,0.040850937,0.058408017,0.109914296469797,0.0851529219694079,0.121647031384868
2016-01-27,1,0.047698021,0.033528388,0.032140064,0.0626639928072634,0.0698025372988692,0.066965035782655
2016-01-27,2,0.053180435,0.036535547,0.031609429,0.0640732805929176,0.0760701647056548,0.0658185214152443
2016-01-27,3,0.047690862,0.027057789,0.02747367,0.0592845688954702,0.0564441760449507,0.0572147450011958
2016-01-27,4,0.045444354,0.040957223,0.035451329,0.0747305763970118,0.085286977097274,0.0739322020399447
2016-01-27,5,0.041021404,0.039074307,0.047917155,0.0997764915721449,0.0814350356732173,0.0997497424912903
2016-01-27,6,0.042699962,0.039092313,0.055893555,0.10571075695084,0.0814871052764248,0.116410150394893
2016-01-28,1,0.047264406,0.034353632,0.032931145,0.0642519035034414,0.0715206202242182,0.0686132779386809
2016-01-28,2,0.051994587,0.037544933,0.03248273,0.0658321542223167,0.0781718069484303,0.0676369345276458
2016-01-28,3,0.046255443,0.02794773,0.028377287,0.061103380246262,0.0583006404015982,0.0590965535811423
2016-01-28,4,0.044365592,0.04246186,0.036753697,0.07731745348334,0.088420144665121,0.0766482319138475
2016-01-28,5,0.040511845,0.040955398,0.050223962,0.104274331720552,0.085355449665964,0.104551856016542
2016-01-28,6,0.0420133,0.041874616,0.059871654,0.112673925659121,0.0872867550391382,0.124695364341626
2016-01-29,1,0.048849719,0.033991437,0.032583946,0.0636723622665729,0.0707665656042194,0.0678898759455113
2016-01-29,2,0.052385543,0.03695709,0.031974151,0.0649276457405464,0.0769478740409805,0.0665779457034264
2016-01-29,3,0.045680938,0.027601069,0.028025299,0.0604548508684669,0.0575774846292021,0.0583635253749933
2016-01-29,4,0.044304981,0.041724226,0.036115224,0.0761742617018915,0.0868841430683129,0.0753167275710523
2016-01-29,5,0.041007948,0.03966153,0.048637273,0.10138153650154,0.082658873205245,0.10124882059277
2016-01-29,6,0.042227978,0.040361157,0.057707726,0.109112309310832,0.08413198004441,0.120188542920586
2016-01-30,1,0.050331107,0.034137542,0.032723997,0.0636523506103966,0.07107073926547,0.0681816848237842
2016-01-30,2,0.05287852,0.037142739,0.032134769,0.0649952613754008,0.0773344075232877,0.0669123877594072
2016-01-30,3,0.045358747,0.027827632,0.028255342,0.0606561290040339,0.0580501012523409,0.0588425941022022
2016-01-30,4,0.044233049,0.041784652,0.036167524,0.0759986155461976,0.087009965835638,0.0754257987865146
2016-01-30,5,0.041062972,0.040310457,0.049433056,0.102574239469276,0.0840113091771671,0.10290541887163
2016-01-30,6,0.041756228,0.041354641,0.059128206,0.111135933946082,0.0862028872130297,0.1231469817329
2016-01-31,1,0.051327808,0.0342348,0.032817232,0.0638287876261304,0.0712732174142919,0.0683759321535483
2016-01-31,2,0.052892085,0.037078896,0.032079529,0.0648764038783888,0.0772014771227347,0.0667973718073661
2016-01-31,3,0.044631435,0.027558734,0.027982315,0.0599274163553331,0.0574891720911206,0.0582740072049926
2016-01-31,4,0.04375029,0.04225843,0.036577605,0.0767431098051882,0.0879965290735461,0.0762810148477781
2016-01-31,5,0.041103879,0.040227386,0.049331187,0.102381516302713,0.0838381822443291,0.102693355761126
2016-01-31,6,0.041438321,0.041333939,0.0590986,0.111010350820219,0.0861597305906373,0.123085329415196
2016-02-01,1,0.052629832,0.033688774,0.032293811,0.0629184367587108,0.0701364492378555,0.0672853740655849
2016-02-01,2,0.053457683,0.036320552,0.031423429,0.0637053472690172,0.0756225315398624,0.0654312138128106
2016-02-01,3,0.045259492,0.027066109,0.027482113,0.0591894109567753,0.0564615291066325,0.0572323349647435
2016-02-01,4,0.044192582,0.041168909,0.035634561,0.0750682361804933,0.0857277838362204,0.0743143214911615
2016-02-01,5,0.041645875,0.038934775,0.047746044,0.099501991414696,0.0811442429491107,0.0993935506003164
2016-02-01,6,0.042002828,0.039788971,0.056889635,0.107447762478841,0.0829392753293198,0.118484679041885
2016-02-02,1,0.05302848,0.033991452,0.032583966,0.063386167956731,0.0707665919498589,0.0678899012201899
2016-02-02,2,0.052708121,0.037498477,0.032442543,0.0655371222252112,0.0780750751293506,0.0675532388326217
2016-02-02,3,0.043915825,0.027146842,0.027564091,0.059001379397482,0.056629936890119,0.0574030418305985
2016-02-02,4,0.043243595,0.042572253,0.036849244,0.0772137049830742,0.0886500081362048,0.0768474922600829
2016-02-02,5,0.041239161,0.040366346,0.049501599,0.10275320008908,0.0841277940734166,0.103048101174265
2016-02-02,6,0.041682318,0.042335977,0.06053129,0.113793334805519,0.08824844859826,0.126069212283229
2016-02-03,1,0.052963798,0.034264757,0.03284595,0.0643389259709507,0.0713355805096226,0.068435760163703
2016-02-03,2,0.051789723,0.03757103,0.032505313,0.0661507085067718,0.0782261505684351,0.0676839544957359
2016-02-03,3,0.043255022,0.027547823,0.027971237,0.0603510233684898,0.0574664210082601,0.0582509455271442
2016-02-03,4,0.043244531,0.042371415,0.036675411,0.0775854477473452,0.0882318160634316,0.0764849766467025
2016-02-03,5,0.041486194,0.040869759,0.050118935,0.104594481093943,0.0851769602912754,0.104333224453169
2016-02-03,6,0.042791966,0.044219653,0.063224547,0.119772221073373,0.0921749370782928,0.131678481540418
2016-02-04,1,0.053965588,0.033433433,0.032049053,0.0628959825424441,0.0696048626041633,0.0667753966446445
2016-02-04,2,0.052257664,0.036455906,0.031540534,0.0643092771263786,0.0759043501410496,0.0656750529540722
2016-02-04,3,0.043768045,0.027125331,0.027542249,0.0596886269891592,0.056585064855752,0.0573575572087315
2016-02-04,4,0.04366239,0.040785274,0.035302495,0.0749769757215212,0.0849289157791764,0.0736218116073926
2016-02-04,5,0.041853218,0.038811952,0.047595423,0.0998328945620663,0.0808882631627354,0.0990800010627883
2016-02-04,6,0.043141679,0.041854993,0.059843599,0.114045003578523,0.0872458562084426,0.124636937440632
2016-02-05,1,0.055166007,0.033142954,0.031770603,0.0622208831577506,0.0690001100086281,0.0661952274879521
2016-02-05,2,0.052959531,0.036011148,0.031155746,0.0634069074407997,0.0749783356338665,0.0648738333707087
2016-02-05,3,0.043576702,0.026843049,0.027255627,0.0587586707704659,0.0559962074956692,0.05676066084032
2016-02-05,4,0.043556357,0.040835489,0.035345953,0.0747589397915209,0.0850334787910087,0.0737124535081821
2016-02-05,5,0.041600748,0.039580073,0.04853738,0.101297761980565,0.0824891076236218,0.101040874800019
2016-02-05,6,0.042129534,0.04383369,0.062672715,0.118260326221782,0.0913704193249571,0.130529170464224
2016-02-06,1,0.055509379,0.033567515,0.032177574,0.0629069058191722,0.069884000467148,0.0670431874400281
2016-02-06,2,0.052597232,0.036864754,0.031894261,0.0647626191108314,0.0767556123915068,0.0664115943153077
2016-02-06,3,0.043500032,0.027248338,0.027667144,0.0596186185867954,0.0568416628815081,0.0576176582792079
2016-02-06,4,0.043473865,0.041343045,0.035785278,0.0756145766729352,0.086090383106511,0.0746286457106737
2016-02-06,5,0.041767539,0.03936694,0.048276011,0.100800672143478,0.0820449122405847,0.100496780053728
2016-02-06,6,0.042664688,0.042955406,0.061416958,0.116358974623328,0.089539649418517,0.127913784883596
2016-02-07,1,0.055742505,0.033910153,0.032506034,0.0634619360425628,0.0705973395138449,0.0677275289645016
2016-02-07,2,0.052363597,0.037340529,0.032305888,0.0655159548285134,0.0777462156804376,0.0672686983328786
2016-02-07,3,0.042891658,0.027192162,0.027610106,0.0592685130523692,0.0567244819497287,0.0574988776077455
2016-02-07,4,0.042926584,0.04205164,0.036398616,0.0766505075865699,0.0875659178017973,0.0759077334790728
2016-02-07,5,0.041466338,0.040468738,0.049627161,0.103286630901304,0.0843411877972165,0.103309487060848
2016-02-07,6,0.042589005,0.04393378,0.062815818,0.118816467096319,0.0915790455968994,0.130827207995571
2016-02-08,1,0.055809138,0.034380202,0.032956615,0.0642368462848423,0.0715759420924993,0.0686663509505278
2016-02-08,2,0.051922262,0.038028733,0.032901299,0.0665793956860579,0.07917911871141,0.0685084952913176
2016-02-08,3,0.042569602,0.027760075,0.028186752,0.0604439265408876,0.0579091888154058,0.0586997579459915
2016-02-08,4,0.042495605,0.04289111,0.037125243,0.0779773346870896,0.089313992925043,0.0774230767072118
2016-02-08,5,0.04142357,0.040670305,0.049874339,0.103737904463608,0.0847612646581722,0.103824039039127
2016-02-08,6,0.042394323,0.045210314,0.064640981,0.121913019832981,0.0942399512998524,0.134628501856932
2016-02-09,1,0.057150256,0.033883257,0.032480243,0.0634354175279105,0.0705413391585513,0.0676738050464151
2016-02-09,2,0.05257618,0.037233714,0.03221348,0.0653373612000967,0.0775238265087774,0.0670762795769304
2016-02-09,3,0.043124638,0.027712456,0.028138395,0.0606881512155448,0.0578098506864359,0.0585990636650904
2016-02-09,4,0.042688763,0.042160228,0.036492611,0.0768419848990488,0.0877920417618216,0.0761037521781472
2016-02-09,5,0.041831431,0.039009599,0.047837797,0.0999893863030914,0.0813001798134836,0.0995845576028614
2016-02-09,6,0.042472626,0.043086084,0.06160379,0.116816218826465,0.0898120361626489,0.128302908803784
2016-02-10,1,0.057480438,0.03443782,0.033011845,0.0643527026220694,0.0716958839031758,0.0687814170778434
2016-02-10,2,0.052298813,0.037988705,0.032866671,0.0665241962035623,0.0790957763658769,0.0684363846290693
2016-02-10,3,0.04225131,0.028120998,0.028553221,0.0613311859970588,0.0586620977347042,0.0594629454853486
2016-02-10,4,0.042264073,0.042831923,0.037074009,0.0779205377910363,0.0891907388813649,0.0773162322255619
2016-02-10,5,0.041233867,0.04039988,0.04954272,0.103080494737101,0.0841976804406765,0.103133704957455
2016-02-10,6,0.041645988,0.044781404,0.064027729,0.12074464274877,0.093345898323615,0.13335128331945
2016-02-11,1,0.05706823,0.032764258,0.031407578,0.0614908320509169,0.0682116996690854,0.0654388663492038
2016-02-11,2,0.051677144,0.037233566,0.032213345,0.0656638575387222,0.0775235080430446,0.0670760040294311
2016-02-11,3,0.041703705,0.028053354,0.028484529,0.061667314033885,0.0585209739990788,0.0593198951458239
2016-02-11,4,0.041677835,0.041498797,0.035920097,0.0759556862571419,0.0864147194118891,0.0749098011469926
2016-02-11,5,0.041193939,0.039494621,0.04843258,0.101454009680111,0.0823110070437851,0.100822719471303
2016-02-11,6,0.04227336,0.043455385,0.062131823,0.118423339751656,0.0905818459706727,0.129402637100961
2016-02-12,1,0.056973202,0.033537234,0.032148547,0.0624387082793912,0.0698209526700026,0.0669827025614659
2016-02-12,2,0.051583595,0.037685135,0.032604031,0.0660188661048012,0.078463714709062,0.0678895031564736
2016-02-12,3,0.042101625,0.029206433,0.029655334,0.0641198838255501,0.0609263600645538,0.0617581192463225
2016-02-12,4,0.041163513,0.042333741,0.036642799,0.0769667563743437,0.0881533527263444,0.0764169596118903
2016-02-12,5,0.040570332,0.039870057,0.048892987,0.101828760894895,0.083093463545565,0.101781150126094
2016-02-12,6,0.041398589,0.044384063,0.063459627,0.120099638782077,0.0925176579040572,0.132168082720082
2016-02-13,1,0.057684962,0.033876546,0.032473812,0.0631836773366231,0.070527370639987,0.0676604043538087
2016-02-13,2,0.05194687,0.038204919,0.03305373,0.0670501107794116,0.0795459496280122,0.0688258900101746
2016-02-13,3,0.042249002,0.029497564,0.029950941,0.06486857357278,0.0615336861618357,0.0623737364848642
2016-02-13,4,0.041531742,0.042777821,0.037027183,0.077967820042549,0.0890780788619877,0.0772185713211905
2016-02-13,5,0.041057531,0.04023209,0.049336956,0.102982447302611,0.0838479827326044,0.102705360375278
2016-02-13,6,0.041132723,0.044642118,0.063828582,0.120708207614548,0.0930555580166506,0.132936511452358
2016-02-14,1,0.05812804,0.033862712,0.032460555,0.0631633041924272,0.0704985770894905,0.0676327812728446
2016-02-14,2,0.051929356,0.038412098,0.033232974,0.0673670335251239,0.0799773155467383,0.0691991226312599
2016-02-14,3,0.041977206,0.029862615,0.030321602,0.0655948651151865,0.0622952031338778,0.0631456495930434
2016-02-14,4,0.041362822,0.042663787,0.036928479,0.0777112914474791,0.0888406277162655,0.0770127334936857
2016-02-14,5,0.041045167,0.04001592,0.049071855,0.102485378079876,0.0833974525591672,0.102153506146771
2016-02-14,6,0.040989993,0.044084309,0.063031036,0.1193220392809,0.0918928176927914,0.131275453846845
2016-02-15,1,0.058594579,0.033829039,0.032428269,0.0631393936128125,0.0704284499606791,0.0675655048403263
2016-02-15,2,0.052181903,0.038100803,0.032963651,0.0668910744086931,0.0793291774181509,0.0686383312426579
2016-02-15,3,0.042902495,0.03046906,0.030937369,0.0673928411134142,0.0635602872328464,0.0644280044646941
2016-02-15,4,0.041307228,0.042288175,0.03660336,0.077059620904266,0.0880584656268088,0.0763347054102218
2016-02-15,5,0.040827518,0.039957288,0.048999958,0.10223301473572,0.0832752587597862,0.102003831010983
2016-02-15,6,0.040764399,0.044271863,0.063299204,0.119753791230355,0.0922837751141717,0.131833964448817
2016-02-16,1,0.058100244,0.033443284,0.032058481,0.0629442940389663,0.0696253566859874,0.0667950576337115
2016-02-16,2,0.051830198,0.037599416,0.032529858,0.066612346895005,0.0782852312137,0.0677350731009162
2016-02-16,3,0.041817119,0.02911068,0.029558112,0.0645709893303983,0.0607266179854359,0.0615556503128821
2016-02-16,4,0.041644353,0.042346879,0.036654167,0.0779618189167446,0.0881807149217532,0.0764406789114606
2016-02-16,5,0.04163792,0.039618873,0.048584958,0.102424575182667,0.0825699704844822,0.101139923685811
2016-02-16,6,0.04164561,0.043308798,0.061922225,0.118353640853801,0.0902762876618485,0.128966125231212
2016-02-17,1,0.058708327,0.033342917,0.031962279,0.0624586772921325,0.0694164049674974,0.0665945998875178
2016-02-17,2,0.050595111,0.039158136,0.033878431,0.0685804566392831,0.0815306431088259,0.070543115033613
2016-02-17,3,0.041502077,0.028643862,0.029084116,0.063157933323897,0.059752805067935,0.0605685430210809
2016-02-17,4,0.04128334,0.042142521,0.036477282,0.0771597577013911,0.0877551739670631,0.0760717928176021
2016-02-17,5,0.041144464,0.039792211,0.048797523,0.102336380519019,0.0829312241318376,0.101582423133375
2016-02-17,6,0.041153762,0.042378316,0.060591834,0.115591289336156,0.0883367116844739,0.126195302406391
2016-02-18,1,0.059556302,0.033711281,0.032315385,0.0629311027077653,0.0701833000643271,0.0673303203869154
2016-02-18,2,0.051895707,0.038208036,0.033056431,0.0669751281394769,0.0795524523992785,0.068831516431407
2016-02-18,3,0.042063899,0.028920284,0.029364793,0.0636689989094981,0.0603294522076713,0.061153062476718
2016-02-18,4,0.04133402,0.042050484,0.036397619,0.0767165672971014,0.0875635100621265,0.0759056462964588
2016-02-18,5,0.040982292,0.040054222,0.04911883,0.102599205625019,0.0834772798106417,0.102251286515043
2016-02-18,6,0.040625153,0.04260879,0.060921368,0.11566673508482,0.0888171305935244,0.126881615133606
2016-02-19,1,0.059201559,0.034195938,0.032779976,0.0638211490527953,0.071192304507479,0.0682983083892887
2016-02-19,2,0.052791941,0.038067488,0.032934831,0.0668469939235216,0.0792598105992931,0.0685783126864978
2016-02-19,3,0.041737206,0.029968627,0.030429238,0.0659344555811832,0.0625163487690203,0.0633698142812253
2016-02-19,4,0.041271292,0.042629501,0.0368988,0.0777235957331008,0.0887692310239177,0.0769508422781298
2016-02-19,5,0.041098208,0.040333743,0.049461608,0.103204771845226,0.0840598306928699,0.102964852856728
2016-02-19,6,0.040634134,0.044061447,0.062998352,0.119230826302306,0.0918451652537201,0.131207378933886
2016-02-20,1,0.058515021,0.033353426,0.031972349,0.0628707263570144,0.0694382884643603,0.0666155938113375
2016-02-20,2,0.053020701,0.037070804,0.03207253,0.0657382040963304,0.0771846379971791,0.0667828020170905
2016-02-20,3,0.042249826,0.028971383,0.029416676,0.064685412310594,0.0604360444846566,0.0612611099383721
2016-02-20,4,0.041825076,0.041108579,0.035582335,0.0759052338398254,0.0856021489060817,0.0742054131049762
2016-02-20,5,0.042103408,0.038495787,0.04720771,0.0997205363436563,0.0802293425608732,0.098272889482194
2016-02-20,6,0.042103946,0.041099437,0.058763325,0.112990946900106,0.0856709201576068,0.122387028796581
2016-02-21,1,0.058188044,0.033567739,0.032177791,0.0632087119844606,0.0698844639211836,0.0670436320544688
2016-02-21,2,0.053210194,0.037344534,0.032309353,0.0661419604965679,0.0777545566776198,0.0672759152503624
2016-02-21,3,0.041588858,0.029028145,0.029474307,0.0645679616837025,0.0605544537839835,0.0613811357469048
2016-02-21,4,0.041432461,0.041891518,0.036260025,0.0770866029918659,0.0872325013463364,0.0756187067883922
2016-02-21,5,0.042280333,0.039122986,0.047976857,0.101165703486139,0.0815365033165406,0.0998740301668469
2016-02-21,6,0.041983337,0.0416425,0.05953977,0.114179079211968,0.086802910520487,0.12400415788641
2016-02-22,1,0.058324297,0.034114162,0.032701594,0.0639173475993739,0.0710220661293158,0.0681349902704005
2016-02-22,2,0.052700018,0.039587365,0.03424978,0.0694199912413344,0.0824243274688296,0.0713163614622881
2016-02-22,3,0.040924115,0.029729034,0.030185966,0.0655450185160569,0.0620165468666477,0.0628631891446907
2016-02-22,4,0.041269966,0.042441014,0.036735646,0.0776770796170164,0.0883767326355335,0.0766105995923412
2016-02-22,5,0.042346842,0.040065752,0.049132978,0.103091353681537,0.0835013221670531,0.102280735987756
2016-02-22,6,0.041161663,0.043976662,0.06287713,0.119256702623722,0.0916684299950564,0.130954899992938
2016-02-23,1,0.058118595,0.034200672,0.032784516,0.0640476412222591,0.0712021604284589,0.0683077636630744
2016-02-23,2,0.054930473,0.036520612,0.031596524,0.0647096073446569,0.0760390883441265,0.065791633079
2016-02-23,3,0.04072271,0.02967951,0.030135683,0.0653837306914748,0.0619132403487609,0.0627584722989146
2016-02-23,4,0.041240514,0.042459229,0.036751417,0.0776872505463358,0.0884146675882238,0.0766434840335786
2016-02-23,5,0.042521998,0.040148463,0.049234406,0.103277934642695,0.0836736981309817,0.102491879236745
2016-02-23,6,0.041147601,0.04356121,0.062283118,0.118101799656949,0.0908024310347325,0.129717758621046
2016-02-24,1,0.059995336,0.033087363,0.031717306,0.0622370346988649,0.0688843667252973,0.0660841892161389
2016-02-24,2,0.053872241,0.038001528,0.032877763,0.0669831740375407,0.0791224729011318,0.0684594833890652
2016-02-24,3,0.040590966,0.02974914,0.030206392,0.0654787653126943,0.0620584956635393,0.0629057106214033
2016-02-24,4,0.04116729,0.042609489,0.036881467,0.0779503157321006,0.0887275467880985,0.0769147077186771
2016-02-24,5,0.042285578,0.040223368,0.049326259,0.103459614048811,0.0838298041955876,0.102683093492587
2016-02-24,6,0.041574428,0.044570542,0.063726242,0.120934640874896,0.0929063545853623,0.132723363693375
