Date,Room,Prov,Pot,W_treatment,Code,Height,D1,D2,Comment
8/01/2016,1,A,1,w,A-01,12.5,0.77,0.96,
8/01/2016,1,A,2,w,A-02,13.5,0.98,1.01,
8/01/2016,1,A,3,w,A-03,15.2,0.9,0.91,
8/01/2016,1,A,4,w,A-04,15.5,0.98,1.05,
8/01/2016,1,A,5,w,A-05,10.4,0.95,0.98,
8/01/2016,1,A,6,w,A-06,15.4,0.94,0.95,
8/01/2016,1,A,7,w,A-07,10.6,0.75,0.73,
8/01/2016,1,A,8,w,A-08,12.2,0.64,0.58,
8/01/2016,1,A,9,w,A-09,16.3,1.08,1.07,
8/01/2016,1,A,10,w,A-10,17.6,1.05,1.09,
8/01/2016,1,A,11,w,A-11,14.2,0.96,0.95,
8/01/2016,1,A,12,w,A-12,14,0.99,0.89,
8/01/2016,1,A,13,w,A-13,18,1.04,1.1,
8/01/2016,1,A,14,w,A-14,16.8,1.03,1.09,
8/01/2016,1,A,15,w,A-15,12.7,0.97,1.04,
8/01/2016,1,B,1,w,B-01,12,0.82,0.9,
8/01/2016,1,B,2,w,B-02,11.8,0.79,0.78,
8/01/2016,1,B,3,w,B-03,11.8,0.74,0.85,
8/01/2016,1,B,4,w,B-04,17.3,0.99,0.97,
8/01/2016,1,B,5,w,B-05,11.8,0.88,0.71,
8/01/2016,1,B,6,w,B-06,13.1,0.95,0.99,
8/01/2016,1,B,7,w,B-07,11.8,0.9,0.87,
8/01/2016,1,B,8,w,B-08,12.5,1.01,1.04,
8/01/2016,1,B,9,w,B-09,15.2,1.32,1.38,
8/01/2016,1,B,10,w,B-10,13,0.89,0.91,
8/01/2016,1,B,11,w,B-11,14.3,1.22,1.14,
8/01/2016,1,B,12,w,B-12,14.2,0.82,0.88,
8/01/2016,1,B,13,w,B-13,11,0.98,0.89,
8/01/2016,1,B,14,w,B-14,14.3,1.1,1.03,
8/01/2016,1,B,15,w,B-15,12.7,0.83,0.79,
8/01/2016,1,B,1,d,B-01,12.8,0.8,0.83,
8/01/2016,1,B,2,d,B-02,13.2,0.73,0.7,
8/01/2016,1,B,3,d,B-03,13.7,1.22,1.27,
8/01/2016,1,B,4,d,B-04,13,0.89,0.92,
8/01/2016,1,B,5,d,B-05,13,0.81,0.88,
8/01/2016,1,B,6,d,B-06,7.2,0.55,0.53,
8/01/2016,1,B,7,d,B-07,9.8,0.95,0.98,
8/01/2016,1,B,8,d,B-08,14,1.06,1.1,
8/01/2016,1,B,9,d,B-09,13,1.12,1.15,
8/01/2016,1,B,10,d,B-10,12.7,1.03,1.05,
8/01/2016,1,B,11,d,B-11,14.7,1.19,1.2,
8/01/2016,1,B,12,d,B-12,11.5,0.92,0.99,
8/01/2016,1,B,13,d,B-13,15.4,0.83,0.88,
8/01/2016,1,B,14,d,B-14,12,1.11,1.02,
8/01/2016,1,B,15,d,B-15,11.9,0.61,0.59,
8/01/2016,1,C,1,w,C-01,12.5,0.89,0.95,
8/01/2016,1,C,2,w,C-02,12.5,0.78,0.74,
8/01/2016,1,C,3,w,C-03,10.5,0.67,0.77,
8/01/2016,1,C,4,w,C-04,10,0.74,0.82,
8/01/2016,1,C,5,w,C-05,15.5,0.87,0.92,
8/01/2016,1,C,6,w,C-06,14.2,0.92,0.98,
8/01/2016,1,C,7,w,C-07,9.3,0.85,0.88,
8/01/2016,1,C,8,w,C-08,12.5,0.8,0.77,
8/01/2016,1,C,9,w,C-09,11.4,0.75,0.78,
8/01/2016,1,C,10,w,C-10,11.9,0.85,0.87,
8/01/2016,1,C,11,w,C-11,6,0.6,0.53,
8/01/2016,1,C,12,w,C-12,9,0.84,0.91,
8/01/2016,1,C,13,w,C-13,17.5,1.06,1.05,
8/01/2016,1,C,14,w,C-14,16.2,1.33,1.27,
8/01/2016,1,C,15,w,C-15,7.4,0.79,0.77,
8/01/2016,2,A,16,w,A-16,14.4,1.03,1,
8/01/2016,2,A,17,w,A-17,15.3,1.05,1.06,
8/01/2016,2,A,18,w,A-18,15,1.02,1.03,
8/01/2016,2,A,19,w,A-19,15.3,0.98,1.06,
8/01/2016,2,A,20,w,A-20,11,0.99,0.94,
8/01/2016,2,A,21,w,A-21,13.2,1.07,1.06,
8/01/2016,2,A,22,w,A-22,12.4,0.89,0.96,
8/01/2016,2,A,23,w,A-23,11.2,1.01,0.94,
8/01/2016,2,A,24,w,A-24,10.2,0.83,0.88,
8/01/2016,2,A,25,w,A-25,15.2,1.14,1.11,
8/01/2016,2,A,26,w,A-26,10.1,0.71,0.75,
8/01/2016,2,A,27,w,A-27,14.3,0.94,1,
8/01/2016,2,A,28,w,A-28,15,0.94,0.97,
8/01/2016,2,A,29,w,A-29,11,0.76,0.82,
8/01/2016,2,A,30,w,A-30,13,0.68,0.7,
8/01/2016,2,B,16,w,B-16,12.4,0.95,0.99,
8/01/2016,2,B,17,w,B-17,15.4,0.85,0.92,
8/01/2016,2,B,18,w,B-18,14.2,1.04,1.07,
8/01/2016,2,B,19,w,B-19,12.5,0.8,0.86,
8/01/2016,2,B,20,w,B-20,16.5,1,0.91,
8/01/2016,2,B,21,w,B-21,14.8,1,0.98,
8/01/2016,2,B,22,w,B-22,13.5,1.06,1.09,
8/01/2016,2,B,23,w,B-23,8.9,0.97,1.07,
8/01/2016,2,B,24,w,B-24,15.6,0.93,0.94,
8/01/2016,2,B,25,w,B-25,10.3,0.62,0.68,
8/01/2016,2,B,26,w,B-26,13,1.12,1,
8/01/2016,2,B,27,w,B-27,14.4,0.97,1.02,
8/01/2016,2,B,28,w,B-28,13.1,0.95,0.99,
8/01/2016,2,B,29,w,B-29,16.1,0.98,1,
8/01/2016,2,B,30,w,B-30,15.4,0.8,0.92,
8/01/2016,2,B,16,d,B-16,11.7,0.75,0.8,
8/01/2016,2,B,17,d,B-17,13,0.96,1.01,
8/01/2016,2,B,18,d,B-18,13.4,0.78,0.85,
8/01/2016,2,B,19,d,B-19,13.2,0.98,0.97,
8/01/2016,2,B,20,d,B-20,13.1,0.88,0.91,
8/01/2016,2,B,21,d,B-21,13.7,0.87,0.84,
8/01/2016,2,B,22,d,B-22,10.5,0.63,0.62,
8/01/2016,2,B,23,d,B-23,11.4,0.85,0.86,
8/01/2016,2,B,24,d,B-24,14.4,0.88,0.98,
8/01/2016,2,B,25,d,B-25,10.8,1,1.08,
8/01/2016,2,B,26,d,B-26,14.5,0.8,0.88,
8/01/2016,2,B,27,d,B-27,14.5,0.9,0.87,
8/01/2016,2,B,28,d,B-28,11.7,0.77,0.79,
8/01/2016,2,B,29,d,B-29,10.5,0.92,0.88,
8/01/2016,2,B,30,d,B-30,14.5,0.79,0.83,
8/01/2016,2,C,16,w,C-16,9.4,0.93,0.91,
8/01/2016,2,C,17,w,C-17,9.7,0.73,0.7,
8/01/2016,2,C,18,w,C-18,13.7,0.97,1,
8/01/2016,2,C,19,w,C-19,13,1.02,1.09,
8/01/2016,2,C,20,w,C-20,13.7,1.1,0.99,
8/01/2016,2,C,21,w,C-21,8.8,0.72,0.79,
8/01/2016,2,C,22,w,C-22,15,0.8,0.87,
8/01/2016,2,C,23,w,C-23,11.2,0.86,0.91,
8/01/2016,2,C,24,w,C-24,13.7,0.84,0.72,
8/01/2016,2,C,25,w,C-25,13.7,0.76,0.76,
8/01/2016,2,C,26,w,C-26,16.5,0.92,1.05,
8/01/2016,2,C,27,w,C-27,13.4,0.85,0.82,
8/01/2016,2,C,28,w,C-28,14.3,0.97,0.96,
8/01/2016,2,C,29,w,C-29,14.5,1.03,1.02,
8/01/2016,2,C,30,w,C-30,10.5,0.83,0.87,
8/01/2016,3,A,31,w,A-31,15,0.91,1,
8/01/2016,3,A,32,w,A-32,9.6,0.68,0.67,
8/01/2016,3,A,33,w,A-33,15,0.92,0.99,
8/01/2016,3,A,34,w,A-34,17.6,1.07,1.09,
8/01/2016,3,A,35,w,A-35,17,1.04,1.05,
8/01/2016,3,A,36,w,A-36,16.1,0.99,0.98,
8/01/2016,3,A,37,w,A-37,10.7,1.11,1.09,
8/01/2016,3,A,38,w,A-38,12.6,0.92,0.89,
8/01/2016,3,A,39,w,A-39,11,0.82,0.88,
8/01/2016,3,A,40,w,A-40,18,1.15,1.05,
8/01/2016,3,A,41,w,A-41,11,0.89,0.96,
8/01/2016,3,A,42,w,A-42,11.5,0.78,0.81,
8/01/2016,3,A,43,w,A-43,16,0.77,0.85,
8/01/2016,3,A,44,w,A-44,12.3,1.1,0.94,
8/01/2016,3,A,45,w,A-45,16.1,1.01,0.98,
8/01/2016,3,B,31,w,B-31,13,0.81,0.85,
8/01/2016,3,B,32,w,B-32,13.5,0.84,0.87,
8/01/2016,3,B,33,w,B-33,10.7,0.94,0.85,
8/01/2016,3,B,34,w,B-34,16.3,1.01,1.02,
8/01/2016,3,B,35,w,B-35,14.7,0.83,0.92,
8/01/2016,3,B,36,w,B-36,15.2,0.87,0.94,
8/01/2016,3,B,37,w,B-37,13.8,1.26,1.18,
8/01/2016,3,B,38,w,B-38,11.5,1.05,1.03,
8/01/2016,3,B,39,w,B-39,10.6,0.78,0.8,
8/01/2016,3,B,40,w,B-40,10,0.68,0.77,
8/01/2016,3,B,41,w,B-41,13,0.71,0.76,
8/01/2016,3,B,42,w,B-42,14.3,0.83,0.87,
8/01/2016,3,B,43,w,B-43,11,0.87,0.81,
8/01/2016,3,B,44,w,B-44,15.2,1.05,1.03,
8/01/2016,3,B,45,w,B-45,12.2,0.72,0.73,
8/01/2016,3,B,31,d,B-31,11,0.88,0.89,
8/01/2016,3,B,32,d,B-32,13.8,1,1.02,
8/01/2016,3,B,33,d,B-33,16.8,1.03,1.08,
8/01/2016,3,B,34,d,B-34,12.2,0.94,0.97,
8/01/2016,3,B,35,d,B-35,14.2,1.1,0.99,
8/01/2016,3,B,36,d,B-36,13,1.03,1.01,
8/01/2016,3,B,37,d,B-37,16.5,0.95,0.91,
8/01/2016,3,B,38,d,B-38,15.1,0.98,1.02,
8/01/2016,3,B,39,d,B-39,15.2,1.01,1.04,
8/01/2016,3,B,40,d,B-40,10.1,0.85,0.82,
8/01/2016,3,B,41,d,B-41,12.2,0.72,0.74,
8/01/2016,3,B,42,d,B-42,13,0.83,0.93,
8/01/2016,3,B,43,d,B-43,10,0.55,0.63,
8/01/2016,3,B,44,d,B-44,12.5,0.97,0.96,
8/01/2016,3,B,45,d,B-45,10.8,0.76,0.79,
8/01/2016,3,C,31,w,C-31,19,1.12,1.11,
8/01/2016,3,C,32,w,C-32,14,0.94,1.02,
8/01/2016,3,C,33,w,C-33,16,1.01,1.02,
8/01/2016,3,C,34,w,C-34,11.2,0.79,0.83,
8/01/2016,3,C,35,w,C-35,14.2,0.91,0.91,
8/01/2016,3,C,36,w,C-36,13.3,0.81,0.89,
8/01/2016,3,C,37,w,C-37,9.9,0.9,0.8,
8/01/2016,3,C,38,w,C-38,13.8,0.94,0.96,
8/01/2016,3,C,39,w,C-39,8.7,0.75,0.77,
8/01/2016,3,C,40,w,C-40,13.5,0.99,0.98,
8/01/2016,3,C,41,w,C-41,9,0.83,0.85,
8/01/2016,3,C,42,w,C-42,13,0.77,0.79,
8/01/2016,3,C,43,w,C-43,16.1,1,0.99,
8/01/2016,3,C,44,w,C-44,13.1,0.84,0.84,
8/01/2016,3,C,45,w,C-45,14,1.1,1.05,
8/01/2016,4,A,46,w,A-46,14.4,1.07,1.04,
8/01/2016,4,A,47,w,A-47,16.2,1.38,1.29,
8/01/2016,4,A,48,w,A-48,13,0.93,0.92,
8/01/2016,4,A,49,w,A-49,13.9,1,1.04,
8/01/2016,4,A,50,w,A-50,11,0.95,0.84,
8/01/2016,4,A,51,w,A-51,11.6,0.89,0.88,
8/01/2016,4,A,52,w,A-52,13.8,1.15,1.12,
8/01/2016,4,A,53,w,A-53,17,1.34,1.31,
8/01/2016,4,A,54,w,A-54,16.3,1.17,1.17,
8/01/2016,4,A,55,w,A-55,14.4,1.16,0.95,
8/01/2016,4,A,56,w,A-56,13.6,1.04,1.06,
8/01/2016,4,A,57,w,A-57,15,1.11,1.19,
8/01/2016,4,A,58,w,A-58,11.2,1.03,1.09,
8/01/2016,4,A,59,w,A-59,14.6,1.02,1.05,
8/01/2016,4,A,60,w,A-60,13.5,0.93,0.96,
8/01/2016,4,B,46,w,B-46,11.3,0.95,0.89,
8/01/2016,4,B,47,w,B-47,13.3,0.82,0.86,
8/01/2016,4,B,48,w,B-48,10.1,0.92,0.78,
8/01/2016,4,B,49,w,B-49,13.8,0.98,0.97,
8/01/2016,4,B,50,w,B-50,10.6,0.7,0.83,
8/01/2016,4,B,51,w,B-51,13.8,0.78,0.76,
8/01/2016,4,B,52,w,B-52,12.4,1,1.07,
8/01/2016,4,B,53,w,B-53,10,0.87,0.95,
8/01/2016,4,B,54,w,B-54,15.5,1.08,1.09,
8/01/2016,4,B,55,w,B-55,14.3,1.04,1.14,
8/01/2016,4,B,56,w,B-56,18,1.22,1.27,
8/01/2016,4,B,57,w,B-57,10.3,0.95,0.96,
8/01/2016,4,B,58,w,B-58,15,1.1,1.04,
8/01/2016,4,B,59,w,B-59,12.4,0.84,0.88,
8/01/2016,4,B,60,w,B-60,11.8,0.86,0.88,
8/01/2016,4,B,46,d,B-46,16.8,1.23,1.38,
8/01/2016,4,B,47,d,B-47,12.2,0.95,0.98,
8/01/2016,4,B,48,d,B-48,13.3,1.05,1.01,
8/01/2016,4,B,49,d,B-49,12.5,0.85,0.91,
8/01/2016,4,B,50,d,B-50,13.7,1.04,0.99,
8/01/2016,4,B,51,d,B-51,12.2,0.96,1.01,
8/01/2016,4,B,52,d,B-52,11.3,0.79,0.98,
8/01/2016,4,B,53,d,B-53,14.3,0.84,0.87,
8/01/2016,4,B,54,d,B-54,16.8,0.93,0.99,
8/01/2016,4,B,55,d,B-55,12.1,0.85,0.86,
8/01/2016,4,B,56,d,B-56,11,0.75,0.78,
8/01/2016,4,B,57,d,B-57,12,0.86,0.95,
8/01/2016,4,B,58,d,B-58,10,0.89,0.94,
8/01/2016,4,B,59,d,B-59,13.3,0.93,1,
8/01/2016,4,B,60,d,B-60,11.4,0.9,0.72,
8/01/2016,4,C,46,w,C-46,11,0.83,0.99,
8/01/2016,4,C,47,w,C-47,11.6,0.8,0.86,
8/01/2016,4,C,48,w,C-48,10.1,0.71,0.76,
8/01/2016,4,C,49,w,C-49,13.2,1.31,1.33,
8/01/2016,4,C,50,w,C-50,11.4,0.72,0.76,
8/01/2016,4,C,51,w,C-51,14.4,1.06,1.09,
8/01/2016,4,C,52,w,C-52,11.2,0.84,0.77,
8/01/2016,4,C,53,w,C-53,11,0.77,0.81,
8/01/2016,4,C,54,w,C-54,12.4,0.88,0.96,
8/01/2016,4,C,55,w,C-55,13.1,1.12,1.08,
8/01/2016,4,C,56,w,C-56,11.4,0.79,0.8,
8/01/2016,4,C,57,w,C-57,13.5,0.89,0.93,
8/01/2016,4,C,58,w,C-58,13.8,0.96,0.97,
8/01/2016,4,C,59,w,C-59,14.4,0.88,0.94,
8/01/2016,4,C,60,w,C-60,12.8,0.76,0.76,
8/01/2016,5,A,61,w,A-61,15.1,1.16,1.16,
8/01/2016,5,A,62,w,A-62,14.2,1.21,1.16,
8/01/2016,5,A,63,w,A-63,12.2,1.06,0.99,
8/01/2016,5,A,64,w,A-64,14.5,1,1.02,
8/01/2016,5,A,65,w,A-65,13.9,0.86,0.91,
8/01/2016,5,A,66,w,A-66,11.2,1.01,1.1,
8/01/2016,5,A,67,w,A-67,10.7,1.01,1.05,
8/01/2016,5,A,68,w,A-68,13.9,1.08,1.04,
8/01/2016,5,A,69,w,A-69,11.5,1.03,1.1,
8/01/2016,5,A,70,w,A-70,14.2,0.88,0.89,
8/01/2016,5,A,71,w,A-71,17.6,1.17,1.3,
8/01/2016,5,A,72,w,A-72,10.4,0.95,1.08,
8/01/2016,5,A,73,w,A-73,12.1,0.97,0.89,
8/01/2016,5,A,74,w,A-74,13.1,1.08,1.16,
8/01/2016,5,A,75,w,A-75,12.7,0.97,0.99,
8/01/2016,5,B,61,w,B-61,15,1.01,1.05,
8/01/2016,5,B,62,w,B-62,13.3,0.9,1.03,
8/01/2016,5,B,63,w,B-63,14.1,1.07,1.08,
8/01/2016,5,B,64,w,B-64,10.9,1.07,1,
8/01/2016,5,B,65,w,B-65,8.5,0.57,0.64,
8/01/2016,5,B,66,w,B-66,10.9,0.9,0.92,
8/01/2016,5,B,67,w,B-67,9.5,0.99,0.99,
8/01/2016,5,B,68,w,B-68,11.7,1.05,1.08,
8/01/2016,5,B,69,w,B-69,12.5,1.03,1.05,
8/01/2016,5,B,70,w,B-70,14.3,0.96,1,
8/01/2016,5,B,71,w,B-71,12.8,1.06,1.14,
8/01/2016,5,B,72,w,B-72,12.4,1,0.97,
8/01/2016,5,B,73,w,B-73,10.4,0.89,0.87,
8/01/2016,5,B,74,w,B-74,14.4,1.05,1.09,
8/01/2016,5,B,75,w,B-75,10.3,0.92,0.99,
8/01/2016,5,B,61,d,B-61,11.8,1.02,0.97,
8/01/2016,5,B,62,d,B-62,16.5,1.05,1.09,
8/01/2016,5,B,63,d,B-63,13.2,1.01,0.96,
8/01/2016,5,B,64,d,B-64,10.3,0.95,1.05,
8/01/2016,5,B,65,d,B-65,13.8,0.86,0.9,
8/01/2016,5,B,66,d,B-66,12.4,1.14,1.11,
8/01/2016,5,B,67,d,B-67,14.2,0.9,0.96,
8/01/2016,5,B,68,d,B-68,11.7,0.96,1.01,
8/01/2016,5,B,69,d,B-69,14.2,0.95,0.89,
8/01/2016,5,B,70,d,B-70,14.2,1.15,1.03,
8/01/2016,5,B,71,d,B-71,10,1.03,0.93,
8/01/2016,5,B,72,d,B-72,12.2,0.88,0.99,
8/01/2016,5,B,73,d,B-73,13.1,0.92,0.97,
8/01/2016,5,B,74,d,B-74,15.2,0.95,0.93,
8/01/2016,5,B,75,d,B-75,13.4,0.98,1.02,
8/01/2016,5,C,61,w,C-61,9.6,0.73,0.96,
8/01/2016,5,C,62,w,C-62,11.6,0.95,0.92,
8/01/2016,5,C,63,w,C-63,13.7,1.04,1.01,
8/01/2016,5,C,64,w,C-64,10.4,0.86,1,
8/01/2016,5,C,65,w,C-65,16,1.04,1.03,
8/01/2016,5,C,66,w,C-66,14.8,1.14,1.19,
8/01/2016,5,C,67,w,C-67,15.5,1.38,1.37,
8/01/2016,5,C,68,w,C-68,15.7,1.08,1.17,
8/01/2016,5,C,69,w,C-69,11.7,0.84,0.79,
8/01/2016,5,C,70,w,C-70,10.5,0.77,0.75,
8/01/2016,5,C,71,w,C-71,12.2,0.93,0.97,
8/01/2016,5,C,72,w,C-72,11.6,1.09,0.97,
8/01/2016,5,C,73,w,C-73,14,0.97,1.02,
8/01/2016,5,C,74,w,C-74,14.8,1.07,1.15,
8/01/2016,5,C,75,w,C-75,11.9,1.04,1.05,
8/01/2016,6,A,76,w,A-76,10.9,1.17,1.25,
8/01/2016,6,A,77,w,A-77,16.3,1.28,1.31,
8/01/2016,6,A,78,w,A-78,11.4,0.83,0.9,
8/01/2016,6,A,79,w,A-79,10.7,1.09,1.07,
8/01/2016,6,A,80,w,A-80,16.3,1.49,1.51,
8/01/2016,6,A,81,w,A-81,10.8,1.08,1.07,
8/01/2016,6,A,82,w,A-82,14.8,0.88,0.98,
8/01/2016,6,A,83,w,A-83,12.5,1.1,1.18,
8/01/2016,6,A,84,w,A-84,15.2,1.06,1.04,
8/01/2016,6,A,85,w,A-85,15.4,1.1,1.12,
8/01/2016,6,A,86,w,A-86,13,0.99,1.04,
8/01/2016,6,A,87,w,A-87,10.9,1.27,1.25,
8/01/2016,6,A,88,w,A-88,15.4,1.22,1.24,
8/01/2016,6,A,89,w,A-89,16.3,1.17,1.26,
8/01/2016,6,A,90,w,A-90,14.9,1.18,1.05,
8/01/2016,6,B,76,w,B-76,16,1.2,1.07,
8/01/2016,6,B,77,w,B-77,13.6,1.16,1.25,
8/01/2016,6,B,78,w,B-78,11.8,0.81,0.88,
8/01/2016,6,B,79,w,B-79,11.3,0.87,0.97,
8/01/2016,6,B,80,w,B-80,12.7,0.85,0.91,
8/01/2016,6,B,81,w,B-81,10.2,0.73,0.74,
8/01/2016,6,B,82,w,B-82,11.5,0.9,0.86,
8/01/2016,6,B,83,w,B-83,11.8,0.96,1.02,
8/01/2016,6,B,84,w,B-84,12.4,1.04,1.13,
8/01/2016,6,B,85,w,B-85,11.9,0.99,0.83,
8/01/2016,6,B,86,w,B-86,11.4,1.37,1.03,
8/01/2016,6,B,87,w,B-87,12.4,0.78,0.78,
8/01/2016,6,B,88,w,B-88,13.8,0.98,1.03,
8/01/2016,6,B,89,w,B-89,12.9,1.02,1.07,
8/01/2016,6,B,90,w,B-90,12.2,1.05,1.01,
8/01/2016,6,B,76,d,B-76,11.7,1.12,1.21,
8/01/2016,6,B,77,d,B-77,11.9,0.93,1.12,
8/01/2016,6,B,78,d,B-78,17,1.38,1.34,
8/01/2016,6,B,79,d,B-79,13.8,0.96,0.97,
8/01/2016,6,B,80,d,B-80,14.4,1.05,1.01,
8/01/2016,6,B,81,d,B-81,11.9,0.82,0.84,
8/01/2016,6,B,82,d,B-82,11.5,0.85,0.81,
8/01/2016,6,B,83,d,B-83,11.2,0.85,0.78,
8/01/2016,6,B,84,d,B-84,11.3,0.89,0.77,
8/01/2016,6,B,85,d,B-85,17.2,1.2,1.1,
8/01/2016,6,B,86,d,B-86,14.9,1.03,1.13,
8/01/2016,6,B,87,d,B-87,12.8,0.77,0.82,
8/01/2016,6,B,88,d,B-88,12,1.2,1.05,
8/01/2016,6,B,89,d,B-89,11.3,1,0.95,
8/01/2016,6,B,90,d,B-90,15.8,1.07,1.1,
8/01/2016,6,C,76,w,C-76,12.6,0.93,0.95,
8/01/2016,6,C,77,w,C-77,11.3,0.77,0.77,
8/01/2016,6,C,78,w,C-78,15.3,0.96,0.91,
8/01/2016,6,C,79,w,C-79,8.9,0.84,0.89,
8/01/2016,6,C,80,w,C-80,12.3,0.88,0.88,
8/01/2016,6,C,81,w,C-81,13.4,1.26,1.17,
8/01/2016,6,C,82,w,C-82,8.3,0.64,0.68,
8/01/2016,6,C,83,w,C-83,14.5,1.15,1.05,
8/01/2016,6,C,84,w,C-84,13.6,1.18,1.15,
8/01/2016,6,C,85,w,C-85,10.5,1.03,1.05,
8/01/2016,6,C,86,w,C-86,9.9,0.91,0.96,
8/01/2016,6,C,87,w,C-87,13.5,0.9,0.99,
8/01/2016,6,C,88,w,C-88,12.8,0.96,0.9,
8/01/2016,6,C,89,w,C-89,10.1,0.99,1.03,
8/01/2016,6,C,90,w,C-90,15.3,1.08,0.84,
18/01/2016,1,A,1,w,A-01,14,1.17,1.19,
18/01/2016,1,A,2,w,A-02,15.4,1.07,1.09,
18/01/2016,1,A,3,w,A-03,17.2,1.06,1.08,
18/01/2016,1,A,4,w,A-04,17.2,1.04,1.09,
18/01/2016,1,A,5,w,A-05,12.3,1.03,1.09,
18/01/2016,1,A,6,w,A-06,16.5,1.09,1.06,
18/01/2016,1,A,7,w,A-07,11.4,1.06,1.03,
18/01/2016,1,A,8,w,A-08,13.4,0.84,0.87,
18/01/2016,1,A,9,w,A-09,19,1.35,1.41,
18/01/2016,1,A,10,w,A-10,18.5,1.36,1.37,
18/01/2016,1,A,11,w,A-11,15.7,1.29,1.26,
18/01/2016,1,A,12,w,A-12,15,1.04,1.07,
18/01/2016,1,A,13,w,A-13,19.8,1.25,1.28,
18/01/2016,1,A,14,w,A-14,18.7,1.32,1.37,
18/01/2016,1,A,15,w,A-15,13.5,1.17,1.16,
18/01/2016,1,B,1,w,B-01,13.6,1.14,1.19,
18/01/2016,1,B,2,w,B-02,13.2,0.81,0.84,
18/01/2016,1,B,3,w,B-03,12.4,0.97,0.96,
18/01/2016,1,B,4,w,B-04,18.3,1.29,1.23,
18/01/2016,1,B,5,w,B-05,13.8,1.04,1.08,
18/01/2016,1,B,6,w,B-06,15,1.12,1.14,
18/01/2016,1,B,7,w,B-07,13.2,0.94,1.02,
18/01/2016,1,B,8,w,B-08,13.8,1.38,1.33,
18/01/2016,1,B,9,w,B-09,17.8,1.65,1.69,
18/01/2016,1,B,10,w,B-10,14.7,1.15,1.17,
18/01/2016,1,B,11,w,B-11,16.2,1.37,1.4,
18/01/2016,1,B,12,w,B-12,15.7,1.04,1.09,
18/01/2016,1,B,13,w,B-13,11.5,0.98,0.94,
18/01/2016,1,B,14,w,B-14,16,1.27,1.21,
18/01/2016,1,B,15,w,B-15,13.5,0.81,0.88,
18/01/2016,1,B,1,d,B-01,13.2,0.94,0.98,
18/01/2016,1,B,2,d,B-02,14.6,0.91,0.97,
18/01/2016,1,B,3,d,B-03,14.8,1.58,1.64,
18/01/2016,1,B,4,d,B-04,14.7,0.93,0.98,
18/01/2016,1,B,5,d,B-05,14.1,1.02,0.98,
18/01/2016,1,B,6,d,B-06,8,0.6,0.58,
18/01/2016,1,B,7,d,B-07,12,1.3,1.34,
18/01/2016,1,B,8,d,B-08,16,1.8,1.84,
18/01/2016,1,B,9,d,B-09,14.2,1.22,1.27,
18/01/2016,1,B,10,d,B-10,14.5,1.49,1.43,
18/01/2016,1,B,11,d,B-11,16.8,1.79,1.81,
18/01/2016,1,B,12,d,B-12,12,1.31,1.24,
18/01/2016,1,B,13,d,B-13,17,1,1.08,
18/01/2016,1,B,14,d,B-14,15,1.5,1.49,
18/01/2016,1,B,15,d,B-15,12.5,0.73,0.76,
18/01/2016,1,C,1,w,C-01,14.5,1.12,1.17,
18/01/2016,1,C,2,w,C-02,14.7,1.03,1.02,
18/01/2016,1,C,3,w,C-03,11.8,0.79,0.83,
18/01/2016,1,C,4,w,C-04,11.2,0.68,0.69,smaller
18/01/2016,1,C,5,w,C-05,18,1.03,1.07,
18/01/2016,1,C,6,w,C-06,15.4,1.33,1.31,
18/01/2016,1,C,7,w,C-07,10.8,0.99,0.91,
18/01/2016,1,C,8,w,C-08,13.5,0.87,0.88,
18/01/2016,1,C,9,w,C-09,12.3,0.78,0.82,
18/01/2016,1,C,10,w,C-10,13.2,1.01,1.06,
18/01/2016,1,C,11,w,C-11,8,0.74,0.68,
18/01/2016,1,C,12,w,C-12,9.3,0.67,0.66,smaller
18/01/2016,1,C,13,w,C-13,19.5,1.28,1.27,
18/01/2016,1,C,14,w,C-14,18.7,1.58,1.51,
18/01/2016,1,C,15,w,C-15,8.1,0.89,0.88,
18/01/2016,2,A,16,w,A-16,16.3,1.32,1.42,
18/01/2016,2,A,17,w,A-17,18.4,1.26,1.26,
18/01/2016,2,A,18,w,A-18,17.5,1.2,1.24,
18/01/2016,2,A,19,w,A-19,18,1.1,1.14,
18/01/2016,2,A,20,w,A-20,12.4,0.98,1.01,
18/01/2016,2,A,21,w,A-21,15.6,1.34,1.37,
18/01/2016,2,A,22,w,A-22,15,1.04,1.03,
18/01/2016,2,A,23,w,A-23,13.7,1.03,1.08,
18/01/2016,2,A,24,w,A-24,11.9,1.02,1.06,
18/01/2016,2,A,25,w,A-25,16.5,1.13,1.21,
18/01/2016,2,A,26,w,A-26,12.4,0.91,0.95,
18/01/2016,2,A,27,w,A-27,15.5,0.96,1.06,
18/01/2016,2,A,28,w,A-28,17,1.05,1.09,
18/01/2016,2,A,29,w,A-29,11.7,0.63,0.68,smaller
18/01/2016,2,A,30,w,A-30,14.7,0.88,0.84,
18/01/2016,2,B,16,w,B-16,17.5,1.33,1.39,
18/01/2016,2,B,17,w,B-17,18.3,1.04,1.06,
18/01/2016,2,B,18,w,B-18,18.2,1.19,1.19,
18/01/2016,2,B,19,w,B-19,14,0.98,1.08,
18/01/2016,2,B,20,w,B-20,20,1.13,1.15,
18/01/2016,2,B,21,w,B-21,16.5,1.15,1.18,
18/01/2016,2,B,22,w,B-22,17.5,1.34,1.31,
18/01/2016,2,B,23,w,B-23,12,1.18,1.23,
18/01/2016,2,B,24,w,B-24,19,1.3,1.35,
18/01/2016,2,B,25,w,B-25,11.7,0.77,0.79,
18/01/2016,2,B,26,w,B-26,16.6,1.6,1.6,
18/01/2016,2,B,27,w,B-27,16.3,1.22,1.23,
18/01/2016,2,B,28,w,B-28,15.9,1.16,1.18,
18/01/2016,2,B,29,w,B-29,19.1,1.51,1.58,
18/01/2016,2,B,30,w,B-30,17.5,1.04,1.06,
18/01/2016,2,B,16,d,B-16,13.7,0.92,0.98,
18/01/2016,2,B,17,d,B-17,16,1.39,1.4,
18/01/2016,2,B,18,d,B-18,16,1.1,1.16,
18/01/2016,2,B,19,d,B-19,16.2,1.19,1.2,
18/01/2016,2,B,20,d,B-20,14.6,0.84,0.84,
18/01/2016,2,B,21,d,B-21,16,0.92,0.97,
18/01/2016,2,B,22,d,B-22,12.3,0.9,0.95,
18/01/2016,2,B,23,d,B-23,14.1,1.1,1.2,
18/01/2016,2,B,24,d,B-24,15.7,1.17,1.2,
18/01/2016,2,B,25,d,B-25,13.2,1.29,1.3,
18/01/2016,2,B,26,d,B-26,16.7,1.19,1.17,
18/01/2016,2,B,27,d,B-27,16.2,1.17,1.16,
18/01/2016,2,B,28,d,B-28,14.2,1.03,1.03,
18/01/2016,2,B,29,d,B-29,13.2,1.08,1.07,
18/01/2016,2,B,30,d,B-30,16.3,1.29,1.28,
18/01/2016,2,C,16,w,C-16,11.4,1.01,1.07,
18/01/2016,2,C,17,w,C-17,11.5,0.91,0.87,
18/01/2016,2,C,18,w,C-18,16.8,1.13,1.18,
18/01/2016,2,C,19,w,C-19,15.5,1.36,1.35,
18/01/2016,2,C,20,w,C-20,15.5,1.34,1.35,
18/01/2016,2,C,21,w,C-21,10.6,0.85,0.98,
18/01/2016,2,C,22,w,C-22,17.5,1,1.08,
18/01/2016,2,C,23,w,C-23,13.7,1.22,1.27,
18/01/2016,2,C,24,w,C-24,15.7,0.99,1,
18/01/2016,2,C,25,w,C-25,16.5,0.87,0.88,
18/01/2016,2,C,26,w,C-26,19.7,1.5,1.59,
18/01/2016,2,C,27,w,C-27,15.2,1.14,1,
18/01/2016,2,C,28,w,C-28,17.2,1.24,1.2,
18/01/2016,2,C,29,w,C-29,17.4,1.18,1.12,
18/01/2016,2,C,30,w,C-30,13.1,1.22,1.24,
18/01/2016,3,A,31,w,A-31,16.5,1.27,1.28,
18/01/2016,3,A,32,w,A-32,12.5,1.05,1.06,
18/01/2016,3,A,33,w,A-33,19,1.3,1.36,
18/01/2016,3,A,34,w,A-34,20.5,1.42,1.49,
18/01/2016,3,A,35,w,A-35,23.7,1.9,2.01,
18/01/2016,3,A,36,w,A-36,18.6,1.08,1.07,
18/01/2016,3,A,37,w,A-37,14.5,1.64,1.59,
18/01/2016,3,A,38,w,A-38,16.5,1.13,1.19,
18/01/2016,3,A,39,w,A-39,11.6,1.29,1.28,
18/01/2016,3,A,40,w,A-40,21.3,1.37,1.37,
18/01/2016,3,A,41,w,A-41,14,1.12,1.15,
18/01/2016,3,A,42,w,A-42,16,1.12,1.18,
18/01/2016,3,A,43,w,A-43,18.5,1.32,1.33,
18/01/2016,3,A,44,w,A-44,14.5,1.29,1.21,
18/01/2016,3,A,45,w,A-45,20,1.32,1.39,
18/01/2016,3,B,31,w,B-31,15,1.03,1.09,
18/01/2016,3,B,32,w,B-32,16.4,1.08,1.06,
18/01/2016,3,B,33,w,B-33,16.8,1.21,1.22,
18/01/2016,3,B,34,w,B-34,21.4,1.59,1.58,
18/01/2016,3,B,35,w,B-35,17.8,1.23,1.26,
18/01/2016,3,B,36,w,B-36,18.8,1.03,1.09,
18/01/2016,3,B,37,w,B-37,21,1.77,1.79,
18/01/2016,3,B,38,w,B-38,15.7,1.4,1.35,
18/01/2016,3,B,39,w,B-39,15.3,1.23,1.27,
18/01/2016,3,B,40,w,B-40,14,1.05,1.01,
18/01/2016,3,B,41,w,B-41,15.7,1.09,1.02,
18/01/2016,3,B,42,w,B-42,17.5,1.04,1.09,
18/01/2016,3,B,43,w,B-43,17.4,1.45,1.56,
18/01/2016,3,B,44,w,B-44,23.5,1.37,1.35,
18/01/2016,3,B,45,w,B-45,15,0.99,1.07,
18/01/2016,3,B,31,d,B-31,17,1.38,1.39,
18/01/2016,3,B,32,d,B-32,16.5,1.19,1.17,
18/01/2016,3,B,33,d,B-33,21.7,1.38,1.39,
18/01/2016,3,B,34,d,B-34,14.1,1.27,1.27,
18/01/2016,3,B,35,d,B-35,19.8,1.73,1.64,
18/01/2016,3,B,36,d,B-36,17.8,1.54,1.65,
18/01/2016,3,B,37,d,B-37,21,1.51,1.6,
18/01/2016,3,B,38,d,B-38,20,1.57,1.62,
18/01/2016,3,B,39,d,B-39,19.4,1.6,1.57,
18/01/2016,3,B,40,d,B-40,12.7,1.26,1.16,
18/01/2016,3,B,41,d,B-41,14.5,0.98,1.01,
18/01/2016,3,B,42,d,B-42,19,1.55,1.58,
18/01/2016,3,B,43,d,B-43,11.4,0.89,0.92,
18/01/2016,3,B,44,d,B-44,15.7,1.37,1.37,
18/01/2016,3,B,45,d,B-45,13.2,1.18,1.18,
18/01/2016,3,C,31,w,C-31,23.2,1.54,1.54,
18/01/2016,3,C,32,w,C-32,17.9,1.4,1.34,
18/01/2016,3,C,33,w,C-33,20.5,1.59,1.61,
18/01/2016,3,C,34,w,C-34,12,0.9,0.72,
18/01/2016,3,C,35,w,C-35,16,1.35,1.37,
18/01/2016,3,C,36,w,C-36,16.5,1.15,1.17,
18/01/2016,3,C,37,w,C-37,14,1.28,1.27,
18/01/2016,3,C,38,w,C-38,16.2,1.2,1.24,
18/01/2016,3,C,39,w,C-39,11.5,1.12,1.13,some stem damage
18/01/2016,3,C,40,w,C-40,17,1.15,1.18,
18/01/2016,3,C,41,w,C-41,15,1.55,1.56,
18/01/2016,3,C,42,w,C-42,15.5,1.2,1.22,
18/01/2016,3,C,43,w,C-43,22.3,1.48,1.48,
18/01/2016,3,C,44,w,C-44,16.4,1.44,1.45,
18/01/2016,3,C,45,w,C-45,22,1.68,1.62,
18/01/2016,4,A,46,w,A-46,19.5,1.43,1.64,
18/01/2016,4,A,47,w,A-47,22.3,1.74,1.79,
18/01/2016,4,A,48,w,A-48,16.5,1.2,1.2,
18/01/2016,4,A,49,w,A-49,20.5,1.8,1.79,
18/01/2016,4,A,50,w,A-50,15.2,0.97,0.98,
18/01/2016,4,A,51,w,A-51,14,1.07,1.08,
18/01/2016,4,A,52,w,A-52,19,1.26,1.28,
18/01/2016,4,A,53,w,A-53,26.3,2.08,2.05,
18/01/2016,4,A,54,w,A-54,24,1.71,1.79,
18/01/2016,4,A,55,w,A-55,19,1.36,1.38,
18/01/2016,4,A,56,w,A-56,19.4,1.61,1.66,
18/01/2016,4,A,57,w,A-57,18.6,1.35,1.39,
18/01/2016,4,A,58,w,A-58,16,1.5,1.49,
18/01/2016,4,A,59,w,A-59,19,1.54,1.5,
18/01/2016,4,A,60,w,A-60,19.7,1.36,1.39,
18/01/2016,4,B,46,w,B-46,16,1.26,1.05,
18/01/2016,4,B,47,w,B-47,18.7,1.26,1.32,
18/01/2016,4,B,48,w,B-48,15.2,1.64,1.67,
18/01/2016,4,B,49,w,B-49,20,1.39,1.46,
18/01/2016,4,B,50,w,B-50,13.2,1.07,1.08,
18/01/2016,4,B,51,w,B-51,16.4,1.03,1.08,
18/01/2016,4,B,52,w,B-52,16.4,1.56,1.59,
18/01/2016,4,B,53,w,B-53,14.8,1.37,1.38,
18/01/2016,4,B,54,w,B-54,23,1.86,1.97,
18/01/2016,4,B,55,w,B-55,23.3,1.54,1.59,
18/01/2016,4,B,56,w,B-56,24.3,1.79,1.79,
18/01/2016,4,B,57,w,B-57,16.5,1.64,1.71,
18/01/2016,4,B,58,w,B-58,19.7,1.55,1.58,
18/01/2016,4,B,59,w,B-59,15,1.05,1.05,
18/01/2016,4,B,60,w,B-60,13.8,1.06,1.09,
18/01/2016,4,B,46,d,B-46,25.1,2.06,2.08,
18/01/2016,4,B,47,d,B-47,16.5,1.33,1.21,
18/01/2016,4,B,48,d,B-48,23,1.66,1.66,
18/01/2016,4,B,49,d,B-49,17.5,1.42,1.31,
18/01/2016,4,B,50,d,B-50,20,1.72,1.74,
18/01/2016,4,B,51,d,B-51,19.5,1.52,1.59,
18/01/2016,4,B,52,d,B-52,13.6,0.83,0.89,
18/01/2016,4,B,53,d,B-53,17.7,1.43,1.35,
18/01/2016,4,B,54,d,B-54,22,1.44,1.5,
18/01/2016,4,B,55,d,B-55,17,1.27,1.23,
18/01/2016,4,B,56,d,B-56,19.5,1.51,1.57,
18/01/2016,4,B,57,d,B-57,15,1.08,1.07,
18/01/2016,4,B,58,d,B-58,16.8,1.12,1.16,
18/01/2016,4,B,59,d,B-59,17.6,1.4,1.38,
18/01/2016,4,B,60,d,B-60,14.8,0.99,1.03,
18/01/2016,4,C,46,w,C-46,14.8,1,1.09,
18/01/2016,4,C,47,w,C-47,14.5,1.34,1.37,
18/01/2016,4,C,48,w,C-48,15.2,1.36,1.36,
18/01/2016,4,C,49,w,C-49,21.5,1.78,1.84,
18/01/2016,4,C,50,w,C-50,16.2,1.24,1.1,
18/01/2016,4,C,51,w,C-51,21.5,1.59,1.59,
18/01/2016,4,C,52,w,C-52,15.2,0.91,1,
18/01/2016,4,C,53,w,C-53,17.4,1.05,1.09,
18/01/2016,4,C,54,w,C-54,18.8,1.14,1.16,
18/01/2016,4,C,55,w,C-55,21,1.91,1.83,
18/01/2016,4,C,56,w,C-56,14,0.88,0.92,
18/01/2016,4,C,57,w,C-57,20,1.34,1.37,
18/01/2016,4,C,58,w,C-58,19.8,1.45,1.45,
18/01/2016,4,C,59,w,C-59,20,1.47,1.45,
18/01/2016,4,C,60,w,C-60,17.4,1.12,1.15,
18/01/2016,5,A,61,w,A-61,26.5,1.98,1.97,
18/01/2016,5,A,62,w,A-62,26,1.92,1.87,
18/01/2016,5,A,63,w,A-63,21.9,1.73,1.7,
18/01/2016,5,A,64,w,A-64,22.5,1.59,1.63,
18/01/2016,5,A,65,w,A-65,23.5,1.8,1.78,
18/01/2016,5,A,66,w,A-66,23.5,1.79,1.82,
18/01/2016,5,A,67,w,A-67,20.4,1.63,1.6,
18/01/2016,5,A,68,w,A-68,24.6,1.7,1.79,
18/01/2016,5,A,69,w,A-69,23,1.52,1.66,
18/01/2016,5,A,70,w,A-70,19,1.3,1.32,
18/01/2016,5,A,71,w,A-71,26.5,2.17,2.15,
18/01/2016,5,A,72,w,A-72,17.8,1.34,1.49,
18/01/2016,5,A,73,w,A-73,21.8,1.61,1.63,
18/01/2016,5,A,74,w,A-74,24,1.86,1.89,
18/01/2016,5,A,75,w,A-75,19,1.55,1.57,
18/01/2016,5,B,61,w,B-61,23.8,1.6,1.58,
18/01/2016,5,B,62,w,B-62,17.3,1.31,1.42,
18/01/2016,5,B,63,w,B-63,23.3,1.83,1.9,
18/01/2016,5,B,64,w,B-64,26,1.56,1.62,
18/01/2016,5,B,65,w,B-65,14.3,0.99,1.05,
18/01/2016,5,B,66,w,B-66,21.8,1.46,1.47,
18/01/2016,5,B,67,w,B-67,19,1.51,1.6,
18/01/2016,5,B,68,w,B-68,22,2.06,1.9,
18/01/2016,5,B,69,w,B-69,17,1.43,1.41,
18/01/2016,5,B,70,w,B-70,21.3,1.48,1.51,
18/01/2016,5,B,71,w,B-71,18.7,1.49,1.56,
18/01/2016,5,B,72,w,B-72,19.7,1.17,1.24,
18/01/2016,5,B,73,w,B-73,23.5,1.69,1.6,
18/01/2016,5,B,74,w,B-74,22.5,1.48,1.55,
18/01/2016,5,B,75,w,B-75,17.5,1.2,1.24,
18/01/2016,5,B,61,d,B-61,19,1.36,1.44,
18/01/2016,5,B,62,d,B-62,30.5,1.9,1.87,
18/01/2016,5,B,63,d,B-63,22.5,1.5,1.45,
18/01/2016,5,B,64,d,B-64,23.6,1.74,1.7,
18/01/2016,5,B,65,d,B-65,19.3,1.17,1.24,
18/01/2016,5,B,66,d,B-66,26,1.92,1.87,
18/01/2016,5,B,67,d,B-67,25.6,1.7,1.66,
18/01/2016,5,B,68,d,B-68,24.7,1.78,1.7,
18/01/2016,5,B,69,d,B-69,16.5,1.33,1.37,
18/01/2016,5,B,70,d,B-70,27.1,1.73,1.69,
18/01/2016,5,B,71,d,B-71,18.2,1.62,1.63,
18/01/2016,5,B,72,d,B-72,18.8,1.62,1.72,
18/01/2016,5,B,73,d,B-73,20,1.23,1.38,
18/01/2016,5,B,74,d,B-74,26,1.56,1.63,
18/01/2016,5,B,75,d,B-75,18.6,1.35,1.35,
18/01/2016,5,C,61,w,C-61,20,1.63,1.64,
18/01/2016,5,C,62,w,C-62,20.3,1.66,1.64,
18/01/2016,5,C,63,w,C-63,20.3,1.33,1.34,
18/01/2016,5,C,64,w,C-64,20,1.62,1.61,
18/01/2016,5,C,65,w,C-65,25,1.73,1.77,
18/01/2016,5,C,66,w,C-66,29.5,1.96,2.14,
18/01/2016,5,C,67,w,C-67,24.8,2.12,2.13,
18/01/2016,5,C,68,w,C-68,25.4,1.62,1.62,
18/01/2016,5,C,69,w,C-69,18.4,1.3,1.29,
18/01/2016,5,C,70,w,C-70,18.6,1.29,1.25,
18/01/2016,5,C,71,w,C-71,17.7,1.64,1.62,
18/01/2016,5,C,72,w,C-72,24.3,1.71,1.87,
18/01/2016,5,C,73,w,C-73,25.4,1.51,1.56,
18/01/2016,5,C,74,w,C-74,27,1.72,1.76,
18/01/2016,5,C,75,w,C-75,20.5,1.61,1.61,
18/01/2016,6,A,76,w,A-76,24.5,1.89,2,
18/01/2016,6,A,77,w,A-77,28.7,1.95,1.88,
18/01/2016,6,A,78,w,A-78,17.3,1.38,1.42,
18/01/2016,6,A,79,w,A-79,20.7,1.57,1.66,
18/01/2016,6,A,80,w,A-80,31,2.06,2.19,
18/01/2016,6,A,81,w,A-81,22.5,1.77,1.83,
18/01/2016,6,A,82,w,A-82,28.7,1.68,1.72,
18/01/2016,6,A,83,w,A-83,30,1.94,1.96,
18/01/2016,6,A,84,w,A-84,23.6,1.55,1.67,
18/01/2016,6,A,85,w,A-85,24,1.64,1.71,
18/01/2016,6,A,86,w,A-86,21.5,1.63,1.67,
18/01/2016,6,A,87,w,A-87,20.4,1.76,1.77,
18/01/2016,6,A,88,w,A-88,24.3,1.76,1.79,
18/01/2016,6,A,89,w,A-89,25.5,1.75,1.86,
18/01/2016,6,A,90,w,A-90,28.7,1.58,1.63,
18/01/2016,6,B,76,w,B-76,22,1.62,1.42,
18/01/2016,6,B,77,w,B-77,23.5,1.56,1.62,
18/01/2016,6,B,78,w,B-78,17.4,1.41,1.22,
18/01/2016,6,B,79,w,B-79,20.5,1.51,1.47,
18/01/2016,6,B,80,w,B-80,21.7,1.51,1.61,
18/01/2016,6,B,81,w,B-81,25,1.54,1.5,
18/01/2016,6,B,82,w,B-82,14.4,1.28,1.31,
18/01/2016,6,B,83,w,B-83,25.4,1.89,1.84,
18/01/2016,6,B,84,w,B-84,23.5,1.86,1.91,
18/01/2016,6,B,85,w,B-85,22.6,1.73,1.76,
18/01/2016,6,B,86,w,B-86,22,1.41,1.44,
18/01/2016,6,B,87,w,B-87,18.3,1.52,1.61,
18/01/2016,6,B,88,w,B-88,26.4,1.86,1.84,
18/01/2016,6,B,89,w,B-89,20,1.34,1.29,
18/01/2016,6,B,90,w,B-90,24,1.57,1.54,
18/01/2016,6,B,76,d,B-76,22.7,1.57,1.67,
18/01/2016,6,B,77,d,B-77,22.4,1.28,1.26,
18/01/2016,6,B,78,d,B-78,33.4,2.32,2.28,
18/01/2016,6,B,79,d,B-79,21.6,1.5,1.51,
18/01/2016,6,B,80,d,B-80,20,1.79,1.96,
18/01/2016,6,B,81,d,B-81,24.3,1.64,1.49,
18/01/2016,6,B,82,d,B-82,19.7,1.29,1.38,
18/01/2016,6,B,83,d,B-83,16.7,1.21,1.17,
18/01/2016,6,B,84,d,B-84,19.7,1.29,1.34,some burn damage
18/01/2016,6,B,85,d,B-85,28,1.87,1.82,
18/01/2016,6,B,86,d,B-86,28,1.96,1.96,
18/01/2016,6,B,87,d,B-87,19,1.18,1.17,
18/01/2016,6,B,88,d,B-88,23,1.55,1.49,
18/01/2016,6,B,89,d,B-89,22.5,1.96,2.11,
18/01/2016,6,B,90,d,B-90,24.4,1.7,1.5,
18/01/2016,6,C,76,w,C-76,16,1.41,1.49,
18/01/2016,6,C,77,w,C-77,22.5,1.33,1.36,
18/01/2016,6,C,78,w,C-78,25.5,1.7,1.86,
18/01/2016,6,C,79,w,C-79,16.5,1.21,1.12,
18/01/2016,6,C,80,w,C-80,19.7,1.42,1.46,
18/01/2016,6,C,81,w,C-81,24.5,1.94,2.05,
18/01/2016,6,C,82,w,C-82,13.1,1.02,1.08,
18/01/2016,6,C,83,w,C-83,25.5,1.91,1.8,
18/01/2016,6,C,84,w,C-84,21.9,1.68,1.74,
18/01/2016,6,C,85,w,C-85,18.8,1.58,1.56,
18/01/2016,6,C,86,w,C-86,18.5,1.55,1.64,
18/01/2016,6,C,87,w,C-87,31,1.63,1.66,
18/01/2016,6,C,88,w,C-88,22.3,1.48,1.53,
18/01/2016,6,C,89,w,C-89,16.5,1.96,1.75,
18/01/2016,6,C,90,w,C-90,29,1.5,1.54,
28/01/2016,1,A,1,w,A-01,17.5,1.94,1.94,
28/01/2016,1,A,2,w,A-02,16.6,1.66,1.68,
28/01/2016,1,A,3,w,A-03,19.3,1.61,1.63,
28/01/2016,1,A,4,w,A-04,18.6,2,1.99,
28/01/2016,1,A,5,w,A-05,16,1.66,1.63,
28/01/2016,1,A,6,w,A-06,18.8,1.72,1.76,
28/01/2016,1,A,7,w,A-07,12.7,1.35,1.36,
28/01/2016,1,A,8,w,A-08,15,1.13,1.14,
28/01/2016,1,A,9,w,A-09,21,1.48,1.47,
28/01/2016,1,A,10,w,A-10,20,1.95,1.94,
28/01/2016,1,A,11,w,A-11,18,1.88,1.9,
28/01/2016,1,A,12,w,A-12,17.7,1.64,1.64,
28/01/2016,1,A,13,w,A-13,21.7,1.77,1.77,
28/01/2016,1,A,14,w,A-14,21.5,1.98,1.98,
28/01/2016,1,A,15,w,A-15,16.6,2.04,2,
28/01/2016,1,B,1,w,B-01,16.8,1.49,1.52,
28/01/2016,1,B,2,w,B-02,13.7,1.24,1.26,
28/01/2016,1,B,3,w,B-03,15.5,1.35,1.39,
28/01/2016,1,B,4,w,B-04,21,1.73,1.69,
28/01/2016,1,B,5,w,B-05,18.3,1.62,1.55,
28/01/2016,1,B,6,w,B-06,17.2,1.61,1.66,
28/01/2016,1,B,7,w,B-07,14.8,1.5,1.56,
28/01/2016,1,B,8,w,B-08,17,2.18,2.02,
28/01/2016,1,B,9,w,B-09,22,2.43,2.43,
28/01/2016,1,B,10,w,B-10,18,1.71,1.62,
28/01/2016,1,B,11,w,B-11,18.3,2.46,2.35,
28/01/2016,1,B,12,w,B-12,16.8,1.54,1.48,
28/01/2016,1,B,13,w,B-13,13.8,1.18,1.1,
28/01/2016,1,B,14,w,B-14,19.2,1.83,1.85,
28/01/2016,1,B,15,w,B-15,15.6,1.35,1.45,
28/01/2016,1,B,1,d,B-01,15,1.44,1.47,
28/01/2016,1,B,2,d,B-02,16.4,1.3,1.3,
28/01/2016,1,B,3,d,B-03,17.5,2,2.01,
28/01/2016,1,B,4,d,B-04,17.1,1.6,1.62,
28/01/2016,1,B,5,d,B-05,16.2,1.24,1.22,
28/01/2016,1,B,6,d,B-06,9.8,0.91,0.93,
28/01/2016,1,B,7,d,B-07,16,1.8,1.77,
28/01/2016,1,B,8,d,B-08,20,2.11,2.09,
28/01/2016,1,B,9,d,B-09,18,1.82,1.85,
28/01/2016,1,B,10,d,B-10,17.2,1.77,1.77,
28/01/2016,1,B,11,d,B-11,21.4,2.61,2.54,
28/01/2016,1,B,12,d,B-12,15.4,1.64,1.6,
28/01/2016,1,B,13,d,B-13,17.5,1.8,1.76,
28/01/2016,1,B,14,d,B-14,20,2.14,2.17,
28/01/2016,1,B,15,d,B-15,15.2,1.32,1.35,
28/01/2016,1,C,1,w,C-01,17.1,1.35,1.35,
28/01/2016,1,C,2,w,C-02,17.2,1.48,1.41,
28/01/2016,1,C,3,w,C-03,14.5,1.44,1.4,
28/01/2016,1,C,4,w,C-04,12.4,1.13,1.14,
28/01/2016,1,C,5,w,C-05,21.6,1.45,1.44,
28/01/2016,1,C,6,w,C-06,19.5,1.61,1.6,
28/01/2016,1,C,7,w,C-07,13.4,1.53,1.53,
28/01/2016,1,C,8,w,C-08,16.2,1.31,1.3,
28/01/2016,1,C,9,w,C-09,13.7,1.34,1.35,
28/01/2016,1,C,10,w,C-10,15.5,1.58,1.51,
28/01/2016,1,C,11,w,C-11,11.5,1.4,1.43,
28/01/2016,1,C,12,w,C-12,10.5,1.34,1.38,
28/01/2016,1,C,13,w,C-13,23,1.63,1.68,
28/01/2016,1,C,14,w,C-14,19.8,2.19,2.17,
28/01/2016,1,C,15,w,C-15,10.1,1.46,1.44,
28/01/2016,2,A,16,w,A-16,22.7,2.13,1.94,
28/01/2016,2,A,17,w,A-17,27.1,1.89,1.89,
28/01/2016,2,A,18,w,A-18,23.5,1.79,1.76,
28/01/2016,2,A,19,w,A-19,23.5,2.21,2.19,
28/01/2016,2,A,20,w,A-20,15,1.7,1.66,
28/01/2016,2,A,21,w,A-21,21,2.03,2.02,
28/01/2016,2,A,22,w,A-22,22.3,2.01,1.98,
28/01/2016,2,A,23,w,A-23,17.3,1.73,1.77,
28/01/2016,2,A,24,w,A-24,17.1,1.73,1.64,
28/01/2016,2,A,25,w,A-25,19.7,1.56,1.65,
28/01/2016,2,A,26,w,A-26,15.3,1.75,1.62,
28/01/2016,2,A,27,w,A-27,20.5,1.91,1.87,
28/01/2016,2,A,28,w,A-28,24.3,1.95,1.94,
28/01/2016,2,A,29,w,A-29,14.7,1.45,1.46,
28/01/2016,2,A,30,w,A-30,16.5,1.31,1.34,
28/01/2016,2,B,16,w,B-16,26.5,1.64,1.58,
28/01/2016,2,B,17,w,B-17,22.5,1.62,1.65,
28/01/2016,2,B,18,w,B-18,23.4,2.66,2.75,
28/01/2016,2,B,19,w,B-19,19.2,1.61,1.65,
28/01/2016,2,B,20,w,B-20,32.6,1.87,1.89,
28/01/2016,2,B,21,w,B-21,20.6,1.73,1.76,
28/01/2016,2,B,22,w,B-22,26.2,2.27,2.2,
28/01/2016,2,B,23,w,B-23,17.4,1.71,1.67,
28/01/2016,2,B,24,w,B-24,25.6,2.12,2.14,
28/01/2016,2,B,25,w,B-25,15.4,1.4,1.37,
28/01/2016,2,B,26,w,B-26,22.1,2.19,2.17,
28/01/2016,2,B,27,w,B-27,22.6,1.85,1.82,
28/01/2016,2,B,28,w,B-28,21.3,1.71,1.74,
28/01/2016,2,B,29,w,B-29,26.8,2.09,2.08,
28/01/2016,2,B,30,w,B-30,21.6,1.47,1.49,
28/01/2016,2,B,16,d,B-16,21.3,1.95,1.9,
28/01/2016,2,B,17,d,B-17,21.3,2.06,2.05,
28/01/2016,2,B,18,d,B-18,22.6,1.8,1.78,
28/01/2016,2,B,19,d,B-19,24,2.29,1.96,
28/01/2016,2,B,20,d,B-20,18.2,1.85,1.78,
28/01/2016,2,B,21,d,B-21,20.4,1.67,1.68,
28/01/2016,2,B,22,d,B-22,16.4,1.47,1.44,
28/01/2016,2,B,23,d,B-23,20.6,1.93,1.93,
28/01/2016,2,B,24,d,B-24,18.7,1.42,1.43,
28/01/2016,2,B,25,d,B-25,19.5,2.02,2.08,
28/01/2016,2,B,26,d,B-26,21.4,2,1.97,
28/01/2016,2,B,27,d,B-27,23.8,2.12,2.1,
28/01/2016,2,B,28,d,B-28,20,2.11,2.06,
28/01/2016,2,B,29,d,B-29,17.2,1.65,1.67,
28/01/2016,2,B,30,d,B-30,21.3,1.93,1.96,
28/01/2016,2,C,16,w,C-16,16.4,1.56,1.57,
28/01/2016,2,C,17,w,C-17,15.5,1.56,1.5,
28/01/2016,2,C,18,w,C-18,22,1.73,1.71,
28/01/2016,2,C,19,w,C-19,23.2,1.99,1.97,
28/01/2016,2,C,20,w,C-20,22.7,1.87,1.91,
28/01/2016,2,C,21,w,C-21,14.5,1.42,1.45,
28/01/2016,2,C,22,w,C-22,23.1,2.05,1.86,
28/01/2016,2,C,23,w,C-23,17.6,1.52,1.56,
28/01/2016,2,C,24,w,C-24,21.8,1.63,1.66,
28/01/2016,2,C,25,w,C-25,22.4,1.67,1.64,
28/01/2016,2,C,26,w,C-26,28.4,2.23,2.1,
28/01/2016,2,C,27,w,C-27,22.5,1.61,1.61,
28/01/2016,2,C,28,w,C-28,23.3,1.69,1.64,
28/01/2016,2,C,29,w,C-29,23,2.25,2.24,
28/01/2016,2,C,30,w,C-30,18.5,1.73,1.72,
28/01/2016,3,A,31,w,A-31,23.7,1.59,1.55,
28/01/2016,3,A,32,w,A-32,19.4,1.7,1.67,
28/01/2016,3,A,33,w,A-33,29.4,2.28,2.29,
28/01/2016,3,A,34,w,A-34,30.6,2.19,2.28,
28/01/2016,3,A,35,w,A-35,37.2,2.45,2.52,
28/01/2016,3,A,36,w,A-36,26.4,2.01,2.06,
28/01/2016,3,A,37,w,A-37,29.8,2.04,2.09,
28/01/2016,3,A,38,w,A-38,24.2,1.74,1.77,
28/01/2016,3,A,39,w,A-39,18.7,1.85,1.82,
28/01/2016,3,A,40,w,A-40,31.3,2.34,2.35,
28/01/2016,3,A,41,w,A-41,25.7,2.11,2.25,
28/01/2016,3,A,42,w,A-42,30,1.81,1.82,
28/01/2016,3,A,43,w,A-43,31.5,2.02,2.05,
28/01/2016,3,A,44,w,A-44,20.4,1.88,1.89,
28/01/2016,3,A,45,w,A-45,34.3,2.56,2.53,
28/01/2016,3,B,31,w,B-31,22.5,1.41,1.39,
28/01/2016,3,B,32,w,B-32,28.2,2.06,2.07,
28/01/2016,3,B,33,w,B-33,30.6,2.27,2.37,
28/01/2016,3,B,34,w,B-34,33,2.5,2.64,
28/01/2016,3,B,35,w,B-35,23.5,1.75,1.76,
28/01/2016,3,B,36,w,B-36,28.3,2.28,2.45,
28/01/2016,3,B,37,w,B-37,36.1,2.65,2.67,
28/01/2016,3,B,38,w,B-38,28.3,2.62,2.36,
28/01/2016,3,B,39,w,B-39,26.3,2.18,2.11,
28/01/2016,3,B,40,w,B-40,21.3,1.67,1.69,
28/01/2016,3,B,41,w,B-41,22.5,1.88,1.78,
28/01/2016,3,B,42,w,B-42,25.7,2.06,2.06,
28/01/2016,3,B,43,w,B-43,32,2.05,2.06,
28/01/2016,3,B,44,w,B-44,39.5,2.45,2.46,
28/01/2016,3,B,45,w,B-45,22.8,1.56,1.56,
28/01/2016,3,B,31,d,B-31,26.7,1.88,1.83,
28/01/2016,3,B,32,d,B-32,25.2,1.78,1.81,
28/01/2016,3,B,33,d,B-33,28.2,2.63,2.65,
28/01/2016,3,B,34,d,B-34,20,1.83,1.81,
28/01/2016,3,B,35,d,B-35,29,2.32,2.21,
28/01/2016,3,B,36,d,B-36,27.8,1.83,1.83,
28/01/2016,3,B,37,d,B-37,34,2.23,2.24,
28/01/2016,3,B,38,d,B-38,28.8,2.38,2.31,
28/01/2016,3,B,39,d,B-39,28.1,2.51,2.47,
28/01/2016,3,B,40,d,B-40,17.9,1.45,1.47,
28/01/2016,3,B,41,d,B-41,18.7,1.59,1.54,
28/01/2016,3,B,42,d,B-42,27,1.8,1.89,
28/01/2016,3,B,43,d,B-43,16,1.38,1.31,
28/01/2016,3,B,44,d,B-44,24,2.25,2.21,
28/01/2016,3,B,45,d,B-45,18,1.65,1.61,
28/01/2016,3,C,31,w,C-31,37.1,2.04,2.03,
28/01/2016,3,C,32,w,C-32,30.8,2.32,2.36,
28/01/2016,3,C,33,w,C-33,33.2,2.23,2.43,
28/01/2016,3,C,34,w,C-34,19.5,1.6,1.63,
28/01/2016,3,C,35,w,C-35,24,1.89,1.85,
28/01/2016,3,C,36,w,C-36,31.2,2.11,2.04,
28/01/2016,3,C,37,w,C-37,25.1,2.5,2.45,
28/01/2016,3,C,38,w,C-38,28.7,2.12,2.15,
28/01/2016,3,C,39,w,C-39,17,1.76,1.78,
28/01/2016,3,C,40,w,C-40,27.2,2.07,1.78,
28/01/2016,3,C,41,w,C-41,25.5,2.34,2.32,
28/01/2016,3,C,42,w,C-42,24.8,1.75,1.7,
28/01/2016,3,C,43,w,C-43,35.6,2.11,2.25,
28/01/2016,3,C,44,w,C-44,35.3,1.98,1.93,
28/01/2016,3,C,45,w,C-45,34,2.89,2.76,
28/01/2016,4,A,46,w,A-46,36,1.99,2.06,
28/01/2016,4,A,47,w,A-47,33,2.65,2.66,
28/01/2016,4,A,48,w,A-48,25.5,1.94,1.95,
28/01/2016,4,A,49,w,A-49,40.5,2.61,2.62,
28/01/2016,4,A,50,w,A-50,27.8,1.89,1.87,
28/01/2016,4,A,51,w,A-51,28.7,1.83,1.86,
28/01/2016,4,A,52,w,A-52,40.5,2.32,2.43,
28/01/2016,4,A,53,w,A-53,44.3,3.68,3.86,
28/01/2016,4,A,54,w,A-54,44.7,2.43,2.43,
28/01/2016,4,A,55,w,A-55,35.3,2.38,2.37,
28/01/2016,4,A,56,w,A-56,38.5,2.37,2.42,
28/01/2016,4,A,57,w,A-57,38.3,2.23,2.21,
28/01/2016,4,A,58,w,A-58,30.5,2.69,2.57,
28/01/2016,4,A,59,w,A-59,36.4,2.24,2.25,
28/01/2016,4,A,60,w,A-60,35.1,2.02,2.09,
28/01/2016,4,B,46,w,B-46,31,2.11,2.12,
28/01/2016,4,B,47,w,B-47,33,2.17,2.1,
28/01/2016,4,B,48,w,B-48,28,2.2,2.18,
28/01/2016,4,B,49,w,B-49,35.3,2.6,2.5,
28/01/2016,4,B,50,w,B-50,19.3,1.61,1.64,
28/01/2016,4,B,51,w,B-51,24.7,1.8,1.86,
28/01/2016,4,B,52,w,B-52,30.8,2.63,2.68,
28/01/2016,4,B,53,w,B-53,30.7,1.88,1.82,
28/01/2016,4,B,54,w,B-54,42,2.86,2.84,
28/01/2016,4,B,55,w,B-55,41.5,2.5,2.53,
28/01/2016,4,B,56,w,B-56,38.6,2.59,2.57,
28/01/2016,4,B,57,w,B-57,29.3,2.26,2.28,
28/01/2016,4,B,58,w,B-58,31.2,1.95,2.07,
28/01/2016,4,B,59,w,B-59,25,1.91,1.93,
28/01/2016,4,B,60,w,B-60,23.2,1.74,1.79,
28/01/2016,4,B,46,d,B-46,41.3,2.66,2.74,
28/01/2016,4,B,47,d,B-47,27.7,1.79,1.8,
28/01/2016,4,B,48,d,B-48,38.5,2.38,2.34,
28/01/2016,4,B,49,d,B-49,29.6,2.41,2.48,
28/01/2016,4,B,50,d,B-50,27.6,1.86,1.85,
28/01/2016,4,B,51,d,B-51,38,2.68,2.83,
28/01/2016,4,B,52,d,B-52,21,1.98,1.82,
28/01/2016,4,B,53,d,B-53,29.5,2.02,2.02,
28/01/2016,4,B,54,d,B-54,31.5,1.97,1.93,
28/01/2016,4,B,55,d,B-55,27.5,1.52,1.54,
28/01/2016,4,B,56,d,B-56,32.5,2.65,2.55,
28/01/2016,4,B,57,d,B-57,20.7,1.5,1.54,
28/01/2016,4,B,58,d,B-58,29.2,2.3,2,
28/01/2016,4,B,59,d,B-59,27.6,1.78,1.79,
28/01/2016,4,B,60,d,B-60,27.2,1.84,1.88,
28/01/2016,4,C,46,w,C-46,29.2,1.7,1.76,
28/01/2016,4,C,47,w,C-47,25,2.2,2.19,
28/01/2016,4,C,48,w,C-48,34.8,2.28,2.21,
28/01/2016,4,C,49,w,C-49,42.8,3.21,3.22,
28/01/2016,4,C,50,w,C-50,35,2.04,2.05,
28/01/2016,4,C,51,w,C-51,37.7,2.2,2.18,
28/01/2016,4,C,52,w,C-52,26,1.65,1.67,
28/01/2016,4,C,53,w,C-53,31.2,2.07,1.95,
28/01/2016,4,C,54,w,C-54,29,1.69,1.69,
28/01/2016,4,C,55,w,C-55,35.5,2.4,2.32,
28/01/2016,4,C,56,w,C-56,23.7,1.63,1.56,
28/01/2016,4,C,57,w,C-57,34.1,2.59,2.57,
28/01/2016,4,C,58,w,C-58,32.7,2.28,2.5,
28/01/2016,4,C,59,w,C-59,40,2.31,2.29,
28/01/2016,4,C,60,w,C-60,30.2,1.9,2.01,
28/01/2016,5,A,61,w,A-61,45.1,3,2.98,
28/01/2016,5,A,62,w,A-62,45.5,2.91,2.98,
28/01/2016,5,A,63,w,A-63,40.5,2.44,2.44,
28/01/2016,5,A,64,w,A-64,38.8,2.27,2.25,
28/01/2016,5,A,65,w,A-65,45.8,2.23,2.29,
28/01/2016,5,A,66,w,A-66,48.5,2.74,2.77,
28/01/2016,5,A,67,w,A-67,40,2.47,2.44,
28/01/2016,5,A,68,w,A-68,42,3.11,2.98,
28/01/2016,5,A,69,w,A-69,44.2,2.58,2.59,
28/01/2016,5,A,70,w,A-70,36.3,1.85,1.82,
28/01/2016,5,A,71,w,A-71,45.5,2.83,2.93,
28/01/2016,5,A,72,w,A-72,37.5,2.31,2.34,
28/01/2016,5,A,73,w,A-73,45.7,2.45,2.47,
28/01/2016,5,A,74,w,A-74,46.2,3,2.86,
28/01/2016,5,A,75,w,A-75,33.4,2.22,2.26,
28/01/2016,5,B,61,w,B-61,40.5,2.44,2.47,
28/01/2016,5,B,62,w,B-62,28.8,1.81,1.85,
28/01/2016,5,B,63,w,B-63,40,2.41,2.38,
28/01/2016,5,B,64,w,B-64,44.5,2.64,2.61,
28/01/2016,5,B,65,w,B-65,29.7,1.32,1.35,
28/01/2016,5,B,66,w,B-66,42.5,1.98,1.91,
28/01/2016,5,B,67,w,B-67,36.5,2.8,2.87,
28/01/2016,5,B,68,w,B-68,40.3,3.08,3.06,
28/01/2016,5,B,69,w,B-69,29,2.17,2.11,
28/01/2016,5,B,70,w,B-70,36.2,1.87,1.88,
28/01/2016,5,B,71,w,B-71,35.2,2.29,2.27,
28/01/2016,5,B,72,w,B-72,31.5,1.86,1.76,
28/01/2016,5,B,73,w,B-73,44.3,2.37,2.4,
28/01/2016,5,B,74,w,B-74,29.5,2.26,2.25,
28/01/2016,5,B,75,w,B-75,33,2.3,2.28,
28/01/2016,5,B,61,d,B-61,31.7,1.91,1.95,
28/01/2016,5,B,62,d,B-62,43,2.74,2.61,
28/01/2016,5,B,63,d,B-63,43.3,2.35,2.36,
28/01/2016,5,B,64,d,B-64,40.2,2.24,2.29,
28/01/2016,5,B,65,d,B-65,36.1,2.57,2.63,
28/01/2016,5,B,66,d,B-66,40.5,2.57,2.56,
28/01/2016,5,B,67,d,B-67,39.5,2.49,2.52,
28/01/2016,5,B,68,d,B-68,41.4,2.58,2.59,
28/01/2016,5,B,69,d,B-69,33.8,1.94,1.97,
28/01/2016,5,B,70,d,B-70,47,2.86,2.87,
28/01/2016,5,B,71,d,B-71,33,2.16,2.17,
28/01/2016,5,B,72,d,B-72,31.5,2.33,2.39,
28/01/2016,5,B,73,d,B-73,33,2.11,2.17,
28/01/2016,5,B,74,d,B-74,48.8,2.18,2.17,
28/01/2016,5,B,75,d,B-75,31,1.76,1.78,
28/01/2016,5,C,61,w,C-61,39.5,2.76,2.51,
28/01/2016,5,C,62,w,C-62,36.8,2.87,2.88,
28/01/2016,5,C,63,w,C-63,34.5,1.96,1.95,
28/01/2016,5,C,64,w,C-64,37.6,2.39,2.39,
28/01/2016,5,C,65,w,C-65,47.8,2.69,2.67,
28/01/2016,5,C,66,w,C-66,50.8,2.71,2.81,
28/01/2016,5,C,67,w,C-67,43.2,2.77,2.75,
28/01/2016,5,C,68,w,C-68,43,2.04,2.05,
28/01/2016,5,C,69,w,C-69,32.1,1.83,1.82,
28/01/2016,5,C,70,w,C-70,35.8,1.77,1.73,
28/01/2016,5,C,71,w,C-71,22,1.83,1.86,
28/01/2016,5,C,72,w,C-72,44,2.26,2.23,
28/01/2016,5,C,73,w,C-73,39.8,2.64,2.58,
28/01/2016,5,C,74,w,C-74,42.3,2.6,2.57,
28/01/2016,5,C,75,w,C-75,36.6,2.1,2.09,
28/01/2016,6,A,76,w,A-76,46.5,2.74,2.72,
28/01/2016,6,A,77,w,A-77,43,2.32,2.37,
28/01/2016,6,A,78,w,A-78,30,1.92,1.99,
28/01/2016,6,A,79,w,A-79,40,2.44,2.46,
28/01/2016,6,A,80,w,A-80,51.1,2.83,2.89,
28/01/2016,6,A,81,w,A-81,45,2.35,2.34,
28/01/2016,6,A,82,w,A-82,49.8,2.44,2.47,
28/01/2016,6,A,83,w,A-83,51,2.81,2.63,
28/01/2016,6,A,84,w,A-84,40.5,2.14,2.18,
28/01/2016,6,A,85,w,A-85,43.2,2.27,2.22,
28/01/2016,6,A,86,w,A-86,42.7,2.4,2.41,
28/01/2016,6,A,87,w,A-87,38.5,2.74,2.77,
28/01/2016,6,A,88,w,A-88,43.1,2.34,2.35,
28/01/2016,6,A,89,w,A-89,41.4,2.03,2.12,
28/01/2016,6,A,90,w,A-90,49,2.41,2.4,
28/01/2016,6,B,76,w,B-76,31.1,1.84,1.86,
28/01/2016,6,B,77,w,B-77,41,2.37,2.32,
28/01/2016,6,B,78,w,B-78,28.9,1.48,1.53,
28/01/2016,6,B,79,w,B-79,32.5,2.14,2.17,
28/01/2016,6,B,80,w,B-80,41,2.72,2.68,
28/01/2016,6,B,81,w,B-81,40.3,2.14,2.22,
28/01/2016,6,B,82,w,B-82,34.2,1.59,1.56,
28/01/2016,6,B,83,w,B-83,37.5,2.39,2.32,
28/01/2016,6,B,84,w,B-84,34.4,2.43,2.49,
28/01/2016,6,B,85,w,B-85,37.3,2.33,2.3,
28/01/2016,6,B,86,w,B-86,30,1.94,1.97,
28/01/2016,6,B,87,w,B-87,36.1,2.48,2.35,
28/01/2016,6,B,88,w,B-88,46.5,2.42,2.45,
28/01/2016,6,B,89,w,B-89,35.2,1.64,1.65,
28/01/2016,6,B,90,w,B-90,38.7,2.32,2.38,
28/01/2016,6,B,76,d,B-76,32.7,2.38,2.39,
28/01/2016,6,B,77,d,B-77,31,2.19,2.16,
28/01/2016,6,B,78,d,B-78,48.6,3.68,3.75,
28/01/2016,6,B,79,d,B-79,38.2,2.02,1.99,
28/01/2016,6,B,80,d,B-80,34,1.49,1.55,
28/01/2016,6,B,81,d,B-81,38.8,1.7,1.62,
28/01/2016,6,B,82,d,B-82,37,2.09,2.06,
28/01/2016,6,B,83,d,B-83,26.8,1.35,1.38,
28/01/2016,6,B,84,d,B-84,29,1.75,1.69,
28/01/2016,6,B,85,d,B-85,37.2,2.51,2.55,
28/01/2016,6,B,86,d,B-86,42.3,2.5,2.47,
28/01/2016,6,B,87,d,B-87,32,1.39,1.41,
28/01/2016,6,B,88,d,B-88,39,2.51,2.48,
28/01/2016,6,B,89,d,B-89,35.5,2.03,2.07,
28/01/2016,6,B,90,d,B-90,38.4,1.76,1.73,
28/01/2016,6,C,76,w,C-76,44.3,1.97,1.96,
28/01/2016,6,C,77,w,C-77,34,1.84,1.89,
28/01/2016,6,C,78,w,C-78,42,2.61,2.62,
28/01/2016,6,C,79,w,C-79,30.1,1.73,1.69,
28/01/2016,6,C,80,w,C-80,33,1.95,2.03,
28/01/2016,6,C,81,w,C-81,40.5,2.76,2.79,
28/01/2016,6,C,82,w,C-82,27.5,1.78,1.75,
28/01/2016,6,C,83,w,C-83,45.8,2.43,2.47,
28/01/2016,6,C,84,w,C-84,34.8,2.55,2.55,
28/01/2016,6,C,85,w,C-85,27.4,2.11,2.14,
28/01/2016,6,C,86,w,C-86,31.4,1.91,1.93,
28/01/2016,6,C,87,w,C-87,47.2,2.2,2.35,
28/01/2016,6,C,88,w,C-88,35,2.21,2.2,
28/01/2016,6,C,89,w,C-89,27,2.26,2.28,
28/01/2016,6,C,90,w,C-90,44,2.15,2.21,
8/02/2016,1,A,1,w,A-01,23,2.88,2.84,
8/02/2016,1,A,2,w,A-02,21.7,2.52,2.36,
8/02/2016,1,A,3,w,A-03,24,2.58,2.66,
8/02/2016,1,A,4,w,A-04,21.5,3.17,3.05,
8/02/2016,1,A,5,w,A-05,21.8,3.14,3.33,
8/02/2016,1,A,6,w,A-06,22.6,2.77,3.05,
8/02/2016,1,A,7,w,A-07,15.7,2.56,2.6,
8/02/2016,1,A,8,w,A-08,,,,
8/02/2016,1,A,9,w,A-09,25.9,3.01,3.08,
8/02/2016,1,A,10,w,A-10,23.6,2.91,3.1,
8/02/2016,1,A,11,w,A-11,21.5,2.82,2.85,
8/02/2016,1,A,12,w,A-12,21.4,2.44,2.51,
8/02/2016,1,A,13,w,A-13,25.7,2.73,2.72,
8/02/2016,1,A,14,w,A-14,28.3,3.07,2.85,
8/02/2016,1,A,15,w,A-15,23,2.81,2.9,
8/02/2016,1,B,1,w,B-01,20.9,2.62,2.84,
8/02/2016,1,B,2,w,B-02,17.4,2.3,2.36,
8/02/2016,1,B,3,w,B-03,21.8,2.31,2.47,
8/02/2016,1,B,4,w,B-04,23.1,2.58,2.55,
8/02/2016,1,B,5,w,B-05,21.6,2.49,2.72,
8/02/2016,1,B,6,w,B-06,22.3,2.44,2.67,
8/02/2016,1,B,7,w,B-07,17.3,2.46,2.13,
8/02/2016,1,B,8,w,B-08,20.3,3,3.48,
8/02/2016,1,B,9,w,B-09,27.7,3.33,3.36,
8/02/2016,1,B,10,w,B-10,24.2,2.89,2.61,
8/02/2016,1,B,11,w,B-11,21.5,3.28,3.08,
8/02/2016,1,B,12,w,B-12,18.2,2.29,2.26,
8/02/2016,1,B,13,w,B-13,,,,
8/02/2016,1,B,14,w,B-14,23.2,3.09,2.74,
8/02/2016,1,B,15,w,B-15,17.5,2.52,2.78,
8/02/2016,1,B,1,d,B-01,17,2.09,2.07,
8/02/2016,1,B,2,d,B-02,19.4,2.05,2.07,
8/02/2016,1,B,3,d,B-03,21.2,3.15,3.22,
8/02/2016,1,B,4,d,B-04,23.4,2.36,2.47,
8/02/2016,1,B,5,d,B-05,19.2,2.23,2.22,
8/02/2016,1,B,6,d,B-06,,,,
8/02/2016,1,B,7,d,B-07,22.7,2.97,3.35,
8/02/2016,1,B,8,d,B-08,24.8,3.15,3.11,
8/02/2016,1,B,9,d,B-09,24.8,2.94,3.02,
8/02/2016,1,B,10,d,B-10,22.7,2.92,2.69,
8/02/2016,1,B,11,d,B-11,28.1,3.52,3.51,
8/02/2016,1,B,12,d,B-12,20.9,2.36,2.29,
8/02/2016,1,B,13,d,B-13,20.3,2.23,2.27,
8/02/2016,1,B,14,d,B-14,25.2,3.54,3.67,
8/02/2016,1,B,15,d,B-15,18.5,2.09,2.16,
8/02/2016,1,C,1,w,C-01,20.9,2.09,2.29,
8/02/2016,1,C,2,w,C-02,21.2,2.38,2.39,
8/02/2016,1,C,3,w,C-03,19.2,2.05,2.21,
8/02/2016,1,C,4,w,C-04,,,,
8/02/2016,1,C,5,w,C-05,25.8,2.71,2.78,
8/02/2016,1,C,6,w,C-06,24.2,2.68,2.95,
8/02/2016,1,C,7,w,C-07,17.3,2.3,2.39,
8/02/2016,1,C,8,w,C-08,19.9,1.66,1.8,
8/02/2016,1,C,9,w,C-09,15.8,2.36,2.32,
8/02/2016,1,C,10,w,C-10,20.2,2.44,2.77,
8/02/2016,1,C,11,w,C-11,15.4,2.21,2.25,
8/02/2016,1,C,12,w,C-12,12.1,1.96,2.02,
8/02/2016,1,C,13,w,C-13,29.9,2.74,3.12,
8/02/2016,1,C,14,w,C-14,20.6,3.14,2.73,
8/02/2016,1,C,15,w,C-15,15,2.01,2.09,
8/02/2016,2,A,16,w,A-16,36.3,4.04,4.26,
8/02/2016,2,A,17,w,A-17,40.7,3.47,3.73,
8/02/2016,2,A,18,w,A-18,35.5,3.39,3.39,
8/02/2016,2,A,19,w,A-19,36.3,3.76,4.07,
8/02/2016,2,A,20,w,A-20,23,2.77,2.85,
8/02/2016,2,A,21,w,A-21,33.5,3.51,3.89,
8/02/2016,2,A,22,w,A-22,32.7,2.93,3.02,
8/02/2016,2,A,23,w,A-23,27.9,3.48,3.49,
8/02/2016,2,A,24,w,A-24,26,2.85,2.89,
8/02/2016,2,A,25,w,A-25,30.2,2.76,3.14,
8/02/2016,2,A,26,w,A-26,27.7,2.93,2.74,
8/02/2016,2,A,27,w,A-27,30.8,3.42,3.53,
8/02/2016,2,A,28,w,A-28,37.3,3.31,3.83,
8/02/2016,2,A,29,w,A-29,23.7,2.71,2.63,
8/02/2016,2,A,30,w,A-30,,,,
8/02/2016,2,B,16,w,B-16,40.6,3.25,3.52,
8/02/2016,2,B,17,w,B-17,32.9,3.59,3.1,
8/02/2016,2,B,18,w,B-18,36.1,3.94,4.08,
8/02/2016,2,B,19,w,B-19,32,2.89,2.96,
8/02/2016,2,B,20,w,B-20,47.8,3.96,3.89,
8/02/2016,2,B,21,w,B-21,29.4,3.07,2.81,
8/02/2016,2,B,22,w,B-22,36.3,3.39,3.55,
8/02/2016,2,B,23,w,B-23,25.2,3.58,3.05,
8/02/2016,2,B,24,w,B-24,38.1,3.65,3.66,
8/02/2016,2,B,25,w,B-25,,,,
8/02/2016,2,B,26,w,B-26,29.6,3.84,3.97,
8/02/2016,2,B,27,w,B-27,37.6,3.61,3.74,
8/02/2016,2,B,28,w,B-28,34.7,3.81,3.56,
8/02/2016,2,B,29,w,B-29,41,3.49,3.9,
8/02/2016,2,B,30,w,B-30,30,2.51,2.56,
8/02/2016,2,B,16,d,B-16,33.4,3.69,3.78,
8/02/2016,2,B,17,d,B-17,29.6,3.88,3.49,
8/02/2016,2,B,18,d,B-18,27.4,3.98,3.69,
8/02/2016,2,B,19,d,B-19,35.7,3.34,3.47,
8/02/2016,2,B,20,d,B-20,26,3.42,3.09,
8/02/2016,2,B,21,d,B-21,30.4,2.78,2.56,
8/02/2016,2,B,22,d,B-22,,,,
8/02/2016,2,B,23,d,B-23,30.4,3.44,3.08,
8/02/2016,2,B,24,d,B-24,25.9,2.57,2.78,
8/02/2016,2,B,25,d,B-25,29.3,3.29,3.39,
8/02/2016,2,B,26,d,B-26,29.5,3.42,3.39,
8/02/2016,2,B,27,d,B-27,42.6,3.82,3.88,
8/02/2016,2,B,28,d,B-28,36.9,3.7,3.65,
8/02/2016,2,B,29,d,B-29,26.5,2.95,2.96,
8/02/2016,2,B,30,d,B-30,35.2,3.64,3.56,
8/02/2016,2,C,16,w,C-16,25.7,3.07,3.16,
8/02/2016,2,C,17,w,C-17,26.1,3.43,3.45,
8/02/2016,2,C,18,w,C-18,36.2,3.66,3.77,
8/02/2016,2,C,19,w,C-19,34.5,3.33,3.41,
8/02/2016,2,C,20,w,C-20,33.5,3.32,3.13,
8/02/2016,2,C,21,w,C-21,,,,
8/02/2016,2,C,22,w,C-22,38,3.64,3.48,
8/02/2016,2,C,23,w,C-23,25.7,3.07,3.18,
8/02/2016,2,C,24,w,C-24,35.4,3.07,3.64,
8/02/2016,2,C,25,w,C-25,33.8,3.19,3.02,
8/02/2016,2,C,26,w,C-26,40.3,4.08,3.53,
8/02/2016,2,C,27,w,C-27,33.2,2.84,2.66,
8/02/2016,2,C,28,w,C-28,39.1,3.76,3.54,
8/02/2016,2,C,29,w,C-29,38,3.89,3.55,
8/02/2016,2,C,30,w,C-30,26.3,3.1,3.23,
8/02/2016,3,A,31,w,A-31,37.4,3.21,3.44,
8/02/2016,3,A,32,w,A-32,,,,
8/02/2016,3,A,33,w,A-33,56.4,4.19,4.29,
8/02/2016,3,A,34,w,A-34,52.4,4.05,4.15,
8/02/2016,3,A,35,w,A-35,48.8,3.54,3.86,
8/02/2016,3,A,36,w,A-36,39.7,3.53,3.38,
8/02/2016,3,A,37,w,A-37,49.9,3.92,3.79,
8/02/2016,3,A,38,w,A-38,40.5,2.99,3.04,
8/02/2016,3,A,39,w,A-39,35.8,3.53,3.61,
8/02/2016,3,A,40,w,A-40,52.9,3.74,4.02,
8/02/2016,3,A,41,w,A-41,41.6,3.98,3.82,
8/02/2016,3,A,42,w,A-42,42,3.98,3.72,
8/02/2016,3,A,43,w,A-43,53,4.45,4.48,
8/02/2016,3,A,44,w,A-44,37.3,3.18,3.17,
8/02/2016,3,A,45,w,A-45,52.6,4.06,4.1,
8/02/2016,3,B,31,w,B-31,,,,
8/02/2016,3,B,32,w,B-32,43.8,3.28,3.38,
8/02/2016,3,B,33,w,B-33,49.6,4.68,4.53,
8/02/2016,3,B,34,w,B-34,48.8,4.11,4.25,
8/02/2016,3,B,35,w,B-35,33.4,3.3,3.44,
8/02/2016,3,B,36,w,B-36,46.3,4.52,4.34,
8/02/2016,3,B,37,w,B-37,56.9,4.11,4.31,
8/02/2016,3,B,38,w,B-38,50.9,4.66,4.79,
8/02/2016,3,B,39,w,B-39,44.7,3.99,3.82,
8/02/2016,3,B,40,w,B-40,36.4,3.07,3.38,
8/02/2016,3,B,41,w,B-41,38.7,2.91,2.96,
8/02/2016,3,B,42,w,B-42,40,3.33,3.14,
8/02/2016,3,B,43,w,B-43,51.3,3.71,3.73,
8/02/2016,3,B,44,w,B-44,57.4,4.55,4.52,
8/02/2016,3,B,45,w,B-45,40.4,3.19,3.17,
8/02/2016,3,B,31,d,B-31,45.8,3.15,3.17,
8/02/2016,3,B,32,d,B-32,42,3.52,3.26,
8/02/2016,3,B,33,d,B-33,40.2,3.87,3.78,
8/02/2016,3,B,34,d,B-34,33,2.91,2.88,
8/02/2016,3,B,35,d,B-35,40.3,3.57,3.6,
8/02/2016,3,B,36,d,B-36,43.5,3.47,3.45,
8/02/2016,3,B,37,d,B-37,51.4,3.41,3.31,
8/02/2016,3,B,38,d,B-38,39.2,3.59,3.48,
8/02/2016,3,B,39,d,B-39,43.6,4.25,4.03,
8/02/2016,3,B,40,d,B-40,28.5,2.32,2.37,
8/02/2016,3,B,41,d,B-41,29.5,2.66,2.64,
8/02/2016,3,B,42,d,B-42,35.1,3.17,3.15,
8/02/2016,3,B,43,d,B-43,,,,
8/02/2016,3,B,44,d,B-44,38,3.39,3.08,
8/02/2016,3,B,45,d,B-45,28.2,2.52,2.54,
8/02/2016,3,C,31,w,C-31,55,4.16,4.16,
8/02/2016,3,C,32,w,C-32,57.9,4.7,4.74,
8/02/2016,3,C,33,w,C-33,49.5,3.57,3.6,
8/02/2016,3,C,34,w,C-34,,,,
8/02/2016,3,C,35,w,C-35,37.7,2.85,3.07,
8/02/2016,3,C,36,w,C-36,52.8,3.54,3.63,
8/02/2016,3,C,37,w,C-37,43.8,4.17,4.44,
8/02/2016,3,C,38,w,C-38,42.8,3.52,3.43,
8/02/2016,3,C,39,w,C-39,34.4,3.84,3.73,
8/02/2016,3,C,40,w,C-40,44.7,3.43,3.54,
8/02/2016,3,C,41,w,C-41,40.7,3.56,3.79,
8/02/2016,3,C,42,w,C-42,38.2,3.43,2.23,
8/02/2016,3,C,43,w,C-43,53.6,3.78,3.75,
8/02/2016,3,C,44,w,C-44,40.4,3.33,3.51,
8/02/2016,3,C,45,w,C-45,56.7,4.32,4.56,
8/02/2016,4,A,46,w,A-46,56,4.19,3.8,
8/02/2016,4,A,47,w,A-47,49.7,4.8,4.42,
8/02/2016,4,A,48,w,A-48,,,,
8/02/2016,4,A,49,w,A-49,66.8,4.7,4.76,
8/02/2016,4,A,50,w,A-50,45.7,4.14,4.17,
8/02/2016,4,A,51,w,A-51,51.8,4.12,4.86,
8/02/2016,4,A,52,w,A-52,68.3,4.4,4.28,
8/02/2016,4,A,53,w,A-53,55.8,5.19,5.81,
8/02/2016,4,A,54,w,A-54,63.2,4.12,3.93,
8/02/2016,4,A,55,w,A-55,60.4,4.12,4.08,
8/02/2016,4,A,56,w,A-56,64.5,3.91,3.95,
8/02/2016,4,A,57,w,A-57,60.5,4.27,4.34,
8/02/2016,4,A,58,w,A-58,43.5,3.83,3.93,
8/02/2016,4,A,59,w,A-59,60.1,4.46,4.39,
8/02/2016,4,A,60,w,A-60,54.2,4.24,4.21,
8/02/2016,4,B,46,w,B-46,55.2,4.11,4.04,
8/02/2016,4,B,47,w,B-47,55,3.74,3.82,
8/02/2016,4,B,48,w,B-48,53.8,3.91,3.9,
8/02/2016,4,B,49,w,B-49,61.6,4.54,4.47,
8/02/2016,4,B,50,w,B-50,,,,
8/02/2016,4,B,51,w,B-51,41.6,3.16,3.22,
8/02/2016,4,B,52,w,B-52,55.5,4.41,4.53,
8/02/2016,4,B,53,w,B-53,56.5,3.53,3.55,
8/02/2016,4,B,54,w,B-54,60.7,4.63,4.59,
8/02/2016,4,B,55,w,B-55,64.7,4.1,3.78,
8/02/2016,4,B,56,w,B-56,60.1,4.42,4.4,
8/02/2016,4,B,57,w,B-57,45.9,4.04,4.02,
8/02/2016,4,B,58,w,B-58,52.4,3.82,3.87,
8/02/2016,4,B,59,w,B-59,44.6,3.49,3.47,
8/02/2016,4,B,60,w,B-60,45.5,3.08,3.04,
8/02/2016,4,B,46,d,B-46,44.2,3.19,3.19,
8/02/2016,4,B,47,d,B-47,38.5,2.64,2.67,
8/02/2016,4,B,48,d,B-48,45.3,2.79,2.82,
8/02/2016,4,B,49,d,B-49,38.5,3.68,3.76,
8/02/2016,4,B,50,d,B-50,38.2,2.91,2.94,
8/02/2016,4,B,51,d,B-51,43.7,3.72,3.81,
8/02/2016,4,B,52,d,B-52,34.6,3.01,3,
8/02/2016,4,B,53,d,B-53,43.5,3.16,3.07,
8/02/2016,4,B,54,d,B-54,44.1,3.26,3.23,
8/02/2016,4,B,55,d,B-55,43.5,2.62,2.65,
8/02/2016,4,B,56,d,B-56,37.6,3.35,3.21,
8/02/2016,4,B,57,d,B-57,,,,
8/02/2016,4,B,58,d,B-58,40.3,3.22,3.17,
8/02/2016,4,B,59,d,B-59,40.5,3.15,3.16,
8/02/2016,4,B,60,d,B-60,42.5,3.24,3.23,
8/02/2016,4,C,46,w,C-46,46.6,3.49,3.49,
8/02/2016,4,C,47,w,C-47,44.9,3.3,3.36,
8/02/2016,4,C,48,w,C-48,62.3,4.43,4.56,
8/02/2016,4,C,49,w,C-49,63.3,5.44,5.48,
8/02/2016,4,C,50,w,C-50,59.2,3.78,3.79,
8/02/2016,4,C,51,w,C-51,59.4,3.81,3.76,
8/02/2016,4,C,52,w,C-52,41.1,3.61,3.78,
8/02/2016,4,C,53,w,C-53,50.7,3.57,3.58,
8/02/2016,4,C,54,w,C-54,49.8,3.47,3.46,
8/02/2016,4,C,55,w,C-55,57.4,3.88,3.9,
8/02/2016,4,C,56,w,C-56,,,,
8/02/2016,4,C,57,w,C-57,58,4.6,4.45,
8/02/2016,4,C,58,w,C-58,54.1,4.27,4.22,
8/02/2016,4,C,59,w,C-59,63.6,3.98,3.95,
8/02/2016,4,C,60,w,C-60,54,3.53,3.69,
8/02/2016,5,A,61,w,A-61,63.4,4.1,4.13,
8/02/2016,5,A,62,w,A-62,67.3,4.7,5.01,
8/02/2016,5,A,63,w,A-63,65.4,3.01,3.04,
8/02/2016,5,A,64,w,A-64,55.8,3.87,3.9,
8/02/2016,5,A,65,w,A-65,64.3,3.84,3.62,
8/02/2016,5,A,66,w,A-66,66.4,3.57,3.69,
8/02/2016,5,A,67,w,A-67,56.7,3.49,3.6,
8/02/2016,5,A,68,w,A-68,63.5,4.23,4.24,
8/02/2016,5,A,69,w,A-69,63,3.46,3.47,
8/02/2016,5,A,70,w,A-70,,,,
8/02/2016,5,A,71,w,A-71,59.3,4.34,4.32,
8/02/2016,5,A,72,w,A-72,52.9,3.45,3.49,
8/02/2016,5,A,73,w,A-73,70,3.72,3.82,
8/02/2016,5,A,74,w,A-74,68.9,4,4.09,
8/02/2016,5,A,75,w,A-75,52.5,3.69,3.61,
8/02/2016,5,B,61,w,B-61,61.7,3.98,4.06,
8/02/2016,5,B,62,w,B-62,49.6,2.83,2.85,
8/02/2016,5,B,63,w,B-63,58.7,4,3.81,
8/02/2016,5,B,64,w,B-64,67.4,3.81,3.85,
8/02/2016,5,B,65,w,B-65,,,,
8/02/2016,5,B,66,w,B-66,61.4,3,2.86,
8/02/2016,5,B,67,w,B-67,51.4,3.66,3.69,
8/02/2016,5,B,68,w,B-68,58.2,4.49,4.46,
8/02/2016,5,B,69,w,B-69,48.3,3.81,3.59,
8/02/2016,5,B,70,w,B-70,50.9,3.24,2.21,
8/02/2016,5,B,71,w,B-71,52.9,3.37,3.36,
8/02/2016,5,B,72,w,B-72,45.1,2.09,2.01,
8/02/2016,5,B,73,w,B-73,62.9,3.49,3.78,
8/02/2016,5,B,74,w,B-74,41,3.66,3.6,
8/02/2016,5,B,75,w,B-75,51.8,3.89,3.88,
8/02/2016,5,B,61,d,B-61,39.1,2.44,2.53,
8/02/2016,5,B,62,d,B-62,46.7,2.84,2.77,
8/02/2016,5,B,63,d,B-63,54.8,2.96,2.75,
8/02/2016,5,B,64,d,B-64,47.4,2.8,2.98,
8/02/2016,5,B,65,d,B-65,47.2,3.18,3.06,
8/02/2016,5,B,66,d,B-66,42,2.76,2.68,
8/02/2016,5,B,67,d,B-67,42.7,2.8,2.94,
8/02/2016,5,B,68,d,B-68,45.2,2.83,2.69,
8/02/2016,5,B,69,d,B-69,49.1,2.93,2.97,
8/02/2016,5,B,70,d,B-70,53.8,2.89,2.96,
8/02/2016,5,B,71,d,B-71,39,2.85,2.77,
8/02/2016,5,B,72,d,B-72,40.1,2.89,2.85,
8/02/2016,5,B,73,d,B-73,45,2.86,2.89,
8/02/2016,5,B,74,d,B-74,54.3,2.77,2.86,
8/02/2016,5,B,75,d,B-75,,,,
8/02/2016,5,C,61,w,C-61,54.1,3.11,3.21,
8/02/2016,5,C,62,w,C-62,61.7,4.13,4.12,
8/02/2016,5,C,63,w,C-63,51,3.23,3.61,
8/02/2016,5,C,64,w,C-64,53.9,3.6,3.39,
8/02/2016,5,C,65,w,C-65,66.8,3.78,3.85,
8/02/2016,5,C,66,w,C-66,74.4,3.79,3.86,
8/02/2016,5,C,67,w,C-67,61.7,4.19,4.25,
8/02/2016,5,C,68,w,C-68,61.6,3.71,3.48,
8/02/2016,5,C,69,w,C-69,53.6,2.93,2.95,
8/02/2016,5,C,70,w,C-70,47.8,3.23,3.45,
8/02/2016,5,C,71,w,C-71,,,,
8/02/2016,5,C,72,w,C-72,66.3,3.8,3.89,
8/02/2016,5,C,73,w,C-73,60,3.83,3.84,
8/02/2016,5,C,74,w,C-74,60.7,3.84,3.63,
8/02/2016,5,C,75,w,C-75,56,3.3,3.49,
8/02/2016,6,A,76,w,A-76,61.2,3.56,3.47,
8/02/2016,6,A,77,w,A-77,52.4,3.81,3.88,
8/02/2016,6,A,78,w,A-78,,0,0,
8/02/2016,6,A,79,w,A-79,58.6,2.99,3.07,
8/02/2016,6,A,80,w,A-80,59.9,3.99,4.05,
8/02/2016,6,A,81,w,A-81,57,3.14,3.05,
8/02/2016,6,A,82,w,A-82,61.7,3.45,3.45,
8/02/2016,6,A,83,w,A-83,63.8,3.45,3.44,
8/02/2016,6,A,84,w,A-84,53.8,2.66,2.61,
8/02/2016,6,A,85,w,A-85,55.9,2.87,2.89,
8/02/2016,6,A,86,w,A-86,57.9,3.29,3.27,
8/02/2016,6,A,87,w,A-87,52.7,3.36,3.25,
8/02/2016,6,A,88,w,A-88,50,3.19,3.2,
8/02/2016,6,A,89,w,A-89,54,2.62,2.68,
8/02/2016,6,A,90,w,A-90,67.3,3.08,3.07,
8/02/2016,6,B,76,w,B-76,40.5,2.41,2.33,
8/02/2016,6,B,77,w,B-77,58.3,3.09,3.04,
8/02/2016,6,B,78,w,B-78,,,,
8/02/2016,6,B,79,w,B-79,46.7,2.95,3.03,
8/02/2016,6,B,80,w,B-80,52.2,3.44,3.49,
8/02/2016,6,B,81,w,B-81,54.2,3,3.02,
8/02/2016,6,B,82,w,B-82,42.4,2.66,2.67,
8/02/2016,6,B,83,w,B-83,47.8,3.08,3.16,
8/02/2016,6,B,84,w,B-84,48.7,3.02,3.07,
8/02/2016,6,B,85,w,B-85,52.7,3.66,3.64,
8/02/2016,6,B,86,w,B-86,40.5,2.49,2.42,
8/02/2016,6,B,87,w,B-87,57,3.26,3.08,
8/02/2016,6,B,88,w,B-88,61.9,3.03,3.09,
8/02/2016,6,B,89,w,B-89,45.2,2.46,2.4,
8/02/2016,6,B,90,w,B-90,49.6,3.03,3.04,
8/02/2016,6,B,76,d,B-76,33.6,2.53,2.54,
8/02/2016,6,B,77,d,B-77,37.4,2.52,2.53,
8/02/2016,6,B,78,d,B-78,49.6,2.91,2.91,
8/02/2016,6,B,79,d,B-79,44.5,2.17,2.18,
8/02/2016,6,B,80,d,B-80,38.2,1.75,1.77,
8/02/2016,6,B,81,d,B-81,49.1,2.23,2.17,
8/02/2016,6,B,82,d,B-82,43.7,2.25,2.25,
8/02/2016,6,B,83,d,B-83,,,,
8/02/2016,6,B,84,d,B-84,34.5,2.11,2.13,
8/02/2016,6,B,85,d,B-85,40,2.63,2.67,
8/02/2016,6,B,86,d,B-86,47,2.64,2.74,
8/02/2016,6,B,87,d,B-87,34.5,1.65,1.78,
8/02/2016,6,B,88,d,B-88,41.7,2.67,2.62,
8/02/2016,6,B,89,d,B-89,39.4,2.3,2.28,
8/02/2016,6,B,90,d,B-90,42.3,1.97,1.98,
8/02/2016,6,C,76,w,C-76,56.8,2.98,2.81,
8/02/2016,6,C,77,w,C-77,52.9,2.58,2.55,
8/02/2016,6,C,78,w,C-78,58,3.18,3.12,
8/02/2016,6,C,79,w,C-79,44.3,2.06,2.06,
8/02/2016,6,C,80,w,C-80,46.6,2.91,2.87,
8/02/2016,6,C,81,w,C-81,48.7,3.61,3.55,
8/02/2016,6,C,82,w,C-82,,,,
8/02/2016,6,C,83,w,C-83,65.3,3.06,3.03,
8/02/2016,6,C,84,w,C-84,48.2,3.42,3.34,
8/02/2016,6,C,85,w,C-85,36.5,2.88,2.87,
8/02/2016,6,C,86,w,C-86,42.1,2.17,2.18,
8/02/2016,6,C,87,w,C-87,62.3,2.96,2.81,
8/02/2016,6,C,88,w,C-88,51.2,2.81,2.72,
8/02/2016,6,C,89,w,C-89,35.4,3.16,3.29,
8/02/2016,6,C,90,w,C-90,58.4,3.01,2.99,
29/02/2016,1,A,6,w,A-06,46.5,4.32,4.34,
29/02/2016,1,A,10,w,A-10,39.7,5.63,5.65,
29/02/2016,1,A,7,w,A-07,32.4,4.74,4.76,
29/02/2016,1,A,12,w,A-12,41,4.18,4.13,
29/02/2016,1,A,5,w,A-05,38.2,4.76,4.77,
29/02/2016,1,A,11,w,A-11,37,4.96,4.86,
29/02/2016,1,A,9,w,A-09,47.5,4.71,4.75,
29/02/2016,1,A,4,w,A-04,41,5.13,5.09,
29/02/2016,1,B,13,d,B-13,35,3.49,3.35,
29/02/2016,1,B,4,d,B-04,50,4.32,4.56,
29/02/2016,1,B,2,d,B-02,38,3.46,3.47,
29/02/2016,1,B,9,d,B-09,46,4.39,4.33,
29/02/2016,1,B,1,d,B-01,26.5,3.54,3.46,
29/02/2016,1,B,7,d,B-07,42.5,5.11,4.82,
29/02/2016,1,B,3,d,B-03,36.2,4.9,4.96,
29/02/2016,1,B,14,d,B-14,46,4.78,4.79,
29/02/2016,1,B,1,w,B-01,46.3,4.36,4.55,
29/02/2016,1,B,14,w,B-14,39,4.96,4.93,
29/02/2016,1,B,2,w,B-02,40.1,5.07,4.88,
29/02/2016,1,B,6,w,B-06,41,4.77,4.73,
29/02/2016,1,B,15,w,B-15,36,4.24,4.32,
29/02/2016,1,B,10,w,B-10,44.4,5.36,5.22,
29/02/2016,1,B,4,w,B-04,35.5,4.47,4.2,
29/02/2016,1,B,9,w,B-09,41.5,5.12,4.9,
29/02/2016,1,C,8,w,C-08,42.5,3.67,3.74,
29/02/2016,1,C,6,w,C-06,46,4.97,4.92,
29/02/2016,1,C,12,w,C-12,23,3.23,3.29,
29/02/2016,1,C,2,w,C-02,46.5,4.19,3.97,
29/02/2016,1,C,13,w,C-13,51,4,4.18,
29/02/2016,1,C,15,w,C-15,29.5,2.87,2.88,
29/02/2016,1,C,11,w,C-11,49.5,3.57,3.5,
29/02/2016,1,C,14,w,C-14,37.5,4.4,4.29,
29/02/2016,2,A,25,w,A-25,61.5,5.3,5.3,
29/02/2016,2,A,26,w,A-26,62,5.26,5.17,
29/02/2016,2,A,23,w,A-23,53.2,5.41,5.42,
29/02/2016,2,A,27,w,A-27,64.5,5.43,5.5,
29/02/2016,2,A,17,w,A-17,73.5,6.06,6.01,
29/02/2016,2,A,21,w,A-21,65,5.69,5.74,
29/02/2016,2,A,20,w,A-20,50,5,4.91,
29/02/2016,2,A,28,w,A-28,63.8,6.01,5.96,
29/02/2016,2,B,24,d,B-24,51.5,5.14,5.21,
29/02/2016,2,B,26,d,B-26,45.5,4.79,4.69,
29/02/2016,2,B,17,d,B-17,49.5,5.27,5.23,
29/02/2016,2,B,21,d,B-21,52,4.12,4.05,
29/02/2016,2,B,19,d,B-19,55.7,5,4.98,
29/02/2016,2,B,16,d,d-16,59.5,4.84,4.86,
29/02/2016,2,B,18,d,B-18,50.5,4.85,4.94,
29/02/2016,2,B,23,d,B-23,53.2,4.67,4.74,
29/02/2016,2,B,18,w,B-18,64.5,6.46,6.47,
29/02/2016,2,B,23,w,B-23,61.5,5.15,5.33,
29/02/2016,2,B,22,w,B-22,71,5.54,5.57,
29/02/2016,2,B,27,w,B-27,69.2,6.09,6.07,
29/02/2016,2,B,28,w,B-28,72.5,6.02,5.96,
29/02/2016,2,B,24,w,B-24,63,5.52,5.39,
29/02/2016,2,B,29,w,B-29,66,6.3,6.32,
29/02/2016,2,B,20,w,B-20,73,5.87,5.97,
29/02/2016,2,C,19,w,C-19,67.3,5.94,5.95,
29/02/2016,2,C,27,w,C-27,66,5,4.96,
29/02/2016,2,C,20,w,C-20,66.5,5.55,5.48,
29/02/2016,2,C,18,w,C-18,66.5,6.44,6.56,
29/02/2016,2,C,16,w,C-16,55.5,4.96,4.95,
29/02/2016,2,C,30,w,C-30,52.4,5.47,5.43,
29/02/2016,2,C,24,w,C-24,73.3,5.62,5.5,
29/02/2016,2,C,29,w,C-29,63.5,5.52,5.46,
29/02/2016,3,A,44,w,A-44,69.5,5.56,5.51,
29/02/2016,3,A,37,w,A-37,72,5.85,5.78,
29/02/2016,3,A,38,w,A-38,69,5.34,5.29,
29/02/2016,3,A,34,w,A-34,80.5,7.06,7.3,
29/02/2016,3,A,35,w,A-35,70.2,5.29,5.1,
29/02/2016,3,A,40,w,A-40,94.5,6.7,6.81,
29/02/2016,3,A,43,w,A-43,75,6.69,6.76,
29/02/2016,3,A,33,w,A-33,76.5,6.62,6.63,
29/02/2016,3,B,42,d,B-42,66,4.55,4.44,
29/02/2016,3,B,37,d,B-37,66.5,4.51,4.46,
29/02/2016,3,B,34,d,B-34,61,4.45,4.38,
29/02/2016,3,B,33,d,B-33,65.5,4.86,4.68,
29/02/2016,3,B,38,d,B-38,58,4.61,4.52,
29/02/2016,3,B,32,d,B-32,66,4.63,4.55,
29/02/2016,3,B,45,d,B-45,54.5,4.48,4.43,
29/02/2016,3,B,39,d,B-39,61.5,5.54,5.37,
29/02/2016,3,B,45,w,B-45,69,6.01,6.28,
29/02/2016,3,B,32,w,B-32,83,5.93,5.85,
29/02/2016,3,B,40,w,B-40,81,5.51,5.32,
29/02/2016,3,B,41,w,B-41,70.5,6,6.04,
29/02/2016,3,B,43,w,B-43,80,5.56,5.25,
29/02/2016,3,B,35,w,B-35,67.5,6.53,6.57,
29/02/2016,3,B,42,w,B-42,76.5,6.11,6.33,
29/02/2016,3,B,33,w,B-33,77.5,6.37,6.21,
29/02/2016,3,C,38,w,C-38,71,6.42,6.64,
29/02/2016,3,C,32,w,C-32,81,6.55,6.74,
29/02/2016,3,C,43,w,C-43,82.5,5.48,5.53,
29/02/2016,3,C,31,w,C-31,84.5,6.74,6.39,
29/02/2016,3,C,44,w,C-44,71,6.07,6.02,
29/02/2016,3,C,42,w,C-42,89.5,5.31,5.29,
29/02/2016,3,C,37,w,C-37,63.2,7.21,7.24,
29/02/2016,3,C,41,w,C-41,73.7,5.71,5.83,
29/02/2016,4,A,50,w,A-50,81,6.6,6.27,
29/02/2016,4,A,55,w,A-55,85.7,8.27,7.96,
29/02/2016,4,A,60,w,A-60,67.5,7.21,7.13,
29/02/2016,4,A,58,w,A-58,54,5.93,5.92,
29/02/2016,4,A,46,w,A-46,75.5,6.46,6.71,
29/02/2016,4,A,49,w,A-49,90,6.94,6.62,
29/02/2016,4,A,52,w,A-52,84,6.59,6.49,
29/02/2016,4,A,54,w,A-54,89.5,6.3,6.19,
29/02/2016,4,B,51,d,B-51,62.5,4.82,4.69,
29/02/2016,4,B,50,d,B-50,52.8,4.12,4.12,
29/02/2016,4,B,59,d,B-59,61.5,3.81,3.88,
29/02/2016,4,B,55,d,B-55,66.7,3.95,3.87,
29/02/2016,4,B,46,d,B-46,55,3.98,3.79,
29/02/2016,4,B,49,d,B-49,52.5,4.4,4.31,
29/02/2016,4,B,54,d,B-54,65,4.13,4.28,
29/02/2016,4,B,60,d,B-60,61.5,4.21,4.11,
29/02/2016,4,B,54,w,B-54,88.2,6.4,6.63,
29/02/2016,4,B,49,w,B-49,88.2,7.02,7.11,
29/02/2016,4,B,53,w,B-53,87.5,6.44,6.58,
29/02/2016,4,B,58,w,B-58,80,6.59,6.71,
29/02/2016,4,B,47,w,B-47,88,5.85,5.92,
29/02/2016,4,B,48,w,B-48,85,7.34,7.16,
29/02/2016,4,B,59,w,B-59,82.5,6.79,6.69,
29/02/2016,4,B,56,w,B-56,86,7.4,6.86,
29/02/2016,4,C,59,w,C-59,102,6.65,6.85,
29/02/2016,4,C,53,w,C-53,94.5,5.4,5.46,
29/02/2016,4,C,49,w,C-49,94.5,7.76,7.62,
29/02/2016,4,C,57,w,C-57,79.5,6.96,6.84,
29/02/2016,4,C,52,w,C-52,74,6.85,6.53,
29/02/2016,4,C,55,w,C-55,81.5,5.96,5.91,
29/02/2016,4,C,46,w,C-46,79.5,6.08,6.45,
29/02/2016,4,C,60,w,C-60,76.2,5.97,6.02,
29/02/2016,5,A,61,w,A-61,75,5.66,5.74,
29/02/2016,5,A,74,w,A-74,96.5,6.35,6.29,
29/02/2016,5,A,69,w,A-69,90.5,6.04,6.05,
29/02/2016,5,A,75,w,A-75,81,6.74,6.78,
29/02/2016,5,A,68,w,A-68,86,6.79,6.77,
29/02/2016,5,A,62,w,A-62,84.2,7.11,6.99,
29/02/2016,5,A,71,w,A-71,88,6.57,6.65,
29/02/2016,5,A,67,w,A-67,76.5,7.03,6.79,
29/02/2016,5,B,73,d,B-73,65,3.96,4.02,
29/02/2016,5,B,69,d,B-69,75,4.2,3.99,
29/02/2016,5,B,70,d,B-70,72.3,3.97,4.02,
29/02/2016,5,B,67,d,B-67,57,3.61,3.53,
29/02/2016,5,B,61,d,B-61,54,3.49,3.39,
29/02/2016,5,B,66,d,B-66,58.5,3.6,3.59,
29/02/2016,5,B,74,d,B-74,70.2,3.73,3.68,
29/02/2016,5,B,64,d,B-64,63.5,4.01,4.17,
29/02/2016,5,B,71,w,B-71,89,5.38,5.19,
29/02/2016,5,B,69,w,B-69,67,6.6,6.5,
29/02/2016,5,B,61,w,B-61,100,7.06,7.29,
29/02/2016,5,B,64,w,B-64,107,6.31,6.19,
29/02/2016,5,B,74,w,B-74,55,5.89,5.72,
29/02/2016,5,B,70,w,B-70,71.5,5.31,5.08,
29/02/2016,5,B,63,w,B-63,89,6.17,6.19,
29/02/2016,5,B,73,w,B-73,97,6.38,6.29,
29/02/2016,5,C,67,w,C-67,82.5,6.67,6.5,
29/02/2016,5,C,65,w,C-65,102,5.7,5.78,
29/02/2016,5,C,75,w,C-75,77.3,5.12,5.06,
29/02/2016,5,C,73,w,C-73,84,5.91,5.84,
29/02/2016,5,C,72,w,C-72,102,6.17,6.18,
29/02/2016,5,C,69,w,C-69,79.5,4.52,4.95,
29/02/2016,5,C,70,w,C-70,80,5.9,5.45,
29/02/2016,5,C,66,w,C-66,91,6.09,6.07,
29/02/2016,6,A,83,w,A-83,89,4.99,4.96,
29/02/2016,6,A,81,w,A-81,75.5,4.49,4.42,
29/02/2016,6,A,84,w,A-84,70,3.39,3.46,
29/02/2016,6,A,86,w,A-86,75.5,4.77,4.81,
29/02/2016,6,A,82,w,A-82,85,5.16,5.21,
29/02/2016,6,A,89,w,A-89,70,4.47,4.55,
29/02/2016,6,A,79,w,A-79,74.2,4.48,4.46,
29/02/2016,6,A,90,w,A-90,86,4.6,4.65,
29/02/2016,6,B,87,d,B-87,45,2.04,2.05,
29/02/2016,6,B,89,d,B-89,53,2.62,2.65,
29/02/2016,6,B,84,d,B-84,46.5,2.31,2.38,
29/02/2016,6,B,80,d,B-80,50.7,2.25,2.26,
29/02/2016,6,B,78,d,B-78,56.5,3.19,3.08,
29/02/2016,6,B,88,d,B-88,54,2.73,3.09,
29/02/2016,6,B,86,d,B-86,63.2,2.8,2.82,
29/02/2016,6,B,90,d,B-90,57.5,2.43,2.24,
29/02/2016,6,B,84,w,B-84,63,3.59,3.61,
29/02/2016,6,B,88,w,B-88,83.2,4.46,4.21,
29/02/2016,6,B,80,w,B-80,69.5,5,5.1,
29/02/2016,6,B,83,w,B-83,65.5,4.49,4.44,
29/02/2016,6,B,82,w,B-82,69.5,4.4,4.2,
29/02/2016,6,B,79,w,B-79,67,5.08,5.04,
29/02/2016,6,B,85,w,B-85,76,5.56,5.52,
29/02/2016,6,B,76,w,B-76,57.5,3.49,3.48,
29/02/2016,6,C,79,w,C-79,67.5,3.6,3.56,
29/02/2016,6,C,87,w,C-87,84,3.87,3.76,
29/02/2016,6,C,76,w,C-76,79.2,4.39,4.6,
29/02/2016,6,C,78,w,C-78,78.2,4.81,4.53,
29/02/2016,6,C,86,w,C-86,54,2.93,3.1,
29/02/2016,6,C,80,w,C-80,70.5,4.11,4.16,
29/02/2016,6,C,81,w,C-81,65,5.17,5.25,
29/02/2016,6,C,90,w,C-90,80,3.91,4.1,
